customer_id,customer_name,age,monthly_income,monthly_expense,existing_emi,avg_balance,credit_score,digital_transactions,loan_inquiries,salary_consistency,property_interest,vehicle_interest,conversion,avg_salary_credit,avg_monthly_spending,avg_account_balance,foir,repayment_capacity,behavior_score,lead_score
1,Patty Garcia,59,70000,51120,12809,391436,752,141,2,0.64,0,0,0,70212.66666666667,48350.75,390589.9166666667,18.3,6071,66.24117647058823,100.0
2,Dustin Hubbard,37,70000,29602,13218,318565,703,125,3,0.67,1,1,0,71475.58333333333,28913.666666666668,317844.5,18.88,27180,64.11176470588235,100.0
3,Brian Heath,42,50000,28724,4786,391513,780,276,4,0.82,1,0,1,50069.166666666664,30161.666666666668,393453.3333333333,9.57,16490,87.92941176470589,100.0
4,Bob Anderson,59,150000,83144,15652,499897,700,253,3,0.7,0,0,0,151672.25,82058.0,501864.5833333333,10.43,51204,78.00588235294117,100.0
5,Tara Davenport,56,50000,31722,10118,204599,848,147,1,0.94,0,0,1,50442.333333333336,32457.833333333332,204519.16666666666,20.24,8160,82.22941176470589,100.0
6,Austin Fox,28,200000,127675,15403,1051048,836,41,4,0.79,1,0,0,203036.08333333334,134488.83333333334,1051799.75,7.7,56922,65.20588235294117,100.0
7,Kelly Alexander,47,40000,28037,7407,247283,692,265,4,0.72,0,0,0,39392.416666666664,28033.416666666668,248089.58333333334,18.52,4556,79.7235294117647,100.0
8,Michael Williams,50,50000,33403,3385,231691,832,248,1,0.99,1,0,1,49316.25,32256.5,231842.08333333334,6.77,13212,93.76470588235294,100.0
9,Alexander Orr,52,30000,16972,5129,170853,729,266,1,0.61,0,1,0,29824.083333333332,17531.0,168674.33333333334,17.1,7899,76.72941176470587,100.0
10,Jeffrey Powell,59,200000,144460,42920,914792,662,298,0,0.7,0,0,0,200404.5,142928.91666666666,911604.1666666666,21.46,12620,81.16470588235293,100.0
11,Kendra Spencer,29,40000,28270,1466,203198,815,155,4,0.75,1,1,0,40910.916666666664,29025.0,203108.25,3.66,10264,74.26470588235294,100.0
12,Brittany Johnston,38,200000,120351,34787,945449,766,73,2,0.96,0,0,1,202514.0,119489.08333333333,943447.3333333334,17.39,44862,72.73529411764706,100.0
13,Sarah Allen,53,40000,14589,1338,83281,704,25,3,0.93,1,1,0,40306.333333333336,14576.75,84093.33333333333,3.34,24073,64.54705882352941,100.0
14,Brandon Petty DVM,54,40000,20275,4374,296998,701,268,0,0.91,0,0,0,39614.166666666664,19965.25,297851.1666666667,10.94,15351,87.94117647058823,100.0
15,Marilyn Peters,54,30000,16541,5177,67076,696,140,2,0.97,0,0,0,29885.166666666668,16566.75,67014.5,17.26,8282,77.36470588235294,100.0
16,Carl Clements,38,200000,116735,36841,1069290,817,255,2,0.75,0,1,0,205396.08333333334,115297.41666666667,1069874.9166666667,18.42,46424,84.33529411764707,100.0
17,Brooke Young,40,30000,16858,5304,198200,687,158,3,0.73,0,0,0,30353.5,17187.833333333332,198525.75,17.68,7838,69.24705882352941,100.0
18,Kaitlin Greer,45,40000,27065,4391,170466,828,144,0,0.9,0,0,1,40137.083333333336,27683.5,170881.75,10.98,8544,79.62352941176471,100.0
19,James Savage,56,70000,44553,10483,487255,723,57,1,0.98,0,0,1,70105.75,46961.166666666664,484981.75,14.98,14964,70.41764705882353,100.0
20,Jennifer Harris,58,40000,21451,4808,300429,777,270,2,0.7,0,0,0,39847.416666666664,21158.0,299240.1666666667,12.02,13741,82.4235294117647,100.0
21,Lori Dickson,30,40000,28358,5265,272179,704,197,4,0.76,0,0,0,39645.25,28224.75,270598.5,13.16,6377,74.94705882352942,100.0
22,Tiffany Suarez,58,150000,74265,32290,497559,735,299,0,0.95,0,1,1,150336.16666666666,77445.91666666667,496338.8333333333,21.53,43445,93.84117647058824,100.0
23,Leah Gilmore,22,70000,51341,3226,177941,764,48,4,0.93,0,1,1,68602.41666666667,55003.333333333336,175907.0,4.61,15433,68.96470588235294,100.0
24,Tammy Walton,36,50000,32144,10082,297635,767,217,0,0.96,0,0,1,51516.416666666664,32736.5,299748.8333333333,20.16,7774,87.17058823529412,100.0
25,Sarah Schneider,22,200000,106955,49517,400285,662,160,1,0.98,1,1,0,195414.5,109759.41666666667,401205.25,24.76,43528,78.56470588235294,100.0
26,Melissa Griffith,30,50000,21030,2756,155931,652,281,4,0.62,1,1,0,51089.833333333336,21059.833333333332,157946.5,5.51,26214,75.91176470588235,100.0
27,Jose Ryan,52,150000,88044,30925,613028,747,59,2,0.95,1,0,1,150823.5,87441.33333333333,613281.75,20.62,31031,70.26470588235294,100.0
28,Juan Bradford III,50,100000,39100,23430,612731,717,238,0,0.91,1,0,0,97699.08333333333,40288.083333333336,612411.75,23.43,37470,85.50588235294117,100.0
29,Mariah Merritt,21,40000,28305,2299,131145,713,299,3,0.83,0,0,0,39463.416666666664,28679.416666666668,134198.66666666666,5.75,9396,88.26470588235294,100.0
30,James Boyd,28,50000,27110,1311,172613,770,65,3,0.88,0,0,1,50390.166666666664,27665.333333333332,170352.83333333334,2.62,21579,68.87647058823529,100.0
31,Tiffany Anderson,31,40000,14965,2471,118290,694,262,1,0.73,0,0,0,40487.0,14440.916666666666,118525.58333333333,6.18,22564,79.89411764705882,100.0
32,Roy Williams,32,50000,29959,7894,319933,748,27,3,0.96,0,0,1,50124.916666666664,27618.25,320417.25,15.79,12147,67.5,100.0
33,Jeffrey Hatfield,57,30000,20630,6042,165363,783,127,2,0.64,0,0,0,30212.666666666668,19686.083333333332,163966.16666666666,20.14,3328,65.93529411764706,100.0
34,Tony Mitchell,46,50000,31164,6214,285354,785,251,0,0.61,1,0,0,50441.5,32719.916666666668,285755.75,12.43,12622,77.20588235294119,100.0
35,Kevin Sanchez,53,30000,17048,3333,62640,660,129,1,0.9,0,0,0,29983.416666666668,17614.166666666668,62019.416666666664,11.11,9619,72.19411764705883,100.0
36,Parker Pugh,33,70000,47548,9143,191753,757,93,4,0.67,0,1,0,68997.66666666667,46534.416666666664,190850.25,13.06,13309,62.817647058823525,100.0
37,Russell Chavez,37,150000,53918,24073,846384,809,30,1,0.7,0,0,0,147529.75,51914.25,845640.5,16.05,72009,59.55294117647059,100.0
38,Deborah Cooper,50,70000,26183,9840,542202,726,227,1,0.64,0,1,0,69098.08333333333,25230.583333333332,543356.0833333334,14.06,33977,73.92352941176472,100.0
39,Kelly Wall,57,70000,30338,16285,188873,731,177,1,0.95,1,1,1,68654.75,29879.166666666668,189050.91666666666,23.26,23377,81.5,100.0
40,Alan Graham,43,50000,25229,7055,157534,738,149,2,0.9,0,0,1,49193.75,23855.0,154080.75,14.11,17716,76.9470588235294,100.0
41,Kenneth Johnson,41,100000,67061,23989,492712,837,210,4,0.94,0,0,1,100446.83333333333,68147.41666666667,493223.5833333333,23.99,8950,88.14117647058823,100.0
42,Jason Patel,37,100000,55343,9689,477168,788,230,2,0.67,0,0,0,102542.58333333333,56013.416666666664,476064.0833333333,9.69,34968,77.61176470588235,100.0
43,Erik Camacho,40,100000,62039,12401,207628,798,141,0,0.7,0,0,0,98554.08333333333,63772.0,209101.66666666666,12.4,25560,70.26470588235294,100.0
44,William Sosa,54,50000,23718,9279,344535,804,85,0,0.75,0,0,0,49861.083333333336,23027.416666666668,343234.3333333333,18.56,17003,66.87647058823529,100.0
45,Christopher Olson,24,150000,81695,22476,841931,837,79,2,0.8,0,0,0,150418.33333333334,81614.75,841472.6666666666,14.98,45829,69.44117647058825,100.0
46,Aaron Reilly,39,40000,27643,2255,170459,713,68,4,0.78,0,0,0,39976.0,27709.166666666668,170465.41666666666,5.64,10102,63.16470588235294,100.0
47,Mary Baldwin,52,50000,36767,7002,381046,819,173,3,0.92,0,0,1,50033.75,35461.5,378635.75,14.0,6231,83.00588235294119,100.0
48,Thomas Rodgers,30,50000,18539,9828,160409,784,296,3,0.82,1,1,1,49251.166666666664,17910.083333333332,161423.41666666666,19.66,21633,90.07058823529411,100.0
49,Angela Olson,23,50000,23038,12294,142213,778,27,4,0.89,1,0,1,50542.5,25404.583333333332,141710.58333333334,24.59,14668,65.75882352941177,100.0
50,Carlos Mitchell,41,70000,47627,1761,240747,829,53,0,0.9,0,0,1,69072.75,47346.416666666664,235569.75,2.52,20612,70.55882352941177,100.0
51,Kevin Mckinney Jr.,58,150000,104373,20499,642360,679,103,0,0.62,1,1,0,148104.91666666666,108273.25,645298.1666666666,13.67,25128,59.06470588235294,100.0
52,Russell Wright,50,70000,40818,17420,499392,798,295,4,0.84,0,0,1,69278.5,41280.666666666664,499632.5,24.89,11762,91.26470588235294,100.0
53,Candace Richards,39,70000,37649,7883,338647,748,161,2,0.78,0,0,0,70046.16666666667,36766.833333333336,339892.0833333333,11.26,24468,73.7,100.0
54,Michelle Norman,43,150000,67956,2232,843415,731,165,1,0.87,1,0,1,148925.08333333334,67904.75,843682.1666666666,1.49,79812,77.1,100.0
55,Christopher Thompson,58,70000,35346,14907,309637,822,92,4,0.94,0,0,1,70454.33333333333,33138.25,312810.3333333333,21.3,19747,75.81176470588235,100.0
56,Wesley Coleman,25,150000,54152,18954,1167615,653,173,2,0.68,1,0,0,150719.41666666666,54333.0,1166781.1666666667,12.64,76894,67.54705882352941,100.0
57,Robert Martin,48,200000,81135,22202,1151481,788,292,2,0.95,0,0,1,202925.25,80600.16666666667,1148652.5833333333,11.1,96663,95.01176470588236,100.0
58,Tammy Rodriguez,37,50000,35389,5699,233036,824,258,3,0.92,0,1,1,50476.583333333336,36127.666666666664,233465.41666666666,11.4,8912,91.68235294117648,100.0
59,Duane Hill,21,70000,44100,1827,307622,683,279,2,0.74,0,1,0,70434.33333333333,42711.333333333336,306853.5,2.61,24073,81.60588235294118,100.0
60,Stephanie Woods,40,40000,17870,7139,277408,801,41,3,0.66,1,0,0,40317.583333333336,17441.75,277324.1666666667,17.85,14991,58.77058823529412,100.0
61,Andrew Johnson,33,100000,73641,19025,770463,824,113,0,0.64,1,0,0,95174.91666666667,74709.5,772349.1666666666,19.02,7334,65.98235294117647,100.0
62,Kristen Kline,30,150000,67013,34165,1054438,730,157,2,0.8,0,0,0,149094.75,68301.0,1057913.0833333333,22.78,48822,73.46470588235294,100.0
63,Dr. Tracy Macias,23,100000,44129,6165,490446,728,143,3,0.62,1,1,0,103409.83333333333,44203.416666666664,489143.3333333333,6.16,49706,64.79411764705883,100.0
64,Joe Medina,52,100000,72962,24057,572545,711,105,1,0.82,0,0,0,104724.66666666667,74661.91666666667,571600.9166666666,24.06,2981,68.39411764705882,100.0
65,Monique Hayes,29,100000,35361,8925,755716,819,274,2,0.62,1,0,0,98737.25,35508.083333333336,756784.8333333334,8.92,55714,81.10588235294117,100.0
66,Paul Johnston,21,30000,12278,5096,100480,717,216,2,0.83,0,0,0,30270.666666666668,12025.916666666666,102244.0,16.99,12626,80.10588235294117,100.0
67,George Sims,26,100000,63925,5014,322147,734,231,2,0.95,0,0,1,98958.5,66232.58333333333,323094.6666666667,5.01,31061,87.00588235294117,100.0
68,Michelle Smith,37,30000,15885,1192,92435,816,217,0,0.65,0,1,0,29863.25,15643.833333333334,92123.16666666667,3.97,12923,76.5,100.0
69,Dawn Ward,47,150000,59609,36056,942969,796,223,2,0.95,1,0,1,153417.0,60881.75,945483.5,24.04,54335,88.39411764705882,100.0
70,Daniel Holloway,34,200000,103466,37546,521647,678,299,1,0.98,1,0,0,203987.75,100433.91666666667,520879.1666666667,18.77,58988,93.02941176470588,100.0
71,Alicia Tran PhD,56,50000,29453,10826,384020,803,285,4,0.98,1,1,1,50162.416666666664,29860.083333333332,382155.0833333333,21.65,9721,96.04117647058824,100.0
72,Brandon Brooks,53,30000,10689,578,224010,710,180,2,0.84,0,0,0,31058.333333333332,10918.083333333334,222711.33333333334,1.93,18733,76.65882352941176,100.0
73,Donna Shannon,33,70000,41026,7133,337200,737,226,0,0.91,0,0,1,70006.41666666667,42976.833333333336,334147.5833333333,10.19,21841,85.01176470588234,100.0
74,Matthew Holland,37,70000,48545,13096,324468,678,258,4,0.76,1,0,0,68859.0,46725.5,324950.4166666667,18.71,8359,80.12941176470588,100.0
75,Nicholas Kidd,33,150000,87024,830,1150602,697,264,4,0.73,0,0,0,146606.83333333334,89746.66666666667,1150362.5,0.55,62146,80.19999999999999,100.0
76,David Harvey,32,200000,113340,48403,479877,706,68,4,0.78,0,1,0,202787.83333333334,109130.33333333333,479020.5833333333,24.2,38257,62.91764705882353,100.0
77,Vicki Lewis,36,200000,118432,21658,1329163,711,189,4,0.89,0,0,0,205708.91666666666,120642.41666666667,1332694.1666666667,10.83,59910,79.59411764705882,100.0
78,Michael Baird,28,30000,16067,1980,134743,745,182,4,0.85,1,1,1,29608.333333333332,15703.75,137944.66666666666,6.6,11953,78.49411764705883,100.0
79,Erin Mercado,52,70000,25590,14649,400201,748,22,4,0.95,0,0,1,72214.66666666667,26992.416666666668,398317.5833333333,20.93,29761,66.60000000000001,100.0
80,Hector Villanueva,24,30000,12652,5288,141930,824,228,4,0.98,0,0,1,30510.333333333332,12774.833333333334,144675.66666666666,17.63,12060,91.08235294117647,100.0
81,Alicia Sanchez,28,200000,137791,3119,802334,702,138,3,0.93,1,1,0,194792.16666666666,128768.41666666667,803785.9166666666,1.56,59090,75.7764705882353,100.0
82,James Parrish,48,150000,100728,5143,822629,817,147,2,0.6,0,1,0,151373.0,108030.0,820052.0,3.43,44129,67.53529411764706,100.0
83,Jeremy Pruitt,46,150000,91184,8618,797396,674,179,2,0.66,0,0,0,152560.91666666666,89907.75,794320.0833333334,5.75,50198,68.08823529411765,100.0
84,James Allison,28,50000,22262,11355,240420,805,208,1,0.9,0,0,1,50181.583333333336,22280.416666666668,241466.66666666666,22.71,16383,85.21176470588235,100.0
85,Martin Bennett,37,30000,13343,5080,161840,800,75,1,0.73,1,0,0,30338.916666666668,12768.0,164005.5,16.93,11577,64.93529411764706,100.0
86,Sean Davis,47,30000,13379,5325,109130,768,161,4,0.78,0,0,0,30298.666666666668,12593.5,107489.33333333333,17.75,11296,74.40588235294118,100.0
87,Taylor Rose,25,150000,106644,12898,959700,845,110,1,0.64,1,0,0,150693.66666666666,97542.75,958866.5833333334,8.6,30458,66.4235294117647,100.0
88,Shane Richardson,41,200000,135655,23867,820982,657,209,0,0.73,0,0,0,200992.91666666666,134823.5,822953.1666666666,11.93,40478,73.28823529411764,100.0
89,Jacob Cook,44,100000,52527,22481,777356,748,183,4,0.81,0,0,1,99688.5,52206.333333333336,777143.75,22.48,24992,77.10000000000001,100.0
90,Tammy Ramos,52,40000,27507,4840,203382,655,131,2,0.82,1,0,0,40967.75,26853.5,206287.16666666666,12.1,7653,69.01764705882353,100.0
91,Edgar Carroll,54,40000,17741,237,280387,822,228,1,0.97,0,0,1,38746.75,17676.583333333332,283538.0,0.59,22022,90.61176470588235,100.0
92,Daniel Thomas,27,100000,69825,18977,636517,792,247,3,0.66,0,1,0,102200.0,69493.75,635201.0,18.98,11198,79.0529411764706,100.0
93,Todd Chan,27,70000,51863,13891,416957,834,208,2,0.99,1,0,1,70452.33333333333,53360.333333333336,415756.8333333333,19.84,4246,89.83529411764705,100.0
94,Mr. Matthew Saunders DDS,45,100000,53562,23576,394291,754,61,4,0.86,0,0,1,100682.5,55118.333333333336,393707.5833333333,23.58,22862,67.11176470588235,100.0
95,Jennifer Stewart,34,200000,125826,45013,1350629,810,183,3,0.98,0,0,1,195138.91666666666,128525.58333333333,1348153.4166666667,22.51,29161,86.08823529411764,100.0
96,Virginia Vega,42,40000,23714,3887,137671,778,231,3,0.64,0,1,0,40581.5,24450.0,137569.58333333334,9.72,12399,76.15882352941176,100.0
97,Jasmine Patrick,46,200000,116845,27068,503238,688,287,2,0.86,1,0,0,206005.33333333334,126160.16666666667,500781.4166666667,13.53,56087,87.38235294117648,100.0
98,Nicole Harris,46,30000,11244,2544,151067,727,54,3,1.0,0,0,1,29698.166666666668,10749.25,151941.91666666666,8.48,16212,71.05882352941177,100.0
99,Morgan King,47,150000,61401,6453,1090892,748,66,2,0.77,0,0,0,152212.16666666666,64397.25,1091062.5833333333,4.3,82146,63.800000000000004,100.0
100,Nicole Cooley,59,100000,39658,3177,313570,815,205,0,0.93,0,0,1,97930.58333333333,38416.833333333336,312897.6666666667,3.18,57165,86.46470588235294,100.0
101,William Pierce,23,200000,85533,23721,408800,844,64,4,1.0,0,0,1,196820.5,84448.91666666667,408371.1666666667,11.86,90746,76.18823529411765,100.0
102,Tamara Stephens,23,40000,23589,7286,155687,743,288,4,0.64,0,1,0,40317.083333333336,24173.75,157387.0,18.22,9125,80.62352941176471,100.0
103,Stephanie Jenkins,55,70000,52334,193,446672,734,251,4,1.0,0,0,1,69917.0,50651.75,443770.8333333333,0.28,17473,91.00588235294117,100.0
104,Stanley Zuniga,31,150000,58780,4822,816465,801,38,1,0.89,0,0,1,152020.58333333334,57532.75,815805.1666666666,3.21,86398,67.67058823529412,100.0
105,David Davenport,24,30000,10741,1153,219510,654,295,1,0.95,1,0,0,30361.0,10360.333333333334,218915.25,3.84,18106,90.58235294117647,100.0
106,Benjamin Mitchell,55,40000,17305,3132,232656,708,163,0,0.75,1,1,0,40921.333333333336,17425.0,231449.75,7.83,19563,71.28823529411764,100.0
107,Sarah Gray,52,150000,104010,4938,934536,840,219,3,0.85,0,0,1,154041.16666666666,104600.41666666667,933985.4166666666,3.29,41052,85.54705882352941,100.0
108,Nathan Davidson,33,30000,12087,7331,164873,765,260,4,0.99,0,0,1,30322.916666666668,12526.333333333334,163077.66666666666,24.44,10582,92.6,100.0
109,Juan Ayala,42,150000,97037,6293,408327,759,116,1,0.89,0,0,1,151223.16666666666,95050.16666666667,407018.6666666667,4.2,46670,73.98823529411764,100.0
110,Gabriel Wiggins,49,100000,56386,21469,395528,691,203,2,0.61,1,0,0,100404.66666666667,58249.5,394185.4166666667,21.47,22145,69.08823529411765,100.0
111,Connie Mullins,46,70000,46044,16358,521864,770,206,3,0.84,0,1,1,70993.16666666667,47131.166666666664,521299.0833333333,23.37,7598,81.37647058823529,100.0
112,Jennifer Graham,55,200000,120285,31663,940338,818,170,2,0.93,0,1,1,199082.41666666666,119164.83333333333,943780.4166666666,15.83,48052,83.07058823529412,100.0
113,Monica Smith,58,30000,11466,1103,113635,794,235,4,0.94,0,0,1,29741.666666666668,11983.583333333334,114190.66666666667,3.68,17431,89.12352941176471,100.0
114,Joseph Gates,53,40000,22856,2992,183405,833,150,2,0.92,1,1,1,40461.5,23124.833333333332,184692.75,7.48,14152,81.2,100.0
115,Teresa Rodriguez,56,40000,14353,3579,160078,730,273,3,0.9,1,1,1,39693.5,14316.75,160130.91666666666,8.95,22068,89.06470588235294,100.0
116,Janice Norman,34,200000,127539,46508,1033105,683,188,1,0.89,0,0,0,199794.91666666666,128621.0,1032387.4166666666,23.25,25953,78.50588235294119,100.0
117,William Giles,46,150000,102684,32343,584397,723,164,2,0.9,0,0,1,151595.16666666666,102000.5,584229.75,21.56,14973,77.91764705882352,100.0
118,Joshua Terry,31,40000,29521,8650,224190,689,108,3,0.94,0,0,0,39729.083333333336,30382.5,222253.08333333334,21.62,1829,72.71764705882352,100.0
119,Corey Wagner,48,50000,23519,2300,326935,714,30,3,0.85,0,0,0,49654.166666666664,23739.833333333332,325843.0,4.6,24181,62.2,100.0
120,Sandra Wood,35,150000,71118,14967,518031,659,23,1,0.62,0,0,0,145477.75,71378.41666666667,516555.9166666667,9.98,63915,50.358823529411765,100.0
121,Amanda Holmes,54,200000,142794,35863,1098484,760,46,3,0.98,0,0,1,201301.66666666666,146597.66666666666,1097927.5,17.93,21343,70.62352941176471,100.0
122,Christopher Duncan,41,30000,19145,2113,93174,698,284,0,0.91,0,0,0,30116.333333333332,19454.583333333332,93541.0,7.04,8742,89.43529411764706,100.0
123,Kim Gardner,40,70000,27730,15219,338335,761,217,2,0.7,0,1,0,69743.66666666667,28474.75,340535.4166666667,21.74,27051,76.55882352941177,100.0
124,Andrew Nunez,48,70000,46732,10088,283669,725,167,0,0.68,1,0,0,68862.16666666667,43695.75,286036.6666666667,14.41,13180,69.48823529411764,100.0
125,Randy Francis,45,30000,19467,359,230733,757,197,1,0.72,1,0,0,30591.166666666668,18396.25,235477.41666666666,1.2,10174,75.21764705882353,100.0
126,Lauren Davis,39,100000,50636,24411,772799,652,187,2,0.71,0,1,0,102290.16666666667,50077.75,772112.0833333334,24.41,24953,70.11176470588235,100.0
127,Patrick James,31,100000,54680,7755,309058,809,39,0,0.62,0,0,0,99503.16666666667,55726.083333333336,307784.6666666667,7.75,37565,57.25294117647059,100.0
128,William Stout,47,40000,18119,1356,142411,687,245,4,0.93,1,0,0,40985.583333333336,18340.0,137764.66666666666,3.39,20525,85.94705882352942,100.0
129,James Gardner,32,70000,39208,1155,548478,826,237,4,0.9,0,0,1,71015.25,38718.25,549196.5,1.65,29637,88.8529411764706,100.0
130,Mr. William Butler Jr.,27,200000,101727,6243,1030534,825,185,4,0.73,0,0,0,196295.0,104684.58333333333,1029146.25,3.12,92030,76.81764705882352,100.0
131,Robert Kerr,44,150000,89773,1802,735217,673,54,3,0.69,0,1,0,148598.75,89420.91666666667,736323.8333333334,1.2,58425,56.752941176470586,100.0
132,Mark Weaver,39,30000,11786,3176,141426,758,200,3,0.67,1,1,0,29244.5,12132.333333333334,140502.08333333334,10.59,15038,73.55294117647058,100.0
133,Matthew Morgan,56,40000,18287,9122,231962,802,162,1,0.61,0,0,0,40122.833333333336,18390.75,233253.41666666666,22.8,12591,68.90588235294118,100.0
134,Roberto Montgomery,33,200000,148894,41042,737772,838,265,0,0.86,1,1,1,197407.41666666666,154591.58333333334,735336.5833333334,20.52,10064,90.47647058823529,100.0
135,Joshua Wilson,29,50000,34531,10797,222032,777,230,2,0.61,0,0,0,50869.75,32409.0,220663.41666666666,21.59,4672,74.8235294117647,100.0
136,Brandi Harrison,49,40000,28637,3354,308543,816,159,2,0.85,1,0,1,38815.25,28778.916666666668,306995.3333333333,8.38,8009,78.7,100.0
137,Beverly Anderson,31,200000,134042,42282,1162317,792,61,0,0.61,1,1,0,199528.58333333334,133944.25,1162095.25,21.14,23676,58.45294117647059,100.0
138,Ann Frost,55,50000,20498,6719,272737,743,193,4,0.99,0,0,1,49472.5,20279.0,271413.6666666667,13.44,22783,85.12352941176471,100.0
139,Annette Deleon,32,100000,69131,21403,259542,761,191,0,0.64,0,0,0,96451.41666666667,69475.66666666667,259231.91666666666,21.4,9466,71.55882352941177,100.0
140,Scott Simmons,37,50000,22266,9924,245944,733,215,1,0.7,1,0,0,47839.75,22789.5,245242.08333333334,19.85,17810,75.37058823529412,100.0
141,Robert Campbell,37,150000,82081,3072,476382,758,210,2,0.75,1,0,0,147077.91666666666,80644.75,476623.75,2.05,64847,77.75294117647059,100.0
142,Laura Hall,30,50000,37371,2186,301793,716,200,3,0.87,0,0,0,49743.166666666664,35640.333333333336,302060.1666666667,4.37,10443,80.07058823529411,100.0
143,Kelly Herrera,35,50000,30273,1765,376188,725,175,3,0.6,1,0,0,50231.166666666664,29487.916666666668,377001.0,3.53,17962,67.08823529411765,100.0
144,Nathaniel Palmer,23,200000,141517,45989,513819,755,77,0,0.9,0,0,1,200234.83333333334,144858.25,513888.9166666667,22.99,12494,70.34705882352941,100.0
145,Mark Martin,39,50000,18748,4799,233332,681,216,0,0.77,1,0,0,50854.666666666664,18682.833333333332,234692.58333333334,9.6,26453,76.43529411764706,100.0
146,Brian Chen,40,30000,15615,3317,180360,844,31,1,0.62,0,0,0,30338.25,16312.916666666666,179695.0,11.06,11068,57.68823529411765,100.0
147,Ashley Porter,48,70000,34489,2874,351562,669,189,3,0.85,0,0,0,70648.08333333333,36656.666666666664,347955.4166666667,4.11,32637,76.51176470588234,100.0
148,Ricardo Martin,56,40000,17332,2052,125484,728,92,1,0.95,1,0,1,39833.583333333336,17322.333333333332,126985.66666666667,5.13,20616,72.89411764705882,100.0
149,Michael Lewis,43,150000,88536,2342,949102,815,231,1,0.99,0,1,1,149101.16666666666,92573.5,950569.5833333334,1.56,59122,91.46470588235294,100.0
150,William Hess,44,200000,72067,11088,1336565,743,244,1,0.94,0,0,1,196641.41666666666,77015.5,1338218.6666666667,5.54,116845,88.2235294117647,100.0
151,Larry Coleman,49,50000,26698,7587,156549,762,184,4,0.71,0,0,0,49334.0,26216.0,156922.08333333334,15.17,15715,73.69411764705882,100.0
152,Brian Thompson,39,30000,21451,6553,150327,799,65,0,0.79,0,0,0,30539.166666666668,22085.666666666668,149651.75,21.84,1996,66.3,100.0
153,Noah Osborn,21,70000,51735,5002,169866,661,189,1,0.88,0,0,0,69662.16666666667,50045.25,169306.0,7.15,13263,77.42941176470589,100.0
154,Shannon Hess,40,40000,26683,2791,235127,685,222,3,0.65,1,0,0,39922.666666666664,25123.416666666668,233462.41666666666,6.98,10526,72.37647058823529,100.0
155,Derek Martinez,56,70000,49791,1724,237473,799,165,3,0.65,0,0,0,70197.5,49386.5,239392.41666666666,2.46,18485,70.7,100.0
156,Michael Hunter,35,50000,25657,3592,267363,690,234,3,0.78,1,0,0,49751.833333333336,25788.0,269244.5833333333,7.18,20751,78.95294117647059,100.0
157,Craig White II,25,200000,92846,48080,775413,756,164,0,0.64,0,0,0,205078.5,94348.91666666667,776063.25,24.04,59074,68.68235294117648,100.0
158,Evan Conrad,41,40000,16671,1211,100498,759,134,1,0.72,0,0,0,39966.416666666664,17085.916666666668,99433.58333333333,3.03,22118,68.98823529411764,100.0
159,Diana Singh,30,200000,144538,10343,829862,812,272,0,0.96,1,0,1,198479.41666666666,150068.83333333334,828286.5833333334,5.17,45119,94.25882352941177,100.0
160,Jeffrey Elliott,46,150000,91744,19184,443032,737,230,0,0.79,0,1,0,153082.33333333334,92388.0,442835.1666666667,12.79,39072,80.61176470588235,100.0
161,Cristina Silva,58,150000,77300,20498,692442,839,71,0,0.87,0,0,1,152746.08333333334,73246.08333333333,692444.75,13.67,52202,71.51176470588234,100.0
162,Christopher Weeks,37,150000,96901,11614,1072876,790,187,4,0.63,1,0,0,147777.41666666666,95017.16666666667,1072115.75,7.74,41485,71.78235294117647,100.0
163,Jason Lee,35,50000,25261,3028,377348,721,42,3,0.99,0,1,1,50009.166666666664,23760.666666666668,380025.8333333333,6.06,21711,69.24705882352941,100.0
164,Elizabeth Turner,57,200000,78407,34420,590142,750,75,3,0.92,0,0,1,196800.58333333334,85893.66666666667,589736.75,17.21,87173,70.77058823529413,100.0
165,Ryan Castro,35,150000,83011,11941,957835,722,45,1,0.85,0,0,1,150766.0,85882.0,955299.6666666666,7.96,55048,63.98235294117647,100.0
166,Angel Acosta,30,150000,59256,35024,465221,768,242,2,0.75,1,0,0,147442.25,60909.75,465051.0,23.35,55720,81.30588235294118,100.0
167,Hannah Watts,44,50000,34009,700,244032,675,84,3,0.94,1,0,0,48866.833333333336,32256.75,242926.83333333334,1.4,15291,69.8235294117647,100.0
168,Peggy Pruitt,21,70000,44726,1364,184574,674,276,1,0.99,0,0,0,69617.75,44801.666666666664,182969.0,1.95,23910,90.98823529411766,100.0
169,Gerald Wilcox,55,100000,38228,24819,670150,653,266,0,0.81,1,0,0,100252.0,38566.666666666664,670303.5,24.82,36953,82.04705882352943,100.0
170,Joshua Wright,39,200000,77137,21549,609744,731,80,1,0.87,0,0,1,205342.91666666666,77763.33333333333,610697.0,10.77,101314,68.6,100.0
171,Michael King,52,40000,23860,4438,125123,677,135,2,0.82,0,0,0,39723.166666666664,23675.833333333332,125613.25,11.1,11702,70.19411764705882,100.0
172,Jenna Williams,39,150000,81267,13772,1122433,791,63,0,0.75,1,0,0,146971.41666666666,82549.41666666667,1122187.3333333333,9.18,54961,64.21764705882353,100.0
173,John Burns,25,150000,85909,35489,673497,703,180,0,0.67,0,0,0,151599.0,88680.58333333333,674647.1666666666,23.66,28602,69.61176470588235,100.0
174,Sandra Russell,26,30000,19854,1894,209335,780,106,2,0.83,0,1,1,29985.833333333332,20542.583333333332,208761.41666666666,6.31,8252,71.32941176470587,100.0
175,Carol Ramirez,28,40000,27194,6083,186644,690,24,2,0.94,1,1,0,40510.583333333336,25817.25,186864.25,15.21,6723,64.35294117647058,100.0
176,Christina Roth,37,40000,28181,8378,291867,743,261,4,0.65,0,1,0,39965.666666666664,28933.25,288779.0833333333,20.94,3441,78.3235294117647,100.0
177,Sharon Craig,28,50000,37226,6407,380280,746,176,4,0.63,0,1,0,50693.333333333336,37727.583333333336,379518.5,12.81,6367,69.12941176470588,100.0
178,Tim White,51,100000,40783,17381,285284,838,143,2,0.67,0,0,0,100877.58333333333,39710.0,287132.4166666667,17.38,41836,70.67647058823529,100.0
179,Todd Robinson,45,100000,59106,13986,208720,825,288,2,0.89,0,0,1,99741.16666666667,59526.25,210044.08333333334,13.99,26908,93.51764705882353,100.0
180,Terri Harris,53,200000,79844,49317,778260,725,178,3,0.7,0,1,0,195799.66666666666,82206.0,775847.75,24.66,70839,71.38823529411765,100.0
181,Jennifer Schmidt,33,50000,34828,416,373836,818,252,3,0.72,0,0,0,49636.0,32853.0,373868.5833333333,0.83,14756,82.87058823529412,100.0
182,Mr. Anthony Mora MD,38,200000,108544,28560,1390636,804,266,2,0.78,0,1,0,201910.66666666666,109238.5,1390568.0833333333,14.28,62896,86.1764705882353,100.0
183,Tiffany Chan,53,70000,47510,13461,390623,769,98,0,0.65,0,0,0,70728.08333333333,46603.5,388146.3333333333,19.23,9029,62.94117647058823,100.0
184,Kevin Smith,50,50000,35616,6453,146124,770,96,4,0.68,0,0,0,50064.333333333336,34707.5,147649.41666666666,12.91,7931,63.976470588235294,100.0
185,Carol Ward,51,150000,79879,33528,748082,780,167,1,0.76,0,0,0,149063.08333333334,78433.41666666667,746299.4166666666,22.35,36593,74.62941176470588,100.0
186,Dr. Lori Torres,42,70000,48582,2145,322054,824,270,4,0.99,0,0,1,70382.91666666667,44078.333333333336,322469.5,3.06,19273,95.68235294117648,100.0
187,Jonathan Williams,32,150000,75669,35789,1119578,787,134,0,0.8,1,1,0,152275.83333333334,73150.66666666667,1121024.6666666667,23.86,38542,73.1764705882353,100.0
188,Cindy Carpenter,45,50000,28184,10297,130944,697,198,3,0.8,1,0,0,49629.5,27982.666666666668,134266.5,20.59,11519,76.39999999999999,100.0
189,Laura Heath,46,30000,14708,5683,164832,809,235,2,0.87,0,1,1,29919.583333333332,14782.916666666666,163298.83333333334,18.94,9609,86.85294117647058,100.0
190,Jasmine Gonzalez MD,25,150000,90247,5724,939155,763,203,1,0.76,0,0,0,147324.25,88255.41666666667,939233.0,3.82,54029,77.62941176470588,100.0
191,Kimberly Mitchell,53,40000,19368,9760,289653,783,133,2,0.94,0,0,1,40228.916666666664,19565.416666666668,287867.3333333333,24.4,10872,78.53529411764704,100.0
192,Scott Chambers,44,30000,15794,487,208555,729,171,3,0.82,1,0,1,29656.416666666668,16048.166666666666,209670.83333333334,1.62,13719,75.62941176470588,100.0
193,Kayla Morgan,57,100000,63156,16270,780717,730,90,2,0.66,0,0,0,101687.83333333333,63639.666666666664,783293.75,16.27,20574,61.16470588235294,100.0
194,Brenda Martinez,26,200000,103914,3323,401901,836,215,2,1.0,1,1,1,202479.66666666666,102156.91666666667,400726.25,1.66,92763,91.00588235294117,100.0
195,Lauren Wilson,34,150000,67017,10442,1106825,826,262,4,0.98,0,0,1,147312.33333333334,71220.33333333333,1104880.6666666667,6.96,72541,94.5529411764706,100.0
196,Terry Roberts,37,100000,72543,4645,786796,717,296,0,0.67,0,0,0,101727.5,72292.5,790826.9166666666,4.64,22812,81.70588235294119,100.0
197,William Myers,57,30000,12326,1324,111365,702,103,1,0.95,0,0,0,30654.666666666668,12016.583333333334,108676.0,4.41,16350,73.0764705882353,100.0
198,Christopher Humphrey,23,40000,15117,6776,121476,846,231,3,0.71,1,1,0,40008.0,14947.833333333334,122171.25,16.94,18107,81.35882352941175,100.0
199,Teresa Webster,58,70000,45752,8950,410491,778,79,2,0.83,1,0,1,70123.91666666667,45811.833333333336,409242.9166666667,12.79,15298,68.55882352941177,100.0
200,Eduardo Robinson,39,150000,52991,33705,1138008,659,185,4,0.67,0,1,0,152026.83333333334,52244.75,1140594.5833333333,22.47,63304,68.55882352941177,100.0
201,Holly Howard,58,30000,18277,5611,223075,841,105,2,0.89,1,0,1,29918.75,18174.333333333332,221701.0,18.7,6112,75.78235294117647,100.0
202,Terry Flores,56,50000,27114,11644,312364,821,73,1,0.69,0,0,0,49142.25,26832.75,314073.3333333333,23.29,11242,63.87647058823529,100.0
203,Jason Moore,37,150000,90153,13364,591138,769,213,3,0.8,0,0,0,146388.0,88388.58333333333,592667.1666666666,8.91,46483,80.44117647058823,100.0
204,Jordan Campbell,47,150000,83192,35383,337692,726,123,4,0.62,0,1,0,152722.41666666666,85837.16666666667,337151.75,23.59,31425,62.7235294117647,100.0
205,Thomas Johnson,59,50000,28703,1922,338030,696,114,4,0.93,1,1,0,50952.583333333336,28402.583333333332,339195.5833333333,3.84,19375,73.16470588235295,100.0
206,Corey Pitts,52,70000,36925,9989,361369,744,44,0,0.66,0,0,0,69960.91666666667,36306.25,358100.9166666667,14.27,23086,57.05882352941176,100.0
207,Juan Clark,35,200000,121067,32728,1544912,738,144,0,0.84,1,0,1,198336.25,120940.08333333333,1546029.8333333333,16.36,46205,74.04705882352941,100.0
208,Mia Marsh,35,40000,22946,5321,176554,708,88,0,0.71,0,0,0,40002.166666666664,22745.083333333332,176011.41666666666,13.3,11733,62.188235294117646,100.0
209,Tara Snyder,29,50000,27296,6467,229706,675,53,1,0.72,0,1,0,51081.25,27810.5,229933.33333333334,12.93,16237,57.9235294117647,100.0
210,Monica Brown,33,150000,111294,8470,850942,777,143,1,0.64,0,1,0,152948.91666666666,111645.75,848340.0833333334,5.65,30236,67.32352941176471,100.0
211,Claudia Cardenas,46,200000,146047,12230,1295357,800,157,3,0.82,0,0,1,196864.66666666666,149072.0,1293672.0,6.12,41723,76.73529411764706,100.0
212,Keith Harmon,40,50000,28420,7378,380395,790,22,0,0.68,0,0,0,50693.416666666664,28530.333333333332,380619.5,14.76,14202,57.28235294117648,100.0
213,Amber Farrell,58,50000,35715,10581,138249,839,215,0,0.72,1,0,0,48435.083333333336,36641.0,137693.25,21.16,3704,79.91176470588235,100.0
214,Eric Blake,39,50000,32997,1621,236126,664,278,1,0.85,1,0,0,51343.666666666664,31709.5,236702.16666666666,3.24,15382,85.23529411764706,100.0
215,William Sherman,56,30000,16440,6349,150929,750,209,1,0.8,1,0,0,29570.75,17239.166666666668,151432.25,21.16,7211,79.37058823529412,100.0
216,Noah Tanner,23,40000,18018,6042,291164,706,200,2,0.64,0,1,0,39302.416666666664,17538.75,292038.25,15.1,15940,70.51764705882353,100.0
217,Kim Smith,27,50000,30796,4239,121151,750,106,0,0.89,0,0,1,49325.416666666664,31777.833333333332,117545.41666666667,8.48,14965,72.67058823529412,100.0
218,Lucas Carroll,31,150000,70349,11113,953011,697,271,1,0.89,0,1,0,150709.16666666666,71864.33333333333,952271.25,7.41,68538,87.30000000000001,100.0
219,Jonathan Deleon,36,200000,140420,13996,527147,824,171,3,0.85,1,1,1,201166.16666666666,133337.75,528497.0,7.0,45584,80.18235294117646,100.0
220,Adam Jordan,33,70000,51550,14564,259536,741,96,3,0.99,0,0,1,69477.5,50047.166666666664,261025.5,20.81,3886,75.35294117647058,100.0
221,Alan Reed,32,100000,61449,17747,206415,803,187,0,0.93,0,0,1,98894.75,60610.5,202353.33333333334,17.75,20804,84.24117647058824,100.0
222,Elijah Myers,24,50000,22376,1907,357756,694,264,3,0.78,1,1,0,50543.75,22142.0,356014.5,3.81,25717,82.09411764705882,100.0
223,Debra Barrett,57,200000,110903,47720,974300,766,299,1,0.75,1,1,0,198325.0,110820.75,977466.8333333334,23.86,41377,86.93529411764706,100.0
224,Lindsay Turner,34,100000,43276,22505,513788,700,254,0,0.92,1,0,0,98075.33333333333,42182.833333333336,513029.0,22.5,34219,86.90588235294118,100.0
225,Wendy Sanchez MD,43,50000,17867,3897,291346,721,57,3,0.78,0,1,0,49770.166666666664,17305.75,291725.1666666667,7.79,28236,62.34705882352942,100.0
226,Dr. Christopher Bonilla,57,70000,25655,7553,161943,699,124,3,0.86,0,0,0,70351.0,25421.166666666668,157817.0,10.79,36792,71.47058823529412,100.0
227,Amanda Owens,36,200000,109518,39582,970844,821,35,0,0.86,0,1,1,199706.83333333334,111191.83333333333,971081.0,19.79,50900,66.87647058823529,100.0
228,Dustin Carter,59,30000,18224,2513,66210,790,126,3,0.68,1,0,0,30290.666666666668,18111.083333333332,66058.66666666667,8.38,9263,67.68235294117648,100.0
229,Chad Burns,40,200000,142655,4847,1127691,835,97,3,0.68,0,0,0,202077.58333333334,142221.08333333334,1127295.0833333333,2.42,52498,66.37058823529412,100.0
230,Melissa Flores,30,100000,67064,19792,786604,731,153,1,0.82,0,0,1,101012.25,68066.91666666667,784855.1666666666,19.79,13144,73.89999999999999,100.0
231,Jennifer Bailey,59,200000,129412,8994,1497333,804,142,2,0.95,0,0,1,204149.83333333334,135595.25,1498719.0,4.5,61594,80.5764705882353,100.0
232,Tiffany Garcia,28,150000,107817,5278,502407,739,62,2,0.65,0,0,0,153157.33333333334,105723.91666666667,504589.8333333333,3.52,36905,58.28235294117647,100.0
233,Scott Ray,44,200000,131354,20805,420291,730,293,3,0.9,0,0,1,196777.33333333334,138527.91666666666,421439.8333333333,10.4,47841,91.06470588235294,100.0
234,Jason Barrett,33,150000,82082,31754,840665,677,90,1,0.69,0,0,0,152057.0,81458.33333333333,840231.4166666666,21.17,36164,60.49411764705882,100.0
235,David Sanders,42,30000,16726,1049,152365,847,113,2,0.63,1,0,0,29852.833333333332,17735.583333333332,153454.33333333334,3.5,12225,66.39411764705882,100.0
236,Dorothy Livingston,43,30000,14474,889,162669,726,81,4,0.85,0,0,1,29739.25,14543.583333333334,163934.0,2.96,14637,67.7235294117647,100.0
237,Richard Rowe,50,150000,63555,7989,543956,662,35,0,0.89,1,0,0,154056.91666666666,62468.25,543809.6666666666,5.33,78456,62.464705882352945,100.0
238,Travis Diaz,22,100000,63968,22700,341412,662,101,0,0.97,0,0,0,98418.5,64286.416666666664,339651.5,22.7,13332,72.26470588235293,100.0
239,Eric Delgado,24,30000,18770,801,207799,674,150,4,0.91,0,0,0,30294.416666666668,19139.75,207659.83333333334,2.67,10429,75.18823529411765,100.0
240,Jacob Gonzalez,30,50000,27606,8096,250791,687,63,0,0.66,0,1,0,49319.25,29141.5,250981.25,16.19,14298,56.94705882352941,100.0
241,Aaron Lopez,59,100000,62749,18989,711790,747,155,2,0.7,0,1,0,97762.33333333333,63070.083333333336,710191.0833333334,18.99,18262,69.86470588235294,100.0
242,Stephanie Lewis,39,30000,18836,5771,104062,743,205,1,0.93,0,0,1,30154.0,18882.75,104968.91666666667,19.24,5393,83.9235294117647,100.0
243,Joseph Scott,38,50000,29151,887,367633,687,79,1,0.62,0,0,0,49370.25,29674.25,368845.3333333333,1.77,19962,56.94705882352941,100.0
244,Melanie Robles,22,40000,27526,2968,165023,670,62,3,0.96,0,1,0,39852.5,26807.833333333332,166320.0,7.42,9506,68.24705882352941,100.0
245,Michael Ramos,44,70000,48980,2354,212571,845,97,1,0.85,1,1,1,69962.83333333333,52132.5,214828.75,3.36,18666,73.52352941176471,100.0
246,John Barnett,46,150000,80730,1798,1093843,651,131,4,0.77,0,0,0,150104.58333333334,76462.33333333333,1092618.1666666667,1.2,67472,66.87647058823529,100.0
247,Alex Pearson,46,70000,36906,2900,552458,697,81,4,0.93,0,0,0,70806.33333333333,36297.083333333336,550502.4166666666,4.14,30194,69.9,100.0
248,Beth Taylor,28,100000,61258,461,699132,761,188,4,0.61,0,0,0,100610.58333333333,61443.75,700347.4166666666,0.46,38281,70.05882352941177,100.0
249,Jesse Browning,29,70000,49629,15098,353814,722,80,4,0.88,0,0,1,71276.41666666667,46178.166666666664,354398.4166666667,21.57,5273,68.68235294117648,100.0
250,Jennifer Blackwell,34,200000,79729,18169,706513,823,35,0,0.83,1,0,1,200070.25,79596.41666666667,705855.0,9.08,102102,65.74705882352941,100.0
251,Bryan Jones,37,200000,92470,45511,764932,732,128,3,0.76,1,0,0,198274.58333333334,91362.41666666667,764092.8333333334,22.76,62019,69.03529411764706,100.0
252,Phillip Livingston,38,50000,19034,1329,248551,699,161,1,0.84,0,0,0,49965.5,18725.25,247264.0,2.66,29637,74.37058823529412,100.0
253,Adam Fleming,30,40000,22913,8529,155613,782,295,1,0.74,1,0,0,40633.0,22590.75,152178.58333333334,21.32,8558,86.7,100.0
254,Andrew Jackson,48,30000,17594,2360,69422,728,29,2,0.95,0,1,1,29645.0,17549.0,66177.41666666667,7.87,10046,66.59411764705882,100.0
255,Melissa Hayes,54,200000,127042,2013,863698,728,179,0,0.61,0,0,0,194472.58333333334,130986.66666666667,864120.4166666666,1.01,70945,67.99411764705883,100.0
256,Ryan Gould,48,200000,121733,47640,1353462,791,162,2,0.81,1,0,1,196541.58333333334,129471.66666666667,1355224.8333333333,23.82,30627,76.51764705882354,100.0
257,Carla Vance,54,50000,23979,8485,268959,797,277,1,0.96,0,1,1,48868.833333333336,24799.166666666668,269390.3333333333,16.97,17536,94.22941176470589,100.0
258,Tammy Johnson,51,50000,37039,8026,109235,796,265,1,0.87,1,0,1,50431.583333333336,34283.0,108436.08333333333,16.05,4935,89.39411764705882,100.0
259,Erin Thompson,43,150000,94292,10168,567040,849,121,4,0.85,0,0,1,146424.25,97016.83333333333,566190.4166666666,6.78,45540,76.06470588235294,100.0
260,Carolyn Rivas,47,100000,43178,23317,358695,662,141,3,0.87,0,1,0,100766.75,39421.583333333336,357921.5,23.32,33505,72.26470588235293,100.0
261,Janice Diaz,57,40000,16280,8382,255491,701,72,2,0.98,0,0,0,39852.75,15486.5,258719.25,20.96,15338,71.14117647058823,100.0
262,Victoria Jones,59,200000,95604,1859,833039,781,254,2,0.7,1,0,0,204360.33333333334,97637.58333333333,833095.6666666666,0.93,102537,80.96470588235294,100.0
263,Jacob Cox,59,40000,27356,533,283417,835,280,0,0.8,0,0,0,40158.416666666664,25895.75,283877.6666666667,1.33,12111,89.47058823529412,100.0
264,Donald Dean,27,30000,19596,2949,208745,723,51,0,0.76,1,0,0,29248.916666666668,19625.416666666668,205935.0,9.83,7455,61.01764705882353,100.0
265,Justin Miller,49,200000,147452,39943,563948,725,49,4,0.8,0,0,0,205435.58333333334,150521.0,564200.6666666666,19.97,12605,62.48823529411764,100.0
266,Mary Walker,24,70000,38678,10396,437421,675,205,3,0.78,0,0,0,69388.58333333333,37669.166666666664,437458.5,14.85,20926,75.52352941176471,100.0
267,Keith Davis,27,200000,127208,31977,1196520,701,161,4,0.91,0,0,0,204781.16666666666,117888.16666666667,1196082.3333333333,15.99,40815,77.24117647058823,100.0
268,Alan Hall,59,150000,56782,28520,737009,813,35,1,0.71,0,0,0,153367.0,57522.75,736713.1666666666,19.01,64698,60.59411764705882,100.0
269,Pamela Thomas,37,50000,19040,356,365244,650,204,0,0.76,0,0,0,48979.916666666664,18428.583333333332,367348.4166666667,0.71,30604,73.74117647058823,100.0
270,Anthony Snow,24,40000,15116,2558,127234,794,175,1,0.76,0,0,0,39749.916666666664,15504.916666666666,128100.83333333333,6.4,22326,75.9235294117647,100.0
271,Thomas Montgomery,52,30000,16900,6434,192615,842,220,0,0.95,0,0,1,30288.916666666668,16434.416666666668,196410.75,21.45,6666,89.71764705882353,100.0
272,Felicia Edwards,37,70000,52275,3200,337504,693,30,1,0.87,1,1,0,70507.58333333333,51066.333333333336,338747.3333333333,4.57,14525,62.258823529411764,100.0
273,Mary Malone,59,150000,58503,22075,1000556,667,172,1,0.84,1,0,0,153767.83333333334,61143.083333333336,999732.5833333334,14.72,69422,74.34117647058824,100.0
274,Elizabeth Webb,43,70000,28827,15512,255487,829,205,0,0.69,0,0,0,70641.91666666667,28241.25,256705.58333333334,22.16,25661,77.35882352941177,100.0
275,Julia Taylor,32,200000,137379,41151,677128,674,241,4,0.95,0,0,0,202175.83333333334,125252.0,674154.8333333334,20.58,21470,85.88823529411765,100.0
276,Sherri Burke,43,30000,12854,4110,141542,744,127,0,0.78,0,0,0,29640.916666666668,12264.833333333334,142251.83333333334,13.7,13036,70.15882352941176,100.0
277,Samuel Fitzgerald,54,70000,37070,17136,543130,799,81,1,0.94,0,0,1,68541.08333333333,38406.5,540664.9166666666,24.48,15794,73.9,100.0
278,Tony Collins,30,100000,39327,16022,513909,839,157,3,0.9,0,1,1,98882.75,37570.083333333336,515346.1666666667,16.02,44651,81.31176470588235,100.0
279,Brian Montes,58,150000,98852,12175,966467,830,216,0,0.74,1,0,0,150307.91666666666,99680.83333333333,965554.9166666666,8.12,38973,80.49411764705881,100.0
280,James Olsen,58,50000,22095,445,341359,716,152,1,0.98,0,0,0,49288.25,21471.083333333332,340018.5,0.89,27460,79.67058823529412,100.0
281,Patrick Vargas,46,200000,111071,40479,1064374,734,233,2,0.84,0,1,1,204026.66666666666,114028.0,1065968.0833333333,20.24,48450,82.80588235294118,100.0
282,Ashley Mccarthy,50,30000,14471,1267,144008,842,209,2,0.75,0,0,0,30481.583333333332,14952.0,144554.0,4.22,14262,80.61764705882354,100.0
283,Mitchell Velasquez,55,200000,129236,22323,482209,659,297,1,0.63,1,0,0,205888.33333333334,124921.08333333333,481901.1666666667,11.16,48441,78.15882352941176,100.0
284,Bailey Stewart,28,150000,93280,13170,582491,750,98,4,0.77,0,0,0,149935.66666666666,98359.41666666667,581994.5,8.78,43550,67.07058823529411,100.0
285,Jill Gonzalez,53,50000,22553,4089,261136,829,21,2,0.79,1,0,0,51552.833333333336,22186.666666666668,265570.6666666667,8.18,23358,62.95882352941177,100.0
286,Chris Woodard,32,30000,20429,2700,168022,730,289,1,0.82,0,0,1,30052.083333333332,20913.166666666668,167256.83333333334,9.0,6871,87.46470588235294,100.0
287,Jenna Hansen,35,70000,33787,3176,242669,715,298,4,0.69,0,0,0,71095.91666666667,34263.916666666664,244581.08333333334,4.54,33037,82.63529411764705,100.0
288,Kenneth Austin,35,40000,20207,3835,83771,669,74,1,0.63,0,1,0,40510.833333333336,20169.166666666668,83503.75,9.59,15958,56.21176470588235,100.0
289,Dr. Amber Campbell,50,200000,96469,47732,799687,807,247,4,0.68,0,1,0,197609.66666666666,99612.83333333333,797828.0833333334,23.87,55799,80.38235294117648,100.0
290,Mitchell Morton,28,50000,27574,2022,210796,662,174,2,0.64,0,0,0,50197.5,27563.5,212050.75,4.04,20404,66.36470588235295,100.0
291,Cheryl Campbell,46,30000,21787,1512,115759,722,169,0,0.84,0,0,1,30098.166666666668,22152.5,113770.41666666667,5.04,6701,75.98235294117647,100.0
292,Jennifer Meza,49,40000,21741,2184,224707,687,273,1,0.9,0,1,0,39473.166666666664,21795.333333333332,224413.58333333334,5.46,16075,87.54705882352941,100.0
293,Marie Burgess,27,40000,20985,924,299828,700,223,0,0.85,0,0,0,39268.666666666664,21014.083333333332,301443.5833333333,2.31,18091,81.00588235294117,100.0
294,Matthew Fields,21,100000,64207,7466,525741,773,31,3,0.97,0,0,1,97974.83333333333,65492.416666666664,527672.25,7.47,28327,69.18235294117646,100.0
295,Howard White,43,50000,22241,4045,244393,751,136,4,0.84,0,0,1,50502.75,22219.583333333332,245676.83333333334,8.09,23714,73.70588235294117,100.0
296,Danielle Woods,32,150000,66003,15404,1089163,652,126,2,0.65,0,1,0,147817.58333333334,70656.58333333333,1091018.5,10.27,68593,61.61176470588236,100.0
297,Dr. Leslie Wyatt,48,150000,81720,15950,682950,714,22,3,0.6,1,0,0,148959.83333333334,86615.25,683954.8333333334,10.63,52330,51.400000000000006,100.0
298,Susan Shea,58,70000,44252,13948,426303,693,34,3,0.72,0,0,0,69120.66666666667,43022.166666666664,426380.4166666667,19.93,11800,56.65882352941176,100.0
299,John Ryan,40,200000,77460,46044,812752,815,199,1,0.6,0,0,0,204790.5,77802.0,813739.0833333334,23.02,76496,72.66470588235293,100.0
300,Scott Harris,38,40000,16976,2547,153184,778,275,0,0.73,0,1,0,38874.25,17888.833333333332,156364.25,6.37,20477,84.15882352941176,100.0
301,Barbara Rodriguez,37,30000,21091,7083,78100,680,53,1,0.86,1,1,0,29855.5,19975.166666666668,80893.16666666667,23.61,1826,63.699999999999996,100.0
302,Jacob Kaufman,21,40000,22353,3309,210186,817,118,1,0.88,1,0,1,40260.416666666664,21359.833333333332,211145.5,8.27,14338,75.83529411764705,100.0
303,Gabriela Moyer,35,70000,44194,5234,458538,700,260,4,0.92,0,1,0,70572.25,44595.583333333336,461276.6666666667,7.48,20572,87.50588235294117,100.0
304,Larry Paul,58,200000,135995,25228,1499762,701,177,2,0.66,1,0,0,193887.83333333334,130440.66666666667,1502061.5833333333,12.61,38777,68.84117647058824,100.0
305,Daniel Mcdonald,22,100000,61969,8401,301866,730,265,2,0.8,0,1,0,101356.91666666667,61670.083333333336,300004.8333333333,8.4,29630,84.26470588235294,100.0
306,Taylor Barron,28,100000,51180,7287,340643,700,251,2,0.82,0,0,0,98993.25,51723.75,339033.4166666667,7.29,41533,82.60588235294117,100.0
307,Raymond Rhodes,55,40000,27316,4593,243081,796,125,0,0.67,1,1,0,40849.916666666664,29954.25,244276.83333333334,11.48,8091,67.39411764705882,100.0
308,Deborah Rollins,49,40000,17954,175,228609,657,205,0,0.96,1,0,0,39933.833333333336,17960.75,228325.5,0.44,21871,82.08823529411765,100.0
309,Steven Greer MD,56,100000,62990,5139,242863,772,188,2,0.72,0,0,0,97916.5,65892.5,245399.91666666666,5.14,31871,74.84705882352941,100.0
310,Amy Simpson,35,40000,27325,192,106928,797,262,2,0.67,0,1,0,40020.5,27447.0,107034.25,0.48,12483,81.12941176470588,100.0
311,Angel Dean,41,200000,126716,11299,1187695,753,179,1,0.82,0,1,1,202112.91666666666,124176.83333333333,1189027.6666666667,5.65,61985,77.2764705882353,100.0
312,Lisa Hawkins,26,40000,14860,9243,238812,835,199,4,0.65,1,1,0,39292.333333333336,14811.833333333334,239911.33333333334,23.11,15897,75.37058823529412,100.0
313,Kevin Harris,34,40000,19742,4052,297338,672,191,2,0.77,1,1,0,40564.25,19653.25,297670.8333333333,10.13,16206,73.61764705882354,100.0
314,Diane Brown,29,50000,17939,11700,370822,845,231,4,0.9,0,0,1,50775.166666666664,17701.916666666668,369877.0,23.4,20361,88.92352941176472,100.0
315,Elizabeth Howard,27,200000,142002,46303,1357844,735,65,1,0.75,1,0,0,199071.66666666666,139643.91666666666,1357318.5,23.15,11695,62.44117647058823,100.0
316,Michael Wright,50,100000,47459,5702,390208,772,165,2,0.63,0,0,0,100568.66666666667,47415.666666666664,389046.5,5.7,46839,68.9470588235294,100.0
317,Kimberly Smith,21,50000,21178,5807,104097,736,245,0,0.75,0,1,0,50358.583333333336,20933.083333333332,103326.41666666667,11.61,23015,80.47647058823529,100.0
318,Brian Johnson DDS,35,70000,46849,2226,306295,702,62,1,0.71,1,0,0,71080.91666666667,42666.25,308336.5833333333,3.18,20925,59.37647058823529,100.0
319,Jacob Ford,27,100000,58336,24625,257750,690,187,2,0.8,0,1,0,100565.16666666667,59701.583333333336,258586.08333333334,24.62,17039,75.05294117647058,100.0
320,Melinda Cantu,38,200000,82806,4885,1025181,806,240,3,0.78,0,0,0,197853.08333333334,83677.5,1028880.0,2.44,112309,83.64705882352942,100.0
321,David Torres,47,40000,15495,2108,137294,727,160,1,0.81,1,1,1,40305.833333333336,15004.333333333334,136947.75,5.27,22397,74.05882352941177,100.0
322,Leah Chase,33,50000,18117,2517,180271,776,214,3,0.97,0,0,1,51424.166666666664,17663.833333333332,180270.08333333334,5.03,29366,87.58823529411765,100.0
323,Timothy Dean,29,70000,48673,2785,146336,746,172,1,0.66,0,0,0,69884.5,47157.833333333336,148406.25,3.98,18542,69.92941176470589,100.0
324,Madeline Patel,40,50000,30105,5525,288590,824,230,1,0.67,0,0,0,50262.583333333336,29723.5,288166.5,11.05,14370,78.88235294117646,100.0
325,Andrea Frye,22,30000,18449,2784,176281,749,42,3,0.89,0,0,1,30220.0,18000.5,177425.0,9.28,8767,66.23529411764706,100.0
326,Lori Wright,41,40000,24925,8974,159817,714,62,0,0.95,0,0,0,40587.083333333336,25010.583333333332,163146.41666666666,22.44,6101,69.4,100.0
327,Adrian Weber,24,50000,34793,11575,107141,704,252,3,0.96,0,0,0,51893.166666666664,36237.5,106458.5,23.15,3632,88.44705882352942,100.0
328,Christina Hernandez,55,200000,104365,26688,1546343,760,271,1,0.66,0,0,0,200898.91666666666,101569.0,1545155.5,13.34,68947,80.32352941176471,100.0
329,Johnathan Butler,30,30000,10553,3759,186870,740,134,0,0.63,0,0,0,29546.666666666668,10525.333333333334,189370.91666666666,12.53,15688,64.71764705882353,100.0
330,Alan Lopez,58,40000,28375,1904,315822,833,247,1,0.66,0,0,0,39827.166666666664,28000.0,314122.5,4.76,9721,80.5,100.0
331,Jacob Peterson,44,30000,21598,6902,111823,652,233,2,0.92,0,0,0,29513.083333333332,20434.75,111194.58333333333,23.01,1500,83.11176470588235,100.0
332,Roy Lewis,48,100000,36605,13664,252966,761,85,3,0.74,0,0,0,102282.75,35106.833333333336,256030.08333333334,13.66,49731,64.95882352941177,100.0
333,Richard Odonnell,57,50000,18214,9584,301213,709,207,1,0.88,0,1,0,49232.333333333336,18195.333333333332,299803.0,19.17,22202,80.9235294117647,100.0
334,Elizabeth Meyers DVM,31,150000,58706,8668,654753,741,244,2,0.79,1,0,0,147341.91666666666,61166.5,655008.9166666666,5.78,82626,82.15294117647059,100.0
335,Michael Mitchell,43,150000,76602,17190,1063765,744,130,1,0.93,0,0,1,151086.83333333334,77990.08333333333,1061907.0833333333,11.46,56208,76.45882352941177,100.0
336,Katherine Morton,36,30000,13760,5759,213526,697,298,1,0.94,0,0,0,29989.5,14175.25,214800.5,19.2,10481,91.99999999999999,100.0
337,Anthony Becker,33,150000,85276,8191,788169,799,291,2,0.87,0,1,1,150786.91666666666,82318.75,786337.8333333334,5.46,56533,92.1,100.0
338,Steven Lawson,56,200000,79920,46092,607517,725,93,0,0.83,1,0,1,194084.66666666666,78353.25,610172.75,23.05,73988,68.08823529411764,100.0
339,Jessica Rowe,36,100000,72009,6193,713140,760,145,2,0.64,1,0,0,100259.91666666667,74280.0,714686.0833333334,6.19,21798,66.9235294117647,100.0
340,Jermaine Wells,42,100000,56525,2183,755648,708,284,4,0.89,0,0,0,100552.75,54660.416666666664,754920.5,2.18,41292,88.98823529411766,100.0
341,Mr. Daniel Kennedy PhD,54,40000,24716,2688,178471,797,94,1,0.89,0,1,1,40248.416666666664,24810.5,178613.58333333334,6.72,12596,73.12941176470589,100.0
342,Kristina Ortiz,32,30000,20325,1501,164259,786,162,1,0.96,0,0,1,29763.166666666668,19314.083333333332,163229.08333333334,5.0,8174,82.34117647058824,100.0
343,Cheryl Miller,27,200000,110920,13283,1522959,743,94,4,0.8,0,0,0,197150.16666666666,111729.5,1527005.3333333333,6.64,75797,67.62352941176471,100.0
344,Candice Allen,59,200000,130448,36445,815849,677,255,4,0.74,0,0,0,205343.41666666666,129831.75,819305.6666666666,18.22,33107,78.99411764705883,100.0
345,Christopher West,53,50000,34104,7938,371507,705,117,1,0.64,0,0,0,49543.25,33930.75,374234.8333333333,15.88,7958,62.182352941176475,100.0
346,Kristy Lopez,21,150000,61596,3453,515769,667,179,4,0.88,0,0,0,148905.16666666666,59252.416666666664,519304.25,2.3,84951,76.64117647058823,100.0
347,Hannah Sutton,55,40000,26993,2257,206282,713,175,3,0.82,0,0,0,38941.583333333336,27074.833333333332,206939.25,5.64,10750,75.46470588235294,100.0
348,Thomas Williams,45,50000,31268,2834,110555,795,56,0,0.94,1,0,1,48893.916666666664,29723.166666666668,109568.75,5.67,15898,71.25882352941176,100.0
349,Joan Daniel,38,200000,127502,2291,643940,773,286,4,0.91,1,0,1,198108.58333333334,126932.91666666667,646032.75,1.15,70207,92.28235294117647,100.0
350,Erika Mejia,55,50000,29893,11467,239119,657,141,2,0.75,0,0,0,50074.166666666664,29842.833333333332,240956.0,22.93,8640,67.28823529411764,100.0
351,William Stevens,31,150000,66495,29280,860430,699,247,0,0.99,1,1,0,149022.16666666666,66598.91666666667,860392.4166666666,19.52,54225,88.97058823529413,100.0
352,Elizabeth Smith,37,70000,47968,378,237921,801,94,0,0.79,0,0,0,68957.58333333333,49675.25,237232.0,0.54,21654,69.27058823529413,100.0
353,Denise King,35,70000,37886,11790,380217,778,278,0,0.94,0,0,1,71805.33333333333,36456.333333333336,378096.5833333333,16.84,20324,92.85882352941175,100.0
354,Roger Jones,53,40000,25742,2846,156268,676,265,0,0.62,0,0,0,39600.333333333336,26118.166666666668,155192.0,7.12,11412,75.15882352941176,100.0
355,Justin Alvarez,49,50000,26262,4486,269861,659,187,0,0.83,0,1,0,51012.666666666664,26249.916666666668,269167.5,8.97,19252,75.15882352941176,100.0
356,Brian Jones,28,50000,28306,8820,207303,701,81,4,0.92,0,0,0,49843.5,28391.083333333332,212576.66666666666,17.64,12874,69.64117647058825,100.0
357,Thomas Gomez,29,70000,27110,4611,518969,685,83,1,0.77,0,0,0,72452.25,26080.333333333332,519899.0833333333,6.59,38279,63.2764705882353,100.0
358,Joshua Morris,48,150000,82472,9459,1119958,810,248,1,0.82,0,0,1,150722.5,83659.58333333333,1120992.5833333333,6.31,58069,86.18823529411765,100.0
359,Miguel Carlson,48,70000,50450,8579,493643,761,167,4,0.84,1,1,1,70909.5,45233.416666666664,491455.8333333333,12.26,10971,77.15882352941176,100.0
360,Ashley Howard,21,50000,29444,8966,234210,765,103,1,0.85,0,1,1,49146.916666666664,29208.75,231161.66666666666,17.93,11590,71.3,100.0
361,Bruce Miller,38,50000,19647,11873,132759,820,216,3,0.98,0,1,1,49880.833333333336,21289.916666666668,135482.41666666666,23.75,18480,89.74117647058823,100.0
362,Andrea Russell,55,40000,17543,862,180012,724,86,2,0.96,1,0,1,39889.333333333336,17859.416666666668,178581.83333333334,2.15,21595,72.55294117647058,100.0
363,Anna Harris,52,100000,43418,9150,728208,764,167,4,0.85,1,0,1,97450.25,43736.166666666664,728243.3333333334,9.15,47432,77.66470588235295,100.0
364,Desiree Wood,43,100000,65090,1687,330298,662,144,0,0.84,1,1,0,99860.16666666667,65443.25,327607.0833333333,1.69,33223,71.36470588235295,100.0
365,Scott Rogers,49,70000,25431,8799,271917,772,135,4,0.74,0,0,0,68766.66666666667,24976.5,272163.5833333333,12.57,35770,70.34705882352941,100.0
366,Nathan Blake,49,100000,46509,24575,225117,802,238,4,0.62,0,1,0,97125.41666666667,43915.833333333336,225022.75,24.58,28916,76.90588235294118,100.0
367,Jared Chambers,47,50000,22254,7302,216139,847,127,1,0.94,0,1,1,49582.916666666664,22189.666666666668,214654.58333333334,14.6,20444,80.19411764705882,100.0
368,Maria Owens,50,30000,17799,5052,112501,695,276,0,0.99,1,1,0,29623.166666666668,18589.666666666668,111863.58333333333,16.84,7149,91.72941176470587,100.0
369,Tracy Smith,21,30000,19200,174,91419,740,69,3,0.93,0,1,1,30326.583333333332,19400.833333333332,92626.0,0.58,10626,70.21764705882353,100.0
370,Jason Nichols,36,200000,121637,2238,1050603,842,48,4,0.73,0,1,0,200363.66666666666,120286.58333333333,1053045.4166666667,1.12,76125,63.71764705882353,100.0
371,Chad Barry,23,40000,14193,1331,283921,807,284,0,0.74,1,1,0,40484.416666666664,14437.75,287164.0833333333,3.33,24476,86.48235294117647,100.0
372,Alvin Adams,57,100000,47489,22738,602607,713,61,2,0.61,0,1,0,102325.91666666667,45495.416666666664,602863.75,22.74,29773,55.66470588235294,100.0
373,Thomas Shields,54,40000,28448,835,277429,651,169,3,0.89,0,0,0,40063.166666666664,29235.25,274923.5,2.09,10717,75.4764705882353,100.0
374,Erin Reed,57,40000,27205,3463,216036,764,32,1,0.63,0,1,0,40067.5,28006.083333333332,214641.16666666666,8.66,9332,55.36470588235294,100.0
375,Karen Kelly,57,30000,18044,6858,66513,762,81,4,0.73,0,0,0,29574.333333333332,17814.5,65537.5,22.86,5098,64.19411764705882,100.0
376,Michael Price,32,150000,111480,2174,825176,699,274,3,0.7,1,0,0,147563.5,105743.08333333333,824712.5833333334,1.45,36346,80.07058823529411,100.0
377,Jill Jackson,50,100000,71343,10264,431552,823,41,4,0.74,0,1,0,99339.25,74053.66666666667,433139.5833333333,10.26,18393,62.747058823529414,100.0
378,Joshua Mayer,57,70000,26485,8748,507047,830,139,3,0.98,1,1,1,69625.16666666667,27242.25,508794.75,12.5,34767,82.39411764705883,100.0
379,William Martinez,30,40000,24361,9662,202490,661,298,4,0.85,1,0,0,40671.166666666664,24749.5,200462.0,24.15,5977,87.12941176470588,100.0
380,Keith Campos,34,50000,35922,11051,129398,818,265,1,0.76,0,0,0,48783.333333333336,36230.666666666664,129582.08333333333,22.1,3027,85.77058823529411,100.0
381,Beverly Young,26,30000,11767,7363,191573,690,76,2,0.71,1,0,0,30379.5,11391.25,191610.58333333334,24.54,10870,60.35294117647059,100.0
382,Debra Dominguez,36,100000,57872,17434,604219,802,50,4,0.93,0,1,1,99424.5,56089.166666666664,605070.4166666666,17.43,24694,70.50588235294117,100.0
383,Gina Barry,56,50000,18106,9556,350628,700,257,2,0.81,0,0,0,49930.75,18753.083333333332,351468.4166666667,19.11,22338,82.80588235294118,100.0
384,Charlotte Bailey,23,100000,43331,15214,633799,787,245,4,0.89,1,0,1,99317.0,43563.25,636177.8333333334,15.21,41455,87.87647058823529,100.0
385,Allison Morales,30,200000,124552,31692,912696,793,128,2,0.8,0,1,0,203091.66666666666,126315.5,914540.0833333334,15.85,43756,72.78823529411764,100.0
386,Miguel Jackson,50,100000,46242,7181,246060,795,137,1,0.83,0,0,1,97486.33333333333,46760.083333333336,247154.5,7.18,46577,74.95882352941176,100.0
387,Daniel Gordon,29,40000,25853,247,296748,677,33,4,0.92,0,0,0,39755.333333333336,25820.083333333332,298824.3333333333,0.62,13900,63.99411764705883,100.0
388,Susan Lewis,23,100000,46344,16358,723101,720,271,1,0.84,0,0,0,101315.5,46174.0,723451.8333333334,16.36,37298,86.11176470588236,100.0
389,Parker Bauer,46,50000,22219,2106,202605,794,220,3,0.9,0,0,1,52171.833333333336,22324.666666666668,199700.33333333334,4.21,25675,86.02352941176471,100.0
390,Gregory Lee,39,50000,23395,10024,309014,737,78,3,0.86,0,1,1,49372.333333333336,23607.166666666668,307890.5,20.05,16581,68.21176470588235,100.0
391,Christopher Drake,23,30000,17811,868,112466,723,185,3,0.9,1,0,1,29897.75,17674.333333333332,113401.58333333333,2.89,11321,80.01764705882353,100.0
392,Mrs. Stephanie Fritz,45,40000,23065,224,317620,775,80,3,0.87,1,0,1,40066.083333333336,23675.333333333332,317101.0,0.56,16711,70.15294117647059,100.0
393,Timothy Alvarez,49,40000,16208,386,112856,741,79,2,0.62,0,0,0,38355.416666666664,16328.666666666666,111256.08333333333,0.97,23406,58.85294117647059,100.0
394,Jesse Cole,55,150000,88287,23861,1064341,804,264,2,0.69,0,0,0,151185.66666666666,89020.25,1061921.4166666667,15.91,37852,82.37647058823529,100.0
395,Amy Lara,35,150000,108525,11475,476968,827,196,2,0.68,0,0,0,147714.5,106468.91666666667,477793.1666666667,7.65,30000,75.98823529411766,100.0
396,Jeanette Allen,59,150000,100387,19707,381959,745,59,4,0.89,1,1,1,150676.58333333334,102216.91666666667,382272.5,13.14,29906,67.79411764705883,100.0
397,Mary Richardson,47,70000,45391,2118,233075,754,153,0,0.76,1,0,0,69744.16666666667,47429.083333333336,233091.08333333334,3.03,22491,72.31176470588235,100.0
398,Marilyn Bates,30,100000,35141,15335,217863,657,153,0,0.71,1,0,0,101793.66666666667,33683.583333333336,218397.75,15.34,49524,66.88823529411765,100.0
399,Kristina Zamora,22,100000,74714,16276,330476,837,276,2,0.6,0,0,0,99704.33333333333,71503.25,331016.1666666667,16.28,9010,81.14117647058825,100.0
400,Rebecca Taylor,28,100000,50155,9695,533279,757,166,4,0.76,0,0,0,100687.58333333333,49690.833333333336,533879.4166666666,9.7,40150,73.71764705882353,100.0
401,Mrs. Catherine Logan PhD,52,100000,37596,9704,287444,770,272,0,0.63,0,0,0,102141.91666666667,36512.583333333336,289384.0,9.7,52700,79.5764705882353,100.0
402,Brenda Harding,37,40000,27595,8121,123851,816,203,3,0.79,0,0,0,40735.75,28219.666666666668,123301.66666666667,20.3,4284,80.7,100.0
403,Matthew Browning,53,50000,28423,5145,132347,783,85,4,0.97,0,0,1,50823.5,28289.5,130583.41666666667,10.29,16432,74.93529411764706,100.0
404,Bernard Day,33,30000,20037,1719,88590,682,87,4,0.94,1,0,0,29976.5,20435.75,92296.33333333333,5.73,8244,70.37058823529411,100.0
405,Mary Davis,38,50000,17826,2175,246554,668,181,1,0.94,0,0,0,49647.583333333336,19061.75,247510.33333333334,4.35,29999,79.2764705882353,100.0
406,Jerry Flores,52,200000,117294,48455,588123,752,260,4,0.67,0,0,0,198004.08333333334,119518.66666666667,587583.5833333334,24.23,34251,79.34117647058824,100.0
407,Mrs. Danielle Matthews,59,100000,41620,3606,524857,694,72,0,0.67,0,0,0,100078.33333333333,41369.25,527297.8333333334,3.61,54774,58.49411764705883,100.0
408,Ashley Bryant,47,100000,63334,20718,371395,696,263,4,0.82,1,0,0,100373.25,62173.0,370941.75,20.72,15948,83.66470588235293,100.0
409,Denise Morgan,34,100000,51330,8279,216910,709,268,0,0.93,0,0,0,100525.75,48815.416666666664,220453.66666666666,8.28,40391,89.02352941176471,100.0
410,Kim Johnson DDS,42,70000,50868,11165,498771,732,38,3,0.95,0,0,1,70543.91666666667,52307.916666666664,499478.75,15.95,7967,67.63529411764706,100.0
411,Michelle Bullock,31,150000,80978,34918,655356,771,296,0,0.79,0,0,0,150755.75,81609.58333333333,655647.25,23.28,34104,88.41176470588235,100.0
412,Stephanie Marshall,37,100000,52125,6589,656577,843,215,3,0.95,1,0,1,99965.58333333333,49560.0,655199.0833333334,6.59,41286,89.25294117647059,100.0
413,Robert Rodriguez,36,50000,17866,6815,318347,832,251,4,0.88,1,0,1,49981.166666666664,18400.083333333332,319719.0,13.63,25319,89.66470588235293,100.0
414,Nicole Rasmussen,40,150000,81470,32239,743130,759,77,0,0.92,0,1,1,157564.5,84517.25,743371.0,21.49,36291,71.28823529411765,100.0
415,Jennifer Morgan,37,30000,14438,3508,182711,783,143,3,0.77,1,0,0,29724.833333333332,14368.166666666666,183028.58333333334,11.69,12054,72.73529411764706,100.0
416,Anna Perez,38,200000,99234,9082,1223991,797,152,1,0.83,1,0,1,195442.91666666666,99993.5,1224185.75,4.54,91684,76.52941176470588,100.0
417,Megan Brown,40,100000,57762,5069,375687,689,55,3,0.97,0,0,0,99763.66666666667,55503.083333333336,375341.5,5.07,37169,68.61764705882352,100.0
418,Dawn Mason,30,40000,23173,6885,158275,770,126,0,0.83,0,0,1,39600.083333333336,21985.333333333332,157867.5,17.21,9942,72.97647058823529,100.0
419,Kristina Livingston,42,100000,54176,10747,631642,739,218,4,0.72,0,1,0,97251.75,54518.166666666664,629850.1666666666,10.75,35077,76.68235294117646,100.0
420,Elaine Evans,50,40000,14947,9576,115468,796,169,3,0.67,1,0,0,39935.666666666664,15163.666666666666,115725.08333333333,23.94,15477,71.79411764705883,100.0
421,John Coffey,22,50000,19718,9385,310692,729,196,2,0.97,0,0,1,50298.166666666664,20140.583333333332,308715.25,18.77,20897,84.12941176470588,100.0
422,Barbara Meadows,58,150000,92043,21207,309384,809,192,2,0.89,1,0,1,153002.83333333334,94625.33333333333,309401.0,14.14,36750,83.3529411764706,100.0
423,Mr. Nicholas Chapman,52,70000,30668,6896,391371,829,239,0,0.65,1,1,0,69467.25,30049.75,390654.1666666667,9.85,32436,79.15882352941176,100.0
424,Allison Smith,28,50000,24979,10130,270506,653,188,0,0.65,1,1,0,50950.833333333336,25017.416666666668,267545.0,20.26,14891,67.84705882352941,100.0
425,Daniel Burton,40,150000,61982,25179,513466,830,36,1,0.96,1,0,1,152325.16666666666,62417.5,516141.75,16.79,62839,71.29411764705881,100.0
426,Charles Valdez,35,40000,28111,8520,201527,695,169,2,0.96,0,0,0,40690.166666666664,26889.583333333332,201333.5,21.3,3369,79.82941176470588,100.0
427,Charles Collins,36,100000,66746,18448,755270,838,63,1,0.88,0,0,1,98293.58333333333,67920.0,755814.5,18.45,14806,71.0764705882353,100.0
428,Amber Bradford,34,50000,32451,6472,297285,689,220,2,0.75,1,0,0,50570.333333333336,33918.166666666664,299468.5833333333,12.94,11077,76.31764705882352,100.0
429,Jeanette West,41,30000,19159,4635,76479,678,246,2,1.0,0,0,0,30854.416666666668,19473.5,74203.0,15.45,6206,88.52941176470588,100.0
430,Thomas Taylor,39,50000,34170,2445,148543,782,177,0,0.94,1,0,1,50205.75,33284.25,151992.41666666666,4.89,13385,82.89999999999999,100.0
431,Mitchell Mills,37,50000,24271,9931,336992,697,87,2,0.72,1,0,0,50939.166666666664,24740.0,336226.4166666667,19.86,15798,62.099999999999994,100.0
432,Laura Castaneda,41,100000,45089,1775,495465,749,259,0,0.71,0,1,0,102360.58333333333,45512.333333333336,495063.6666666667,1.78,53136,80.73529411764706,100.0
433,Ernest Parker,27,70000,39570,584,309440,843,171,1,0.69,1,0,0,69488.25,39525.5,310638.5,0.83,29846,74.45294117647059,100.0
434,Randy Holden,21,30000,11896,7114,98441,691,192,1,0.86,0,0,0,30161.5,12157.0,97332.5,23.71,10990,77.98823529411764,100.0
435,Casey Powell,59,70000,42542,2806,240181,719,219,4,0.83,0,0,0,70087.33333333333,44433.833333333336,240442.5,4.01,24652,80.47647058823529,100.0
436,John Nelson,43,100000,39984,12005,251016,696,184,1,0.92,0,1,0,97443.58333333333,38093.333333333336,249855.91666666666,12.0,48011,79.76470588235296,100.0
437,Joseph Bray,31,50000,32488,8075,241882,829,23,4,0.83,1,0,1,48729.833333333336,32588.833333333332,242276.41666666666,16.15,9437,64.75882352941176,100.0
438,Jason Mckinney,30,200000,144975,5393,519112,728,65,2,0.67,1,0,0,193213.33333333334,146561.08333333334,515968.8333333333,2.7,49632,58.99411764705883,100.0
439,Dustin Fuentes MD,46,100000,64835,12504,227095,732,147,1,0.87,1,0,1,103074.83333333333,63983.166666666664,227308.75,12.5,22661,75.33529411764705,100.0
440,Michael Mccoy,51,30000,15964,4153,82025,785,70,0,0.61,0,0,0,31176.416666666668,16218.75,82904.91666666667,13.84,9883,59.10588235294118,100.0
441,Alexis Roberts,24,200000,75472,42750,1356430,805,174,4,0.81,0,0,1,199923.25,75823.91666666667,1356698.0833333333,21.38,81778,78.21176470588236,100.0
442,James Henson,27,150000,112179,37352,1071850,725,42,4,0.92,0,0,1,148489.08333333334,108337.66666666667,1071819.6666666667,24.9,469,66.58823529411765,100.0
443,Ashley Reed,53,30000,15558,6049,222653,671,66,4,0.99,0,0,0,31042.25,16199.25,225324.75,20.16,8393,69.88235294117646,100.0
444,Norma Chavez,37,100000,35550,13649,245360,726,219,0,0.94,0,1,1,101114.08333333333,37880.833333333336,245424.33333333334,13.65,50801,85.12352941176471,100.0
445,Anthony Meyer,57,50000,18281,9282,199273,828,126,3,0.75,0,1,0,49748.333333333336,18558.583333333332,197019.33333333334,18.56,22437,71.8235294117647,100.0
446,Gary Walker,49,150000,83085,13799,781200,715,126,4,0.97,1,0,0,145817.5,84089.41666666667,785119.25,9.2,53116,76.63529411764705,100.0
447,Mrs. Mallory Carr,53,30000,10792,1884,76486,793,59,1,0.87,0,0,1,30131.833333333332,11257.166666666666,76890.0,6.28,17324,68.68823529411765,100.0
448,Michael Gonzalez,50,50000,37484,8156,211723,789,57,1,0.95,0,0,1,49732.666666666664,36288.583333333336,210967.33333333334,16.31,4360,71.54705882352941,100.0
449,Anna Richardson,23,50000,21360,12485,158682,800,138,1,0.69,0,0,0,48835.833333333336,21156.666666666668,159556.66666666666,24.97,16155,69.63529411764705,100.0
450,Charles Contreras,36,70000,33433,5833,450370,811,294,4,0.63,0,0,0,70871.25,33159.833333333336,450805.0833333333,8.33,30734,83.2235294117647,100.0
451,Morgan Griffith,46,100000,61100,10390,260102,820,46,3,0.76,0,0,0,99320.16666666667,61119.5,260850.16666666666,10.39,28510,63.94117647058824,100.0
452,Robert Ryan,56,150000,60662,10878,598177,702,265,1,0.61,1,1,0,151124.66666666666,62645.833333333336,598786.1666666666,7.25,78460,75.67647058823529,100.0
453,Jeffery Williams,56,200000,106583,24981,1191177,763,40,3,0.8,0,0,0,196914.66666666666,105835.5,1188206.5833333333,12.49,68436,62.92941176470588,100.0
454,Donald Taylor,41,40000,19468,6755,150988,800,178,1,0.9,0,1,1,40134.5,19861.666666666668,150163.16666666666,16.89,13777,82.03529411764706,100.0
455,Travis Weber,24,40000,24030,181,226008,749,138,4,0.63,0,0,0,40289.166666666664,24335.5,224150.41666666666,0.45,15789,65.43529411764706,100.0
456,Joshua Thompson,35,100000,58569,10901,769338,806,128,1,0.83,0,0,1,96736.5,57261.166666666664,768205.5,10.9,30530,74.4470588235294,100.0
457,Carol Smith,38,200000,73779,33037,451801,667,152,0,0.96,0,0,0,199543.25,75068.33333333333,452533.25,16.52,93184,77.14117647058823,100.0
458,Tracy Jennings,37,150000,74014,6288,382768,669,182,3,0.68,0,0,0,153824.83333333334,68761.66666666667,383410.1666666667,4.19,69698,69.01176470588236,100.0
459,Deborah Greene,46,200000,93643,37899,1202458,727,55,3,0.92,0,1,1,203773.66666666666,91034.33333333333,1201534.9166666667,18.95,68458,67.95882352941177,100.0
460,Jamie Levine,37,40000,19447,1126,199773,785,188,2,0.64,1,0,0,40461.916666666664,18808.916666666668,197181.25,2.82,19427,72.10588235294118,100.0
461,Jacob Osborne DVM,36,100000,51629,14864,451991,715,51,2,0.72,0,0,0,97663.08333333333,52308.166666666664,450748.8333333333,14.86,33507,59.13529411764706,100.0
462,Jacob Hoffman,44,150000,86515,22047,597878,684,58,2,0.8,0,1,0,153303.5,88330.08333333333,600576.5,14.7,41438,61.94117647058823,100.0
463,William Smith,47,40000,25402,9116,292414,712,256,0,0.81,0,0,0,39215.75,24429.25,294178.4166666667,22.79,5482,83.12941176470588,100.0
464,Karen Hill,27,50000,32482,2938,363513,732,42,2,0.69,0,0,0,50345.583333333336,32528.416666666668,366051.75,5.88,14580,57.635294117647064,100.0
465,Malik Alexander,27,100000,44340,20200,432176,738,47,3,0.69,0,1,0,100704.0,42462.75,430066.9166666667,20.2,35460,58.34705882352941,100.0
466,Jean Williams,22,70000,30774,11683,523474,801,290,3,0.71,0,0,0,70142.83333333333,30814.416666666668,522267.75,16.69,27543,85.67058823529412,100.0
467,Sarah Case,52,50000,17536,4256,343957,693,156,1,0.97,1,0,0,50206.25,17052.083333333332,345537.0,8.51,28208,78.85882352941177,100.0
468,Mrs. Tina Diaz MD,56,150000,71001,30812,809340,693,259,3,0.62,0,0,0,151311.75,72189.66666666667,809575.0,20.54,48187,75.15882352941176,100.0
469,Jeffery Deleon,38,70000,36954,17304,221125,661,123,2,0.81,0,0,0,69983.91666666667,37573.666666666664,222895.0,24.72,15742,68.02941176470588,100.0
470,Alicia Riley,40,50000,22670,11141,244813,826,180,0,0.68,0,0,0,50863.333333333336,23190.083333333332,246444.66666666666,22.28,16189,74.3529411764706,100.0
471,Bridget Graham,57,30000,18386,7458,177379,729,149,3,0.88,1,0,1,29992.583333333332,19119.5,177575.16666666666,24.86,4156,75.8294117647059,100.0
472,Mindy Castillo,47,70000,43640,1774,195839,679,114,3,0.84,0,1,0,69847.41666666667,43851.083333333336,194006.5,2.53,24586,68.96470588235294,100.0
473,Tracey Harper,24,150000,103571,11834,1167625,786,235,4,0.66,1,0,0,151206.91666666666,105166.91666666667,1168576.5833333333,7.89,34595,77.64117647058823,100.0
474,Larry Martin,49,150000,59645,7243,1054034,688,274,2,0.81,0,1,0,150208.33333333334,58280.333333333336,1052088.25,4.83,83112,84.08235294117648,100.0
475,Rhonda Brown,21,40000,22730,3322,307361,751,247,3,0.85,1,0,1,39198.75,23812.25,305247.8333333333,8.3,13948,85.20588235294117,100.0
476,Jason Jones,33,200000,110402,23593,938966,761,281,0,0.81,0,0,1,199442.0,104367.75,941395.0833333334,11.8,66005,87.35882352941177,100.0
477,Mr. Anthony Bartlett DDS,48,200000,79762,29359,756896,723,162,1,0.9,0,0,1,194006.66666666666,81638.75,754984.25,14.68,90879,77.71764705882353,100.0
478,Michele Allen,30,70000,26011,15144,354770,664,41,1,0.92,0,1,0,73025.5,26334.25,354991.9166666667,21.63,28845,64.33529411764705,100.0
479,Martin Green,24,100000,53968,22168,344545,786,46,0,0.86,0,0,1,102251.83333333333,53214.916666666664,344033.75,22.17,23864,66.74117647058823,100.0
480,Bobby Stein,27,70000,27639,12420,556949,832,253,0,0.85,0,0,1,70754.91666666667,27357.5,556814.5833333334,17.74,29941,88.66470588235295,100.0
481,Lisa Velasquez,46,30000,18417,1943,178354,842,122,3,0.64,1,0,0,30459.166666666668,18278.083333333332,179840.41666666666,6.48,9640,67.51764705882353,100.0
482,Rebecca Hull,57,200000,100838,17266,1110367,845,58,1,0.79,1,0,0,199709.91666666666,100827.75,1109845.5833333333,8.63,81896,67.2235294117647,100.0
483,Michael Mendez,25,200000,131055,12068,1248361,819,212,2,0.95,1,0,1,199338.08333333334,137714.0,1247631.4166666667,6.03,56877,88.10588235294118,100.0
484,Charles Powell,59,50000,29580,3238,350991,806,292,3,0.79,0,0,0,49342.666666666664,28056.0,351007.5,6.48,17182,89.24705882352941,100.0
485,Daniel Carlson,27,150000,102449,31744,604702,837,88,2,0.78,0,0,0,147468.16666666666,96955.75,602927.75,21.16,15807,69.54117647058824,100.0
486,Maria Olson,22,40000,26409,1902,116632,841,63,4,1.0,1,0,1,39768.083333333336,25476.583333333332,117512.0,4.76,11689,75.98235294117647,100.0
487,Vincent Serrano,46,150000,68304,14048,1140097,791,60,2,0.98,0,0,1,150401.08333333334,65106.75,1139625.5833333333,9.37,67648,73.11764705882354,100.0
488,Brian Herrera,36,40000,15477,3598,145809,726,271,3,0.75,1,1,0,40351.0,15638.25,150850.66666666666,9.0,20925,82.7235294117647,100.0
489,Mary Stevens,43,100000,55149,20362,691571,681,30,3,0.65,0,1,0,101966.16666666667,53450.25,689337.25,20.36,24489,53.035294117647055,100.0
490,Jordan Rodgers,53,70000,43768,1080,156490,771,282,1,0.68,0,1,0,69365.58333333333,43863.416666666664,154139.08333333334,1.54,25152,82.61176470588236,100.0
491,Francisco Richardson,51,100000,35174,13004,330292,787,257,4,0.98,0,1,1,101142.25,34813.416666666664,330206.1666666667,13.0,51822,92.6764705882353,100.0
492,Elizabeth Rhodes,31,150000,104540,22364,1125924,772,250,2,0.92,0,0,1,147956.83333333334,105033.66666666667,1124570.1666666667,14.91,23096,89.04705882352941,100.0
493,James Galloway,52,100000,57074,12668,390995,787,107,0,0.67,1,0,0,102651.66666666667,56968.666666666664,392508.75,12.67,30258,65.2764705882353,100.0
494,April Finley,52,30000,12265,5747,66273,831,270,1,0.68,0,0,0,30215.5,13004.0,68622.41666666667,19.16,11988,83.52941176470588,100.0
495,Cristian Barnes,44,50000,21062,1167,201795,776,26,4,0.88,0,0,1,50391.0,21615.666666666668,200488.16666666666,2.33,27771,65.18823529411765,100.0
496,William Dunn,24,40000,28790,7454,173699,706,296,0,0.64,1,1,0,39463.833333333336,29360.0,173451.66666666666,18.63,3756,80.11764705882354,100.0
497,Angelica Edwards,39,150000,109366,27039,374143,715,231,3,0.83,0,1,0,151619.5,107272.5,372300.0,18.03,13595,81.53529411764706,100.0
498,Patrick Burke,26,70000,32469,6630,223760,691,208,3,0.75,1,0,0,70325.08333333333,32387.833333333332,222840.16666666666,9.47,30901,75.18823529411765,100.0
499,Sara Richard,53,150000,55481,9989,946551,693,249,3,0.64,0,0,0,150179.66666666666,55567.25,947412.0833333334,6.66,84530,74.95882352941177,100.0
500,Nicole Miller,53,150000,84864,19818,679310,751,182,0,0.89,0,0,1,145234.58333333334,85445.41666666667,680798.6666666666,13.21,45318,80.30588235294118,100.0
501,Peter Valenzuela,49,70000,26282,5179,275129,792,271,0,0.77,0,1,0,70480.41666666667,24474.5,274668.5,7.4,38539,85.85294117647058,100.0
502,Robin Hall,34,100000,39634,11761,309397,755,56,3,0.79,0,0,0,101037.58333333333,38605.333333333336,310497.4166666667,11.76,48605,63.847058823529416,100.0
503,Adam Lester,36,50000,28536,11628,272164,680,128,2,0.62,0,0,0,50088.166666666664,28909.333333333332,271175.75,23.26,9836,61.599999999999994,100.0
504,Steven Strickland,33,50000,29694,11346,274699,842,125,1,0.85,0,0,1,50188.583333333336,30371.75,278846.0833333333,22.69,8960,76.21764705882353,100.0
505,Dr. Gene Boyer,52,150000,63379,22710,695036,664,230,4,0.63,1,1,0,152061.0,61462.0,700093.5833333334,15.14,63911,71.63529411764705,100.0
506,Joseph Price,26,40000,22348,1615,172202,825,144,2,0.89,0,0,1,40721.0,21493.5,170959.33333333334,4.04,16037,79.11764705882354,100.0
507,Kevin Martinez,41,150000,104179,23312,1160743,704,70,1,0.64,0,0,0,153066.08333333334,108743.83333333333,1159963.3333333333,15.54,22509,57.44705882352942,100.0
508,April Murray,26,30000,12946,179,160644,786,183,4,0.98,0,0,1,29610.916666666668,12402.583333333334,160890.25,0.6,16875,85.24117647058823,100.0
509,Mr. Brian Clark DDS,39,100000,53727,22821,540830,780,155,4,0.6,0,0,0,98463.5,56725.333333333336,540589.1666666666,22.82,23452,67.02941176470588,100.0
510,Anthony Wiggins,27,100000,58121,13070,488674,654,176,3,0.9,1,1,0,99305.0,62519.833333333336,490519.5833333333,13.07,28809,76.68235294117648,100.0
511,Anna Villegas,33,30000,21769,325,170613,738,192,4,0.62,1,0,0,31104.666666666668,22619.333333333332,172111.75,1.08,7906,70.04705882352941,100.0
512,Gail Hammond,31,40000,25795,3252,248305,705,37,0,0.94,0,1,0,39775.5,25108.833333333332,247595.83333333334,8.13,10953,66.18235294117646,100.0
513,Natalie Harris,40,70000,28934,16003,508946,681,240,4,0.78,0,0,0,70178.58333333333,29354.833333333332,512491.0,22.86,25063,79.23529411764706,100.0
514,Erin Chen,33,30000,21287,3435,139207,706,94,2,0.96,0,0,0,30247.416666666668,21727.75,139755.75,11.45,5278,72.71764705882353,100.0
515,James Luna,47,50000,36292,8049,127487,679,240,0,0.87,1,1,0,50354.333333333336,34972.5,126762.16666666667,16.1,5659,82.76470588235294,100.0
516,Michael Aguirre,48,70000,51492,383,462858,652,65,1,0.86,0,1,0,71830.16666666667,55187.583333333336,462706.75,0.55,18125,63.91176470588235,100.0
517,Candice Jarvis,57,50000,36319,2691,398086,795,109,1,0.75,1,1,0,51752.25,35434.583333333336,397226.5,5.38,10990,68.95882352941177,100.0
518,Robert Soto,28,30000,16517,6105,194139,779,280,4,0.82,0,0,1,29616.666666666668,16541.916666666668,193549.25,20.35,7378,88.29411764705883,100.0
519,Kelly Mcknight,38,40000,17573,2203,190365,810,251,3,0.91,0,1,1,39483.833333333336,17650.333333333332,189186.41666666666,5.51,20224,90.08823529411765,100.0
520,Candace Thornton,33,100000,36065,17983,212003,662,93,1,0.81,1,0,0,97983.5,37860.333333333336,210431.66666666666,17.98,45952,65.06470588235294,100.0
521,Tony Hoffman,33,150000,98260,37395,1008667,651,82,4,0.96,0,1,0,145338.58333333334,96777.41666666667,1009083.1666666666,24.93,14345,69.5764705882353,100.0
522,Joseph Miller,42,200000,77139,28904,1179932,689,192,1,1.0,1,1,0,201381.5,81444.75,1181888.1666666667,14.45,93957,83.51764705882353,100.0
523,Erin Wagner,46,150000,71334,26296,1138729,708,262,0,0.73,0,0,0,151275.0,71501.91666666667,1139010.4166666667,17.53,52370,80.38823529411765,100.0
524,Kathleen Rodriguez,49,30000,16134,4230,63019,774,146,0,0.66,1,0,0,29530.083333333332,16355.166666666666,63530.666666666664,14.1,9636,68.31764705882352,100.0
525,Jennifer Johnston DVM,43,50000,26509,2111,197912,789,183,3,0.91,0,1,1,50115.916666666664,26904.25,196725.41666666666,4.22,21380,82.54705882352941,100.0
526,Brian Mccoy,53,30000,22130,1769,205665,829,63,3,0.79,1,1,0,29680.333333333332,21967.0,207317.58333333334,5.9,6101,67.15882352941176,100.0
527,Emily Goodman,54,30000,13213,6376,115575,820,72,4,0.81,0,0,1,30508.666666666668,12283.416666666666,117478.08333333333,21.25,10411,68.54117647058824,100.0
528,Paul Miller,25,40000,27461,2770,131531,831,244,0,0.68,0,0,0,39043.75,26704.75,130441.08333333333,6.93,9769,80.92941176470589,100.0
529,Amy Jacobs,41,200000,93710,31183,544318,693,64,4,0.78,1,1,0,203900.08333333334,92757.91666666667,547266.6666666666,15.59,75107,62.05882352941177,100.0
530,Stephen Garcia,25,70000,32398,11072,231720,779,237,1,0.93,0,0,1,67462.0,32152.0,231647.58333333334,15.82,26530,88.39411764705883,100.0
531,Dylan Phillips,54,200000,108808,37140,479952,704,56,3,0.75,0,0,0,200434.66666666666,110269.75,479959.3333333333,18.57,54052,60.44705882352941,100.0
532,Cheryl Blankenship,33,40000,29128,6729,92947,832,158,4,0.91,1,0,1,39320.75,27324.916666666668,96045.16666666667,16.82,4143,81.56470588235294,100.0
533,Pamela Rodriguez,31,50000,17663,9177,139335,663,234,1,0.7,1,0,0,50793.916666666664,17380.5,139733.25,18.35,23160,74.80000000000001,100.0
534,Joshua Dunn,41,30000,21332,3339,73273,835,88,2,0.96,0,0,1,28940.416666666668,20909.0,73566.5,11.13,5329,76.67058823529412,100.0
535,Lauren Robinson,37,100000,68754,23017,491494,760,97,1,0.73,0,0,0,103204.25,67588.5,491859.5833333333,23.02,8229,65.7235294117647,100.0
536,Stephanie Hughes,46,100000,56730,12793,232978,828,299,3,0.91,1,0,1,100761.75,52221.666666666664,236963.83333333334,12.79,30477,95.52352941176471,100.0
537,James Long,41,70000,52283,11318,186700,789,116,4,0.8,0,1,0,71462.83333333333,54611.5,185842.33333333334,16.17,6399,71.4470588235294,100.0
538,Theresa Black,30,200000,137245,41995,683637,846,256,1,0.8,1,0,0,195845.91666666666,136036.75,681961.6666666666,21.0,20760,87.45882352941177,100.0
539,Candace Chen,32,200000,90173,22661,1166820,733,85,4,0.63,0,1,0,202702.08333333334,91469.66666666667,1167794.5833333333,11.33,87166,59.57058823529411,100.0
540,Frank Rogers Jr.,51,100000,71556,18949,440480,665,201,1,0.89,0,0,0,99131.91666666667,71723.0,441670.4166666667,18.95,9495,79.17058823529412,100.0
541,Brian Horn,39,70000,42892,8938,237075,834,49,1,0.99,1,0,1,70979.33333333333,42457.916666666664,238577.08333333334,12.77,18170,73.93529411764706,100.0
542,Kaitlin Martin,44,150000,65631,6942,1073948,844,105,3,0.91,0,0,1,147910.66666666666,65895.58333333333,1072599.75,4.63,77427,76.68823529411765,100.0
543,Tammy Smith,35,100000,67995,14735,670182,767,195,3,0.98,0,0,1,102366.75,70026.83333333333,670453.0833333334,14.74,17270,85.77058823529413,100.0
544,Sean Wong,31,100000,54004,1433,631084,797,56,0,0.88,0,1,1,101855.5,54449.583333333336,631842.4166666666,1.43,44563,68.92941176470588,100.0
545,Colleen Reid,23,200000,146301,39777,889129,847,67,2,0.71,0,0,0,198026.66666666666,133563.5,889375.6666666666,19.89,13922,64.99411764705883,100.0
546,Joshua Reese,39,50000,28565,10305,208728,787,38,3,0.93,0,0,1,50713.75,28273.416666666668,209505.83333333334,20.61,11130,68.7764705882353,100.0
547,Jon Stephens,29,200000,129747,44186,1320164,684,256,1,0.85,0,0,0,195869.16666666666,131242.41666666666,1321012.5,22.09,26067,83.74117647058824,100.0
548,Rodney King,31,150000,99968,11219,421496,653,44,2,0.78,0,0,0,146990.16666666666,101214.75,422554.5833333333,7.48,38813,58.64705882352941,100.0
549,Angel Thomas,55,150000,95849,6485,306661,824,75,4,0.67,0,0,0,144805.41666666666,97052.58333333333,307683.9166666667,4.32,47666,63.38235294117647,100.0
550,Mary Morrow,51,50000,26121,4567,233787,824,298,4,0.86,0,0,1,48552.0,27241.166666666668,233018.16666666666,9.13,19312,93.28235294117647,100.0
551,Carl Singleton,39,100000,71532,10711,426719,720,285,3,0.62,1,1,0,96678.0,71441.66666666667,429382.1666666667,10.71,17757,78.71176470588236,100.0
552,Christopher Waller,26,30000,12989,6435,94240,780,54,1,0.75,0,0,0,29354.916666666668,13249.166666666666,92865.58333333333,21.45,10576,62.92941176470588,100.0
553,Wendy Adams,49,30000,12082,264,131108,842,96,2,0.77,0,0,0,30093.833333333332,12397.083333333334,130373.41666666667,0.88,17654,70.11764705882352,100.0
554,Erik Crane,28,50000,18946,6035,360167,686,173,1,0.71,0,0,0,49802.583333333336,18392.666666666668,362015.75,12.07,25019,69.91176470588235,100.0
555,Morgan Stewart,45,30000,16124,4765,227930,745,46,3,0.76,0,1,0,30430.5,16879.916666666668,229223.5,15.88,9111,61.29411764705882,100.0
556,Kelly Kennedy,45,200000,115859,30318,602777,699,233,3,0.91,1,0,0,200180.08333333334,111326.5,600176.25,15.16,53823,84.37058823529412,100.0
557,Valerie Scott,25,100000,38385,23755,264161,692,255,0,0.75,0,0,0,97748.83333333333,38497.416666666664,265996.25,23.76,37860,79.9235294117647,100.0
558,Bryan Shaw,58,100000,39511,3903,789305,747,68,0,0.71,1,0,0,103793.91666666667,39066.5,788513.9166666666,3.9,56586,61.56470588235294,100.0
559,Erin Wang,35,150000,97322,22457,640166,836,139,3,0.77,0,0,0,149255.33333333334,96223.66666666667,638417.0,14.97,30221,74.20588235294117,100.0
560,Chelsey Henry,47,70000,50776,17190,537691,688,189,1,0.87,0,0,0,69709.0,50711.166666666664,539757.75,24.56,2034,77.98235294117646,100.0
561,Wanda Burke,52,30000,17881,3356,88557,780,148,2,0.64,0,0,0,29305.75,18191.416666666668,88636.66666666667,11.19,8763,67.92941176470588,100.0
562,Jennifer Howard,25,30000,21009,6322,91529,694,285,4,0.93,0,0,0,31050.333333333332,21443.166666666668,93420.16666666667,21.07,2669,90.19411764705883,100.0
563,Vanessa Haas,33,30000,18177,2500,195601,809,283,2,0.85,1,0,1,30008.5,17816.166666666668,193216.91666666666,8.33,9323,90.8529411764706,100.0
564,James Jones,26,100000,72330,14908,487784,723,47,3,0.98,1,1,1,99403.83333333333,71025.58333333333,484939.0833333333,14.91,12762,69.41764705882353,100.0
565,Danielle Morris,45,100000,48245,9279,477184,840,48,1,0.78,0,0,0,99445.58333333333,48965.666666666664,475487.5833333333,9.28,42476,65.64705882352942,100.0
566,Kayla Salas,35,40000,29534,3450,258026,840,138,2,0.85,0,0,1,41324.0,29216.25,257903.66666666666,8.62,7016,77.44705882352942,100.0
567,Jeffrey Collins,35,30000,14944,7177,203463,739,271,1,0.84,0,0,1,30739.25,14620.25,204013.5,23.92,7879,86.78235294117647,100.0
568,William Fernandez,50,70000,30749,7730,449652,664,159,1,0.8,1,1,0,70097.0,30992.75,451141.1666666667,11.04,31521,71.33529411764707,100.0
569,Rachel Pierce,41,50000,32922,5184,163893,826,78,2,0.88,1,0,1,50086.75,33802.083333333336,164316.25,10.37,11894,72.15294117647059,100.0
570,Timothy Mcdowell,30,50000,24949,4833,365371,762,134,4,0.85,0,0,1,49511.333333333336,24722.166666666668,365675.5,9.67,20218,74.29411764705883,100.0
571,Larry Richards,29,50000,19265,8429,217059,843,188,3,0.81,0,0,1,49076.25,18180.083333333332,215717.33333333334,16.86,22306,80.95294117647059,100.0
572,Calvin Ramirez,58,40000,14316,1978,194750,733,221,0,0.91,1,0,1,39721.75,13637.916666666666,196136.83333333334,4.94,23706,84.37058823529412,100.0
573,John Sanders,51,70000,51924,3197,522721,656,143,3,0.78,1,1,0,69629.33333333333,52385.416666666664,523284.8333333333,4.57,14879,68.65294117647059,100.0
574,Julian Anderson,37,150000,95258,6249,1031799,776,38,0,0.97,0,0,1,149823.75,91318.5,1031137.25,4.17,48493,69.98823529411764,100.0
575,Amber Kirk,33,70000,27396,4895,365777,804,214,3,0.65,1,0,0,69419.0,26902.333333333332,368100.6666666667,6.99,37709,75.7764705882353,100.0
576,Joshua Young,42,30000,11295,2142,121797,687,264,4,0.92,0,1,0,30651.416666666668,11640.75,120829.33333333333,7.14,16563,87.4470588235294,100.0
577,Theresa George,50,30000,13077,1303,124082,673,69,4,0.93,1,1,0,29401.166666666668,12967.083333333334,124130.08333333333,4.34,15620,67.8529411764706,100.0
578,James Sanders,28,200000,103127,34012,881575,818,84,4,0.93,1,0,1,200930.91666666666,105354.25,882681.5,17.01,62861,74.47058823529413,100.0
579,John Neal,46,100000,56041,276,485335,653,280,3,0.83,0,0,0,100555.25,58636.666666666664,485367.8333333333,0.28,43683,84.24705882352941,100.0
580,Teresa Collins,53,40000,15024,3987,100681,847,280,1,0.73,0,0,0,40255.25,15025.916666666666,102886.0,9.97,20989,87.09411764705882,100.0
581,Emily Taylor,32,40000,20528,373,136895,682,168,3,0.98,0,1,0,39285.5,20394.25,135996.0,0.93,19099,80.07058823529412,100.0
582,Shelby Torres,58,100000,38346,13436,585543,749,234,4,0.78,1,0,0,98941.0,39465.083333333336,586235.3333333334,13.44,48218,81.03529411764707,100.0
583,Kevin Smith,43,70000,41033,974,554022,845,298,4,0.88,0,0,1,72490.58333333333,41752.166666666664,556325.5833333334,1.39,27993,94.82352941176471,100.0
584,Andrea Brown,53,30000,13391,6931,215969,653,179,2,0.98,1,0,0,30262.25,13303.166666666666,216965.83333333334,23.1,9678,80.14705882352942,100.0
585,Vincent Aguilar,22,150000,62248,29514,967037,767,271,1,0.77,1,1,0,145617.0,57801.25,967558.0833333334,19.68,58238,84.97058823529412,100.0
586,Rebecca Nunez,36,200000,91935,28885,770866,712,203,2,0.62,1,0,0,200066.33333333334,88993.0,768497.5833333334,14.44,79180,70.22941176470589,100.0
587,Stephen Fernandez,29,100000,71786,18984,531720,803,175,1,0.96,1,0,1,100576.0,72470.25,530749.25,18.98,9230,84.24117647058823,100.0
588,Mr. Jose Wallace,27,150000,107195,29307,950610,796,80,4,0.66,1,0,0,149959.91666666666,104957.0,952434.5,19.54,13498,62.49411764705883,100.0
589,Cynthia Brown,51,70000,51012,8797,338351,656,193,3,0.61,0,0,0,68474.75,52100.916666666664,333844.6666666667,12.57,10191,66.85294117647058,100.0
590,Micheal Farrell,57,50000,31564,12222,233997,697,272,1,0.71,0,0,0,51224.333333333336,31811.75,235150.5,24.44,6214,80.2,100.0
591,Christopher Bray,59,70000,25903,3439,228469,761,120,2,0.64,0,0,0,69292.91666666667,25323.5,226302.83333333334,4.91,40658,64.45882352941177,100.0
592,Lisa Lynch,23,200000,143429,499,871743,748,69,0,0.74,0,1,0,202076.16666666666,144264.5,872439.4166666666,0.25,56072,62.9,100.0
593,Tammy Fry,50,70000,28633,10372,512062,704,118,0,0.9,0,0,0,70700.83333333333,29156.083333333332,513328.4166666667,14.82,30995,72.6470588235294,100.0
594,Andrew Johnson,38,100000,68240,6345,337721,757,204,0,0.76,1,1,0,101273.66666666667,68154.66666666667,339987.5833333333,6.35,25415,77.51764705882353,100.0
595,William Hill,51,30000,13923,3985,193782,837,37,0,0.96,0,0,1,29860.25,14231.166666666666,193488.91666666666,13.28,12092,71.64117647058823,100.0
596,Alfred Bennett,46,70000,35021,2314,395197,702,288,3,0.72,1,0,0,73008.41666666667,35409.333333333336,397336.6666666667,3.31,32665,82.37647058823529,100.0
597,Patricia Newton,36,50000,25124,1236,152135,831,88,2,0.97,1,1,1,49607.583333333336,25529.833333333332,150256.91666666666,2.47,23640,76.92941176470588,100.0
598,Kevin Phelps,30,30000,13184,3250,236545,729,177,1,0.93,1,1,1,30591.916666666668,13093.333333333334,238369.91666666666,10.83,13566,80.62941176470589,100.0
599,Heather Jenkins,53,100000,74158,8847,476321,835,235,2,0.94,1,1,1,97378.91666666667,78915.08333333333,476250.5,8.85,16995,90.57058823529411,100.0
600,Jordan Hill,38,50000,24032,10659,249381,776,171,1,0.85,0,1,1,49193.583333333336,23290.416666666668,249795.08333333334,21.32,15309,78.48823529411764,100.0
601,Brett Chavez,55,50000,22271,9489,361819,763,121,4,0.69,0,0,0,49505.166666666664,22814.25,360855.4166666667,18.98,18240,66.62941176470588,100.0
602,Scott Willis,47,30000,21872,5298,216819,707,30,2,0.92,1,0,0,29973.416666666668,21695.916666666668,217483.91666666666,17.66,2830,64.75294117647059,100.0
603,Daniel Wolf,37,40000,14942,8178,215852,675,206,1,0.95,0,0,0,41008.666666666664,14823.25,216051.58333333334,20.44,16880,82.4235294117647,100.0
604,Natasha Shah,47,200000,129078,33282,1175252,747,48,4,0.76,1,1,0,201007.91666666666,125131.66666666667,1174626.0,16.64,37640,61.56470588235294,100.0
605,Pamela Snyder,24,100000,74902,14713,385640,768,121,3,0.9,0,0,1,99308.33333333333,75001.58333333333,385465.0833333333,14.71,10385,75.20588235294117,100.0
606,Jo Peterson,25,70000,51072,1776,443375,740,216,2,0.76,0,1,0,69903.41666666667,50231.333333333336,442416.5,2.54,17152,78.11764705882352,100.0
607,Curtis Andrews,39,30000,14525,4574,68340,806,132,2,0.99,0,1,1,30885.833333333332,14922.166666666666,67310.41666666667,15.25,10901,81.24705882352941,100.0
608,Nicole Thomas,21,150000,67340,19655,836352,848,121,2,0.7,0,1,0,150283.16666666666,66623.33333333333,833642.25,13.1,63005,70.02941176470588,100.0
609,Larry Garcia,34,150000,103219,16506,733795,799,179,3,0.75,0,1,0,148254.0,99437.08333333333,734061.8333333334,11.0,30275,76.1,100.0
610,Mrs. Doris Molina,30,40000,29227,5014,200605,810,239,1,0.73,0,1,0,41233.0,27859.75,199303.58333333334,12.53,5759,81.68823529411765,100.0
611,Carol Douglas,25,40000,23102,4581,197512,659,47,2,0.64,1,0,0,40289.75,23410.916666666668,197345.66666666666,11.45,12317,53.55882352941177,100.0
612,Tiffany Stein,30,150000,64469,32850,934427,656,203,4,0.72,0,0,0,150797.41666666666,63442.416666666664,936829.9166666666,21.9,52681,72.25294117647059,100.0
613,James Paul,54,30000,11011,3210,178731,751,297,2,0.91,1,0,1,30448.916666666668,10215.333333333334,177428.33333333334,10.7,15779,92.60588235294118,100.0
614,Stephanie Hodge,35,50000,36245,6471,241770,672,288,1,0.8,0,0,0,49882.916666666664,36880.0,238982.16666666666,12.94,7284,84.51764705882353,100.0
615,Michele Price,45,150000,56968,18997,1002536,816,172,2,0.61,0,0,0,151833.83333333334,54500.416666666664,1003254.25,12.66,74035,70.39999999999999,100.0
616,Bethany Garza,59,200000,136387,49723,914383,787,128,0,0.99,0,0,1,195034.66666666666,141044.66666666666,914036.6666666666,24.86,13890,80.17647058823529,100.0
617,Robert Bates,24,100000,68516,22635,378451,714,207,0,0.74,0,0,0,100327.75,65324.0,380295.5,22.64,8849,75.5,100.0
618,Grace Morrison,24,70000,48680,7904,349044,816,256,0,0.96,0,0,1,70898.91666666667,46120.75,347307.25,11.29,13416,92.79999999999998,100.0
619,Paul Gonzalez,22,50000,31572,4202,393749,671,87,3,0.79,1,0,0,49579.083333333336,29762.0,391797.5,8.4,14226,63.98235294117647,100.0
620,William Bates,50,150000,91738,26490,936029,718,188,2,0.75,1,0,0,151906.83333333334,85991.91666666667,935774.5,17.66,31772,74.14117647058823,100.0
621,Adam Johnson,50,50000,36096,11549,310888,776,131,1,0.87,1,0,1,49803.333333333336,35299.833333333336,306301.5,23.1,2355,75.28823529411764,100.0
622,Stephanie Watson,43,50000,36487,9142,321661,715,269,1,0.61,1,1,0,49293.0,35557.0,322594.4166666667,18.28,4371,76.53529411764706,100.0
623,David Adams,41,40000,21997,8111,237116,657,294,0,0.87,1,0,0,40053.75,20878.583333333332,236553.66666666666,20.28,9892,87.38823529411764,100.0
624,William Chaney,29,150000,85878,23509,362853,730,44,2,0.76,1,0,0,153680.91666666666,87857.16666666667,360507.4166666667,15.67,40613,60.56470588235293,100.0
625,William Black,35,150000,88732,15253,459537,692,187,4,0.73,0,0,0,147018.25,89308.58333333333,456879.25,10.17,46015,72.32352941176471,100.0
626,Christopher Gregory,36,100000,68583,12370,220090,687,262,2,0.66,0,1,0,98613.41666666667,68855.08333333333,220459.5,12.37,19047,76.84705882352941,100.0
627,Stacy Harris,32,30000,21854,620,167583,810,198,2,0.72,0,0,0,30210.25,21953.333333333332,166838.33333333334,2.07,7526,77.18823529411765,100.0
628,Sarah Mcintosh,53,50000,37045,877,260202,697,177,4,0.69,0,0,0,49631.25,37026.166666666664,260535.41666666666,1.75,12078,69.89999999999999,100.0
629,Melissa Black,42,150000,98264,33663,962699,666,278,1,0.77,0,0,0,151555.16666666666,96326.75,962866.5833333334,22.44,18073,82.10588235294118,100.0
630,Kelly Buck,21,200000,137873,26820,1178806,831,207,3,0.66,0,0,0,196640.25,139124.08333333334,1174857.25,13.41,35307,76.42941176470589,100.0
631,Brandon Neal,41,50000,36730,2654,123409,760,281,3,0.72,1,0,0,49641.25,36614.666666666664,124950.66666666667,5.31,10616,83.7235294117647,100.0
632,David Johnson,31,40000,28260,3287,83037,812,197,0,0.75,0,0,0,40145.583333333336,27659.166666666668,83755.66666666667,8.22,8453,78.35882352941177,100.0
633,Jennifer Munoz,57,40000,22939,5582,250375,711,244,0,0.82,0,0,0,40506.083333333336,23809.166666666668,247899.16666666666,13.96,11479,82.29411764705883,100.0
634,Megan White,58,40000,22390,7006,239363,818,153,2,0.85,1,0,1,39356.75,22968.416666666668,238507.33333333334,17.52,10604,78.17058823529412,100.0
635,Kari Murphy,35,150000,110042,14121,774379,731,175,2,0.86,0,0,1,144287.5,112271.33333333333,774737.0833333334,9.41,25837,77.7,100.0
636,Ellen Fields,55,200000,103444,10322,579403,681,273,1,0.7,0,1,0,201467.25,100771.16666666667,579290.0,5.16,86234,79.33529411764705,100.0
637,Erin Newman,25,50000,28062,7751,221122,838,117,1,0.63,0,0,0,49393.333333333336,28711.416666666668,220692.58333333334,15.5,14187,66.47647058823529,100.0
638,Sierra Hurst,57,40000,25128,3607,157067,656,265,1,0.8,0,1,0,40508.583333333336,23999.666666666668,156664.75,9.02,11265,81.65294117647059,100.0
639,William Klein,36,70000,50986,9139,468031,846,65,1,0.92,0,1,1,67070.66666666667,52154.5,468815.8333333333,13.06,9875,73.15882352941176,100.0
640,Elizabeth Lam,46,50000,35763,7384,297061,673,224,0,0.91,1,1,0,51137.25,36984.833333333336,295242.9166666667,14.77,6853,82.5529411764706,100.0
641,Sierra Ibarra,31,70000,32568,1825,292237,681,65,3,0.99,0,0,0,69287.83333333333,32861.666666666664,292974.0,2.61,35607,70.13529411764706,100.0
642,Michael Taylor,28,100000,67244,1492,318297,818,92,2,0.81,1,0,1,102036.25,70945.25,319573.25,1.49,31264,70.47058823529413,100.0
643,Andrew Daniels,43,50000,36540,7845,214202,819,138,1,0.76,0,0,0,51063.083333333336,36922.166666666664,212734.0,15.69,5615,73.10588235294118,100.0
644,Cassandra Johnson,37,150000,103239,36748,553035,764,63,3,0.87,1,0,1,146835.91666666666,103639.25,554840.25,24.5,10013,68.06470588235294,100.0
645,Michael Thompson,54,50000,27855,7476,197985,705,170,2,0.96,0,0,0,50915.416666666664,26604.166666666668,196331.0,14.95,14669,80.28235294117647,100.0
646,Abigail Kennedy,47,100000,51242,5807,218255,811,252,1,0.66,1,1,0,97753.25,51249.416666666664,219252.5,5.81,42951,80.22352941176472,100.0
647,Andrew Hanna,31,100000,73135,5342,638858,794,262,2,0.9,1,0,1,102488.41666666667,72087.91666666667,638762.4166666666,5.34,21523,90.22352941176472,100.0
648,Daniel Lewis DDS,54,40000,18730,5399,217716,778,63,3,0.98,0,0,1,39306.583333333336,18619.666666666668,219287.16666666666,13.5,15871,72.95882352941176,100.0
649,Nathan Flores,50,150000,80468,22481,602604,819,262,2,0.81,0,0,1,152860.16666666666,79228.83333333333,601501.9166666666,14.99,47051,87.50588235294119,100.0
650,Luis Mccarthy,26,100000,55536,2847,589462,674,26,1,0.74,0,0,0,101202.16666666667,56327.583333333336,591443.0833333334,2.85,41617,55.98823529411765,100.0
651,Jeffrey Smith,32,40000,23704,7369,313737,805,168,4,0.98,0,0,1,39656.666666666664,24020.083333333332,312710.1666666667,18.42,8927,84.41176470588235,100.0
652,Jason Blanchard,39,70000,43888,13579,153619,717,85,1,0.62,0,0,0,70288.75,43458.166666666664,152006.33333333334,19.4,12533,58.60588235294118,100.0
653,Kelly Russell,33,150000,70651,15917,582731,825,252,0,0.69,1,1,0,148715.66666666666,68688.75,582131.3333333334,10.61,63432,81.91764705882353,100.0
654,Peter Brady,49,50000,25173,10409,376451,655,61,0,0.75,0,0,0,49246.416666666664,24033.583333333332,376275.75,20.82,14418,59.21764705882353,100.0
655,Kristina Knapp,29,50000,28878,5659,375683,781,148,3,0.64,0,0,0,50249.416666666664,28756.666666666668,374502.0,11.32,15463,67.96470588235294,100.0
656,Michael Harper,40,200000,73902,20591,1370588,770,119,3,0.62,0,0,0,197186.0,76687.5,1371212.3333333333,10.3,105507,63.87647058823529,100.0
657,Kimberly Harvey,50,70000,29442,14055,254729,773,62,4,0.93,0,0,1,70899.08333333333,29232.833333333332,255275.0,20.08,26503,70.68235294117648,100.0
658,Amy Wiggins,35,50000,35232,1002,383608,839,69,4,0.78,1,0,0,50699.583333333336,36033.333333333336,382205.5833333333,2.0,13766,67.71176470588236,100.0
659,Wanda Payne,35,200000,137975,39931,1004530,826,213,0,0.68,0,0,0,199547.58333333334,134115.91666666666,1003439.75,19.97,22094,77.65294117647059,100.0
660,Jason Moreno,56,150000,87273,5210,713833,703,62,3,0.93,0,0,0,150560.16666666666,83015.0,713701.5833333334,3.47,57517,68.21176470588236,100.0
661,Jason Wall,27,200000,116425,37559,1034060,832,114,2,0.85,0,0,1,199804.33333333334,119048.41666666667,1034592.3333333334,18.78,46016,74.76470588235294,100.0
662,Michael Schmidt,57,150000,91419,25141,880537,737,97,0,0.64,0,0,0,151563.33333333334,92934.16666666667,880758.75,16.76,33440,61.311764705882354,100.0
663,Joel Mann,23,200000,137417,36369,911158,655,77,0,0.95,0,0,0,199820.25,140220.83333333334,909554.0833333334,18.18,26214,68.81764705882352,100.0
664,Sandra Sheppard,44,200000,83445,44343,1106819,838,146,3,0.95,1,1,1,200466.16666666666,88269.25,1106607.9166666667,22.17,72212,82.1764705882353,100.0
665,Megan Montgomery,54,30000,14510,1972,210922,783,83,3,0.9,1,0,1,30234.416666666668,14376.666666666666,210071.91666666666,6.57,13518,71.93529411764706,100.0
666,Brittany Cole,21,100000,63817,17599,620097,656,144,3,0.97,0,0,0,99968.25,64292.75,619156.75,17.6,18584,76.35294117647058,100.0
667,Anthony Rios,42,70000,34006,3287,361315,813,164,0,0.86,0,0,1,70941.08333333333,34814.166666666664,362253.3333333333,4.7,32707,79.49411764705883,100.0
668,Michael Hughes,34,40000,21171,6359,82022,651,222,4,0.85,0,0,0,41104.75,21452.666666666668,82272.16666666667,15.9,12470,79.17647058823529,100.0
669,John Mcdowell,25,70000,32872,3701,540063,693,163,0,0.93,0,0,0,69664.33333333333,33308.916666666664,536423.6666666666,5.29,33427,77.95882352941177,100.0
670,Carolyn Barker,25,40000,23085,1627,96688,818,118,2,0.94,0,1,1,40543.166666666664,21570.833333333332,95367.25,4.07,15288,78.27058823529411,100.0
671,William Goodwin,24,200000,113221,44272,1452091,802,59,1,0.76,0,0,0,192857.75,109773.91666666667,1450691.3333333333,22.14,42507,64.60588235294118,100.0
672,Mr. Damon House,24,50000,21439,4474,322894,734,125,3,0.65,0,0,0,48738.916666666664,21548.833333333332,320027.0,8.95,24087,64.40588235294118,100.0
673,Leon Matthews,22,150000,80367,1158,732602,744,57,0,0.94,0,0,1,146280.83333333334,78321.91666666667,731905.1666666666,0.77,68475,69.55882352941175,100.0
674,Brian Perez,47,40000,23829,1224,170856,701,140,2,0.8,0,0,0,40731.666666666664,24787.916666666668,174091.91666666666,3.06,14947,70.74117647058824,100.0
675,Andrew Evans,33,40000,14796,1274,107949,745,194,2,0.86,0,1,1,39397.833333333336,13998.916666666666,109043.0,3.19,23930,80.09411764705882,100.0
676,Doris Bird,45,100000,57066,12384,401228,763,298,3,1.0,1,0,1,101938.41666666667,61242.833333333336,403430.75,12.38,30550,96.72941176470589,100.0
677,Peter Cross,46,70000,33139,12075,468592,840,206,2,0.68,1,0,0,67492.75,32661.083333333332,468431.1666666667,17.25,24786,77.44705882352942,100.0
678,Kylie Perry,42,70000,33378,11351,333077,766,46,1,0.86,0,0,1,69974.0,33949.833333333336,332840.4166666667,16.22,25271,66.03529411764706,100.0
679,Michelle Oliver,29,150000,97728,19227,557583,714,254,2,0.79,0,1,0,148629.91666666666,101452.5,558918.5,12.82,33045,82.19999999999999,100.0
680,Christopher Spence,29,100000,44603,7524,379432,677,195,0,0.98,1,0,0,102603.08333333333,44983.833333333336,378841.1666666667,7.52,47873,82.59411764705882,100.0
681,Jason White,39,40000,26091,4697,252202,756,25,2,0.73,1,0,0,39697.416666666664,27022.083333333332,251819.91666666666,11.74,9212,58.38235294117647,100.0
682,Melissa Sanchez,49,100000,47526,1480,354660,815,162,4,0.77,0,0,0,97869.75,47675.75,355507.1666666667,1.48,50994,75.76470588235294,100.0
683,Larry Herrera,50,50000,35688,6381,315648,728,100,1,0.87,1,0,1,49890.166666666664,36683.583333333336,315481.25,12.76,7931,70.49411764705883,100.0
684,Carlos Nelson,40,40000,14762,5498,318662,849,182,0,0.65,0,0,0,39777.833333333336,14593.5,316929.9166666667,13.74,19740,74.16470588235295,100.0
685,Brandon Jenkins,22,200000,99924,24900,1138779,670,20,3,0.9,0,0,0,200964.5,102476.0,1138325.75,12.45,75176,61.647058823529406,100.0
686,Justin Aguilar,43,40000,19656,6818,124248,811,298,0,0.87,0,0,1,40254.916666666664,18277.833333333332,121806.83333333333,17.04,13526,93.2235294117647,100.0
687,Danielle Mason,45,40000,21135,1267,157024,710,233,4,0.78,0,1,0,40035.916666666664,22252.333333333332,158819.66666666666,3.17,17598,79.55882352941177,100.0
688,Andrew Jones,34,40000,24522,1822,174538,835,22,4,0.84,0,0,1,40882.75,24222.916666666668,175529.33333333334,4.56,13656,65.27058823529411,100.0
689,Gregory Miranda,56,150000,59533,5445,374528,732,218,4,0.86,0,1,1,143681.25,61107.083333333336,377111.3333333333,3.63,85022,82.03529411764706,100.0
690,Cheryl Wright,51,30000,15804,7125,159363,826,255,2,0.61,0,0,0,29894.083333333332,16416.5,156358.66666666666,23.75,7071,79.05294117647058,100.0
691,Lisa Ortiz,50,40000,19422,9712,114934,756,205,1,0.79,0,0,0,40663.583333333336,19038.666666666668,114777.83333333333,24.28,10866,78.78235294117647,100.0
692,Anthony Atkins,38,200000,94317,32623,778543,674,199,4,0.9,0,0,0,199844.83333333334,96145.33333333333,777732.9166666666,16.31,73060,79.68823529411765,100.0
693,Amy Little,49,30000,18000,6338,223801,705,274,2,0.92,0,0,0,29941.75,18861.916666666668,226888.41666666666,21.13,5662,89.08235294117648,100.0
694,Bridget Garcia,30,200000,112508,47638,585648,745,194,1,0.94,1,1,1,197588.16666666666,119265.16666666667,586531.4166666666,23.82,39854,83.29411764705881,100.0
695,Christine Greene,51,30000,11217,3657,90342,812,225,1,0.76,0,0,0,29496.0,11049.166666666666,92830.33333333333,12.19,15126,81.55882352941177,100.0
696,Susan Weiss,29,100000,62101,14071,717840,665,124,2,0.78,0,1,0,100078.25,59257.5,718773.5833333334,14.07,23828,67.07058823529412,100.0
697,Ryan Leblanc,58,200000,103196,22714,1395999,833,76,0,0.73,1,0,0,196872.5,106876.58333333333,1395815.25,11.36,74090,66.19999999999999,100.0
698,Kevin Nelson,39,50000,28184,2768,115311,831,230,1,0.72,0,0,0,49570.666666666664,27426.083333333332,112611.08333333333,5.54,19048,81.12941176470588,100.0
699,Stephanie Cannon,37,50000,19357,3554,127648,730,248,1,0.99,1,0,1,50811.0,19348.416666666668,125952.83333333333,7.11,27089,90.16470588235293,100.0
700,Kimberly Simpson,38,100000,73519,19889,620475,778,222,2,0.96,1,1,1,101161.66666666667,75355.41666666667,619557.8333333334,19.89,6592,88.05882352941177,100.0
701,Renee Fry,58,200000,104999,26984,529545,824,173,0,0.67,0,1,0,196261.75,106117.33333333333,529831.6666666666,13.49,68017,73.18235294117648,100.0
702,Hannah Lopez,49,30000,12220,14,73838,661,249,3,0.8,0,0,0,29612.416666666668,12967.0,74353.0,0.05,17766,80.22941176470587,100.0
703,Cheryl Todd,41,150000,64558,22221,767354,845,137,3,0.9,1,0,1,157650.33333333334,64620.833333333336,767015.5,14.81,63221,79.52352941176471,100.0
704,Sean Berger,22,150000,94589,28838,754772,764,229,2,0.99,0,0,1,150781.5,93997.5,753609.4166666666,19.23,26573,89.46470588235294,100.0
705,Theresa Roberts,31,40000,19814,1667,248020,807,57,2,0.67,0,0,0,40179.833333333336,20301.166666666668,250466.75,4.17,18519,60.98235294117647,100.0
706,Bruce Harris,36,100000,65686,4991,786596,722,233,1,0.91,0,1,1,101345.16666666667,67307.0,788109.3333333334,4.99,29323,85.18235294117646,100.0
707,Cynthia Bolton,44,40000,29977,7610,138015,818,57,3,0.94,0,0,1,40306.416666666664,29656.75,136816.41666666666,19.02,2413,72.17058823529412,100.0
708,Kenneth Parker,23,70000,29310,17178,262583,694,240,1,0.94,1,0,0,67510.58333333333,29110.25,262172.1666666667,24.54,23512,86.09411764705882,100.0
709,Nicholas Rivas,50,150000,100836,3593,618101,665,94,3,0.61,1,0,0,147711.58333333334,95436.75,617952.4166666666,2.4,45571,57.27058823529411,100.0
710,Jay Harrison,22,200000,85495,27174,661659,680,233,4,0.72,0,0,0,203186.66666666666,87066.58333333333,661250.6666666666,13.59,87331,76.1,100.0
711,Michael Montgomery,51,50000,31616,4789,196085,733,160,4,0.88,0,1,1,50614.5,30001.333333333332,196263.08333333334,9.58,13595,77.07058823529411,100.0
712,Andrew Garza,23,30000,20450,6560,186803,704,98,0,0.75,1,0,0,30275.916666666668,20442.666666666668,184995.41666666666,21.87,2990,64.6470588235294,100.0
713,Tammy Stein,34,70000,42432,155,252363,690,114,4,0.64,1,0,0,69801.91666666667,40844.916666666664,250890.0,0.22,27413,61.35294117647059,100.0
714,Lori Kemp,55,50000,27924,1383,215779,667,240,2,0.66,1,0,0,50328.083333333336,28027.75,219945.66666666666,2.77,20693,73.94117647058823,100.0
715,Glen Winters,37,50000,23205,9927,285318,704,293,1,0.73,0,0,0,48573.083333333336,24680.333333333332,285641.9166666667,19.85,16868,83.34705882352941,100.0
716,Christy Williams,32,70000,36045,15127,271522,690,95,2,0.64,0,1,0,68506.5,35341.25,274029.4166666667,21.61,18828,59.45294117647059,100.0
717,Christine Arnold,44,50000,32854,9077,160381,819,29,0,0.7,0,0,0,50310.583333333336,33476.5,159929.5,18.15,8069,59.805882352941175,100.0
718,John Bowman,46,50000,24430,9537,260393,746,49,0,0.66,0,0,0,49707.583333333336,25087.75,261065.66666666666,19.07,16033,57.629411764705885,100.0
719,Christian Freeman,25,70000,43892,11846,371897,815,242,3,0.8,0,0,0,69227.08333333333,45286.166666666664,369367.9166666667,16.92,14262,84.96470588235294,100.0
720,Penny Kim,23,70000,36775,10681,347053,803,118,3,0.87,0,0,1,67810.83333333333,34937.333333333336,345097.9166666667,15.26,22544,74.94117647058823,100.0
721,Kayla Hernandez,37,70000,51237,12677,431823,803,205,2,0.72,1,0,0,72030.58333333333,52913.75,432313.6666666667,18.11,6086,77.64117647058823,100.0
722,Matthew Bush,35,40000,17518,113,287957,701,161,1,0.75,1,0,0,39200.333333333336,17122.666666666668,287478.0833333333,0.28,22369,70.84117647058824,100.0
723,Amber Jones,33,150000,53061,11102,729630,836,129,2,0.83,1,0,1,146926.41666666666,56519.833333333336,730108.4166666666,7.4,85837,75.60588235294118,100.0
724,Richard Lewis,59,50000,23583,322,119134,836,120,1,0.75,0,0,0,49243.416666666664,24350.416666666668,120272.33333333333,0.64,26095,71.50588235294117,100.0
725,Julian Arnold,58,150000,77147,27583,418215,656,183,4,0.69,0,0,0,147914.41666666666,75074.41666666667,418034.75,18.39,45270,69.05294117647058,100.0
726,Terri Mitchell,59,30000,21436,1141,104867,685,175,2,0.72,1,0,0,29914.25,21469.666666666668,105011.25,3.8,7423,70.47647058823529,100.0
727,Mary Ayala,23,50000,24950,5083,212742,746,279,1,0.65,1,0,0,50620.75,24499.083333333332,211705.5,10.17,19967,80.22941176470589,100.0
728,David Young,46,50000,32009,7951,234494,656,285,3,0.74,0,0,0,48791.583333333336,33860.25,233096.58333333334,15.9,10040,81.25294117647059,100.0
729,Suzanne Manning,41,40000,20669,6711,177746,670,157,0,0.68,0,0,0,40534.583333333336,20996.25,175960.08333333334,16.78,12620,66.54705882352941,100.0
730,Carla Lewis,59,40000,17168,2078,274611,783,196,2,0.65,1,1,0,41232.416666666664,17220.166666666668,277642.3333333333,5.2,20754,73.23529411764706,100.0
731,Marilyn Thomas,50,50000,36655,7852,114998,717,96,3,0.81,0,0,0,50007.416666666664,35515.666666666664,116208.66666666667,15.7,5493,67.30588235294118,100.0
732,Natalie Martin,38,100000,47676,12903,611934,770,298,0,0.86,0,0,1,97454.41666666667,47459.916666666664,612146.0833333334,12.9,39421,91.37647058823529,100.0
733,Amanda Padilla,25,40000,26314,222,194779,689,210,0,0.67,0,0,0,39549.916666666664,25772.416666666668,195483.33333333334,0.56,13464,72.11764705882354,100.0
734,Vickie Hogan,24,40000,20289,990,309791,681,248,0,0.84,0,1,0,39911.25,20601.083333333332,311141.9166666667,2.48,18721,82.43529411764706,100.0
735,Kristopher Lawson MD,34,30000,20882,6240,195656,653,193,1,0.79,1,1,0,30459.166666666668,20767.166666666668,196467.83333333334,20.8,2878,73.94705882352942,100.0
736,Mr. Spencer Mcdonald,24,70000,51749,863,174834,688,195,1,0.85,1,0,0,70938.33333333333,52674.5,174516.16666666666,1.23,17388,77.78235294117647,100.0
737,Tricia Underwood,22,150000,63799,26388,330006,742,42,2,0.83,1,1,1,151646.5,59746.0,328853.3333333333,17.59,59813,63.588235294117645,100.0
738,Pamela Brown,56,70000,32270,4020,475287,763,129,3,0.66,0,0,0,69214.83333333333,29397.416666666668,475845.75,5.74,33710,66.22941176470589,100.0
739,Erin Evans,21,100000,39972,16501,565323,831,228,3,0.98,1,0,1,97494.25,38343.916666666664,564316.9166666666,16.5,43527,91.32941176470588,100.0
740,Daniel Sawyer,31,70000,29176,11730,304450,829,291,1,0.82,0,1,1,71337.83333333333,29035.25,302188.3333333333,16.76,29094,91.15882352941176,100.0
741,Allison Bryant,37,50000,24359,8060,169187,803,153,0,0.75,0,0,0,49686.666666666664,24092.833333333332,168775.25,16.12,17581,73.64117647058823,100.0
742,Shannon Davis,31,50000,28879,7522,390347,726,181,0,0.79,0,0,0,49925.75,27405.916666666668,388191.4166666667,15.04,13599,75.32352941176471,100.0
743,Kathryn Rhodes,35,40000,24736,9670,141539,799,25,3,0.81,0,0,1,39489.416666666664,24820.916666666668,140178.0,24.18,5594,63.10000000000001,100.0
744,Charles Dyer,57,50000,31730,7283,204150,841,142,4,0.63,0,0,0,50556.333333333336,33060.916666666664,202456.58333333334,14.57,10987,69.08235294117647,100.0
745,Tanya Phillips,58,150000,54040,8165,731356,794,269,4,0.65,0,1,0,149128.08333333334,55268.583333333336,728676.8333333334,5.44,87795,80.9235294117647,100.0
746,James Parks,34,70000,35666,14606,524615,786,193,3,0.74,0,0,0,68435.66666666667,35082.083333333336,524302.75,20.87,19728,76.64117647058823,100.0
747,Rachel James,50,70000,25288,13492,364563,724,68,2,0.7,1,0,0,68937.08333333333,25203.916666666668,362791.5833333333,19.27,31220,60.35294117647059,100.0
748,Michele Clark,42,40000,18944,452,178326,829,144,2,0.96,1,0,1,39853.666666666664,19884.0,180029.0,1.13,20604,82.05882352941177,100.0
749,Aaron Hanson,27,40000,14294,7235,284671,826,219,4,0.86,0,0,1,40375.416666666664,14879.916666666666,280729.25,18.09,18471,85.45294117647057,100.0
750,Charles Phillips,23,150000,92876,4954,772050,754,257,2,0.94,0,0,1,147050.08333333334,92871.33333333333,772283.8333333334,3.3,52170,89.91176470588235,100.0
751,Brianna Whitehead,48,100000,36178,24742,629786,812,237,4,0.99,0,0,1,100315.41666666667,35827.666666666664,629211.5,24.74,39080,91.95882352941177,100.0
752,Amber Mathews,56,50000,28962,4521,205269,823,111,1,0.9,0,0,1,49481.25,29703.083333333332,203202.41666666666,9.04,16517,76.1470588235294,100.0
753,Patricia Medina,24,30000,16034,1457,224491,709,169,2,0.95,1,0,0,30043.166666666668,15660.166666666666,225950.83333333334,4.86,12509,79.9235294117647,100.0
754,John Johnson,26,100000,65165,8079,276777,815,168,3,0.93,0,0,1,98552.25,65878.75,278203.25,8.08,26756,82.76470588235294,100.0
755,Kenneth Haynes,54,70000,39046,16504,492395,787,36,4,0.94,0,0,1,69039.16666666667,41105.666666666664,493200.9166666667,23.58,14450,68.97647058823529,100.0
756,Laurie Carroll,47,50000,20901,1892,148823,801,70,0,0.76,0,0,0,48746.083333333336,21443.25,150866.0,3.78,27207,65.67058823529412,100.0
757,John Richards,54,150000,67259,2371,940243,692,162,2,0.93,0,0,0,149114.08333333334,71349.08333333333,939072.9166666666,1.58,80370,77.82352941176471,100.0
758,Richard Suarez,41,40000,19026,3543,171852,685,283,1,0.99,0,0,0,40407.25,19565.666666666668,171629.41666666666,8.86,17431,92.0764705882353,100.0
759,Justin Bowman,33,50000,24802,3038,290919,766,224,3,0.83,1,0,1,50418.0,24302.75,289601.8333333333,6.08,22160,82.63529411764706,100.0
760,John Sheppard,54,70000,44094,12777,494360,666,99,2,0.65,1,0,0,70390.25,43326.583333333336,495695.25,18.25,13129,59.40588235294118,100.0
761,Elizabeth Jordan,30,100000,65128,17259,747830,762,214,0,0.79,0,1,0,99297.08333333333,65692.5,746921.75,17.26,17613,79.89411764705883,100.0
762,Eric Welch,25,50000,32001,2921,251124,830,21,0,0.6,0,0,0,49744.333333333336,30449.666666666668,253542.5,5.84,15078,55.39411764705883,100.0
763,Anthony Miranda,38,150000,73381,28577,353739,807,275,4,0.68,0,0,0,151374.0,71972.66666666667,353785.75,19.05,48042,83.18235294117648,100.0
764,Catherine Lopez,49,70000,29578,16971,263313,817,256,1,0.72,0,0,0,70509.16666666667,29269.416666666668,262451.3333333333,24.24,23451,83.23529411764706,100.0
765,Robin Harrison,25,70000,32470,15422,525925,778,48,2,0.75,0,1,0,71415.66666666667,32353.916666666668,525960.8333333334,22.03,22108,62.25882352941176,100.0
766,Michael Beck,27,150000,95847,28204,950918,773,35,3,0.99,0,0,1,147614.66666666666,95649.41666666667,949724.6666666666,18.8,25949,70.38235294117646,100.0
767,Colleen Harris,56,50000,36768,5737,196580,781,83,2,0.71,1,0,0,50522.416666666664,36904.5,194481.08333333334,11.47,7495,64.26470588235294,100.0
768,Amy Smith,43,200000,71242,21894,1083382,763,266,1,0.74,0,0,0,203059.33333333334,74652.66666666667,1083798.0833333333,10.95,106864,83.12941176470588,100.0
769,Michele Farmer,30,150000,83800,4186,1016278,662,141,1,0.85,0,0,0,143631.33333333334,84636.25,1013670.5,2.79,62014,71.46470588235293,100.0
770,Jeffery Barnes,21,30000,12894,2386,147214,779,100,0,0.6,1,0,0,30145.583333333332,13626.25,147537.58333333334,7.95,14720,61.49411764705883,100.0
771,Sally Smith,44,100000,63338,24776,433975,767,155,1,0.86,0,0,1,96833.0,63315.166666666664,433156.5833333333,24.78,11886,76.97058823529412,100.0
772,George Carlson,40,50000,19839,11540,383121,742,110,0,0.77,0,0,0,49053.583333333336,20369.0,384670.6666666667,23.08,18621,67.98823529411764,100.0
773,Bill Johnson,36,200000,105647,22709,670140,657,282,4,0.94,0,0,0,194043.91666666666,109729.58333333333,670352.8333333334,11.35,71644,88.98823529411764,100.0
774,Stephanie Moss,30,150000,68966,5739,868781,757,143,1,0.67,0,0,0,152020.66666666666,67767.0,867787.5833333334,3.83,75295,67.81764705882352,100.0
775,Danielle Ross,29,100000,55818,7769,541805,757,52,2,0.84,0,0,1,97820.5,55990.333333333336,541789.6666666666,7.77,36413,65.51764705882353,100.0
776,Ernest Gregory,54,70000,33122,8064,425755,715,24,3,0.72,0,0,0,69502.5,32351.166666666668,426880.5833333333,11.52,28814,56.435294117647054,100.0
777,Carolyn Owens,31,40000,22223,1409,172202,713,77,2,0.91,1,0,0,39830.416666666664,21950.583333333332,172678.16666666666,3.52,16368,69.26470588235294,100.0
778,Kara Cunningham,26,150000,91327,24181,906171,752,292,3,0.77,0,0,0,148102.91666666666,92039.33333333333,905638.1666666666,16.12,34492,86.54117647058824,100.0
779,Matthew Wells,28,200000,132700,15619,1041992,685,258,3,0.97,1,0,0,199729.08333333334,134954.25,1042729.3333333334,7.81,51681,88.77647058823528,100.0
780,Joshua Taylor,40,50000,26816,3885,264237,681,240,4,0.62,0,0,0,50170.916666666664,28560.5,265468.3333333333,7.77,19299,72.83529411764707,100.0
781,David Johnson,36,50000,37239,4713,238791,802,299,0,0.82,0,0,1,50453.416666666664,37623.0,237944.16666666666,9.43,8048,91.00588235294117,100.0
782,Michelle Douglas,33,30000,11845,1738,239239,832,117,3,0.81,1,1,1,29786.083333333332,12111.0,243786.83333333334,5.79,16417,73.46470588235294,100.0
783,Cody Morgan,54,30000,21921,1415,194999,794,297,2,0.89,0,0,1,30621.0,22434.916666666668,195807.25,4.72,6664,93.32352941176471,100.0
784,Carol Fisher,54,40000,28263,7925,98523,783,46,3,0.83,0,0,1,40105.916666666664,27031.416666666668,99590.5,19.81,3812,65.43529411764705,100.0
785,Dawn Flores,32,30000,12081,2935,137471,755,29,1,0.98,0,0,1,29497.916666666668,11922.0,139325.08333333334,9.78,14984,68.74705882352941,100.0
786,Margaret Sullivan,42,200000,83010,37557,599801,686,82,2,0.63,0,0,0,195685.75,80845.91666666667,596907.0833333334,18.78,79433,57.61176470588235,100.0
787,Theodore Leonard,39,50000,22317,924,340631,790,159,2,0.81,1,0,1,50289.5,21080.25,342176.0,1.85,26759,76.18235294117648,100.0
788,Jimmy Chase,49,30000,19020,1841,63343,762,297,2,0.62,0,0,0,30379.0,18947.083333333332,62827.916666666664,6.14,9139,81.39411764705882,100.0
789,Brenda Bryant,56,30000,10548,4128,154339,707,200,0,0.81,1,0,0,30294.333333333332,10508.333333333334,156577.16666666666,13.76,15324,77.3529411764706,100.0
790,Joshua Mcmillan,42,40000,18508,7525,142639,798,161,3,0.72,0,1,0,38527.416666666664,17360.583333333332,144307.41666666666,18.81,13967,73.06470588235294,100.0
791,Linda Kelley,48,200000,127697,48511,1378431,757,51,3,0.61,0,0,0,199494.0,121768.83333333333,1378533.5,24.26,23792,56.21764705882353,100.0
792,Sandra Young,34,50000,32366,376,277817,803,31,2,0.63,0,0,0,50813.25,31547.666666666668,277481.75,0.75,17258,56.641176470588235,100.0
793,David Cannon,54,40000,14906,1319,297961,763,285,1,0.83,0,0,1,40711.166666666664,15190.083333333334,297185.0,3.3,23775,88.62941176470588,100.0
794,Ashley Holmes,28,40000,19623,6338,232240,748,276,2,0.67,0,0,0,40181.416666666664,21033.083333333332,231236.83333333334,15.84,14039,80.80000000000001,100.0
795,Thomas Hernandez,43,50000,18381,2740,370484,831,105,1,0.85,1,0,1,50382.25,19091.75,371848.5833333333,5.48,28879,73.82941176470588,100.0
796,Lauren Thompson,38,50000,33248,7697,234464,669,283,4,0.79,0,1,0,50218.25,32270.75,233541.16666666666,15.39,9055,83.51176470588236,100.0
797,John Bradley,58,50000,33659,7238,293968,797,172,3,0.71,0,0,0,50735.5,33122.0,294870.25,14.48,9103,73.72941176470589,100.0
798,Scott Grimes,38,70000,41529,9074,327440,737,216,4,0.89,1,1,1,70003.5,39517.75,328170.3333333333,12.96,19397,83.21176470588235,100.0
799,Sharon Robinson,32,40000,19393,9087,188192,785,249,2,0.63,1,0,0,39764.666666666664,20227.583333333332,187203.83333333334,22.72,11520,77.80588235294118,100.0
800,Troy Juarez,31,100000,62548,936,551387,757,196,4,0.96,0,0,1,100404.66666666667,65085.333333333336,551033.75,0.94,36516,84.71764705882353,100.0
801,Mr. Jeremy Reid,57,150000,71091,26951,475769,764,25,1,0.85,1,0,1,148232.33333333334,70688.16666666667,476346.6666666667,17.97,51958,63.464705882352945,100.0
802,Amanda Jackson,53,70000,38788,12372,427392,664,66,0,0.67,0,0,0,71264.83333333333,39183.083333333336,427804.8333333333,17.67,18840,56.83529411764706,100.0
803,Jessica Bryan,47,50000,22235,6166,289189,849,159,1,0.95,0,0,1,50201.083333333336,22234.083333333332,288757.9166666667,12.33,21599,83.86470588235295,100.0
804,Amanda Chambers,40,40000,26147,8626,308428,728,267,2,0.78,0,1,0,39952.666666666664,25901.75,308091.6666666667,21.56,5227,83.59411764705882,100.0
805,Julie Williams,28,50000,36046,5412,150046,840,177,1,0.72,0,0,0,50196.666666666664,36073.833333333336,148174.91666666666,10.82,8542,76.1470588235294,100.0
806,Ryan Wong,27,70000,35071,3676,174849,755,252,1,0.65,0,0,0,70219.33333333333,35013.833333333336,176292.58333333334,5.25,31253,77.84705882352941,100.0
807,Kathleen Roberts,33,30000,20210,3928,107455,734,56,0,0.65,0,0,0,29882.0,19372.333333333332,104240.91666666667,13.09,5862,57.50588235294118,100.0
808,Lucas Reyes,56,150000,52918,32720,350671,738,22,1,0.96,1,0,1,150008.25,52589.0,351611.6666666667,21.81,64362,66.6470588235294,100.0
809,Frank Smith,54,70000,36043,7800,266819,801,144,0,0.65,0,0,0,70432.08333333333,37457.0,265307.25,11.14,26157,68.67058823529412,100.0
810,Cathy Brooks,35,150000,110061,10210,1151864,817,295,4,0.83,0,0,1,150880.66666666666,109742.08333333333,1153282.0,6.81,29729,91.53529411764706,100.0
811,Kimberly Davis,22,30000,18096,6845,172417,838,127,1,0.98,1,0,1,28600.583333333332,17273.75,172410.25,22.82,5059,81.4764705882353,100.0
812,Jason Phillips,50,100000,37226,4872,738711,841,175,0,0.65,0,0,0,99816.41666666667,38072.583333333336,737378.1666666666,4.87,57902,73.18235294117648,100.0
813,William Alexander,46,150000,55300,7324,1104252,655,130,1,0.85,0,0,0,151582.58333333334,55425.0,1105987.25,4.88,87376,70.11764705882354,100.0
814,Barbara Short,24,150000,83622,26360,796315,847,140,3,0.64,0,0,0,150239.58333333334,83240.08333333333,795273.0833333334,17.57,40018,69.49411764705883,100.0
815,John Brown,41,70000,37653,15447,505927,830,154,1,0.99,1,1,1,69180.08333333333,38087.583333333336,502284.25,22.07,16900,84.29411764705881,100.0
816,James Atkinson,22,30000,10552,1984,230262,742,153,2,0.66,0,1,0,30416.166666666668,9988.666666666666,233367.16666666666,6.61,17464,67.88823529411765,100.0
817,Paul Craig,26,200000,86297,38447,894440,822,65,1,0.96,0,0,1,193976.0,83769.66666666667,895465.5833333334,19.22,75256,73.91176470588235,100.0
818,Joshua Pacheco,43,50000,19514,4917,147598,653,249,1,0.78,0,0,0,49644.5,19208.916666666668,145024.0,9.83,25569,79.14705882352942,100.0
819,Jeffrey Nielsen,22,100000,45551,6381,684559,708,171,1,0.71,0,0,0,98527.58333333333,43900.666666666664,683398.3333333334,6.38,48068,70.48823529411764,100.0
820,Ethan Arnold DVM,44,200000,97858,9377,414593,770,221,3,0.82,0,0,1,199895.25,97957.25,415473.75,4.69,92765,82.07647058823528,100.0
821,Mallory Schmidt,21,100000,64893,6865,788925,846,209,2,0.82,0,1,1,100361.5,63018.25,788329.8333333334,6.86,28242,83.55882352941177,100.0
822,Roberta Thompson,32,70000,26486,5566,314322,841,238,4,0.91,0,0,1,69427.41666666667,26456.25,317697.6666666667,7.95,37948,89.88235294117646,100.0
823,Francisco Rivera,44,100000,39240,14140,330927,820,34,1,0.98,0,0,1,99114.83333333333,39311.0,327065.0,14.14,46620,71.54117647058824,100.0
824,Megan Simpson,53,40000,25705,9318,313837,794,189,4,0.72,1,0,0,41135.916666666664,26039.25,313967.25,23.3,4977,75.7235294117647,100.0
825,Michael Perez,24,30000,12244,3283,130229,802,149,0,0.69,0,0,0,30475.833333333332,11868.0,128669.83333333333,10.94,14473,70.80588235294118,100.0
826,Rachel Green,23,100000,62010,2963,615343,666,290,1,0.63,0,0,0,102746.08333333333,62887.75,616114.9166666666,2.96,35027,77.70588235294117,100.0
827,Rebecca Jenkins,31,30000,13078,5410,166365,785,115,0,0.86,1,0,1,30963.25,13269.333333333334,166311.41666666666,18.03,11512,73.60588235294118,100.0
828,Eric Jacobson,54,150000,62811,32557,676750,780,267,0,0.66,0,1,0,148882.58333333334,62965.0,680674.25,21.7,54632,80.62941176470588,100.0
829,Leah Hill,35,40000,27014,1454,152136,726,114,4,0.82,0,0,1,39824.583333333336,26384.75,149667.33333333334,3.64,11532,69.82352941176471,100.0
830,Michelle Edwards,57,50000,27550,10039,180051,753,207,2,0.98,1,0,1,49809.0,26352.0,181766.58333333334,20.08,12411,86.4764705882353,100.0
831,Monica Spears,38,150000,111954,29414,935099,657,271,3,0.99,0,1,0,152221.33333333334,113863.08333333333,934057.75,19.61,8632,89.88823529411765,100.0
832,Erin Edwards,48,30000,16048,6355,64872,698,47,2,0.62,0,0,0,29757.25,16555.166666666668,66008.5,21.18,7597,54.135294117647064,100.0
833,Susan Miller,33,200000,80910,25527,805079,654,146,0,0.74,1,1,0,199801.08333333334,83637.75,803631.8333333334,12.76,93563,67.28235294117647,100.0
834,Sonia Chambers,34,150000,88268,9343,451899,766,114,2,0.87,0,0,1,151172.33333333334,85366.66666666667,454308.3333333333,6.23,52389,73.23529411764706,100.0
835,Amber Terrell,55,50000,33389,11733,362826,665,240,0,0.86,1,0,0,47570.583333333336,32531.333333333332,362442.6666666667,23.47,4878,81.87058823529412,100.0
836,Andrea Cohen,37,100000,36054,1489,627568,738,56,1,0.77,1,1,0,101222.25,36229.166666666664,628090.3333333334,1.49,62457,62.44705882352941,100.0
837,Melinda Perez,24,100000,57773,1382,470537,819,81,2,0.75,0,0,0,101860.5,60032.333333333336,470301.0,1.38,40845,67.00588235294117,100.0
838,Ashley Nguyen,38,100000,56344,9777,411024,779,214,4,0.81,0,0,1,96994.0,57488.25,410322.0,9.78,33879,81.29411764705884,100.0
839,Dale Green,32,30000,18656,6715,135889,658,159,0,0.78,1,0,0,29861.416666666668,18213.583333333332,135337.75,22.38,4629,70.32352941176471,100.0
840,Christine Parks,42,200000,72413,504,497751,758,186,0,0.63,0,1,0,198127.25,72990.58333333333,497546.0,0.25,127083,70.5529411764706,100.0
841,Lisa Leonard,43,100000,49269,10143,771077,827,266,2,0.98,0,1,1,98960.0,53687.416666666664,771356.8333333334,10.14,40588,94.98823529411766,100.0
842,Timothy Gordon,26,50000,33316,5856,236334,839,275,2,0.78,0,0,0,49688.083333333336,33549.916666666664,236139.16666666666,11.71,10828,88.31176470588235,100.0
843,Daniel Taylor,56,150000,98875,21354,543746,838,97,3,0.82,0,1,1,150095.33333333334,97403.58333333333,544257.5833333334,14.24,29771,72.0764705882353,100.0
844,Charles Strong,38,100000,64616,2382,324241,788,235,1,0.9,0,0,1,101294.25,63112.25,328436.8333333333,2.38,33002,87.31176470588235,100.0
845,Johnny Haney,49,30000,17891,7417,84240,684,179,2,0.71,1,0,0,30171.583333333332,17557.583333333332,85148.41666666667,24.72,4692,70.44117647058823,100.0
846,Angela Garza,55,100000,69736,16963,364694,748,66,1,0.76,0,0,0,99902.5,70708.58333333333,364057.1666666667,16.96,13301,63.4,100.0
847,Susan Garcia,57,200000,85999,13903,603349,652,56,4,0.72,0,0,0,202511.41666666666,83535.16666666667,603788.0833333334,6.95,100098,57.411764705882355,100.0
848,Kathleen Martin,29,200000,144485,216,679498,756,57,2,0.91,1,0,1,197746.33333333334,146414.83333333334,680363.8333333334,0.11,55299,68.78235294117647,100.0
849,Kayla Page,56,70000,33187,1006,327870,658,30,4,0.77,1,0,0,69670.58333333333,32504.75,330253.4166666667,1.44,35807,57.02352941176471,100.0
850,Matthew Hill,28,40000,23360,2100,230973,772,241,2,0.87,0,0,1,40642.416666666664,23933.583333333332,231767.25,5.25,14540,86.14705882352942,100.0
851,April Brooks,51,100000,48755,5750,386057,677,126,4,0.84,1,0,0,100673.25,48360.583333333336,387609.0833333333,5.75,45495,70.09411764705882,100.0
852,James Gonzales,34,70000,47070,6054,356400,668,43,1,0.64,1,0,0,69757.58333333333,46332.583333333336,358166.6666666667,8.65,16876,53.476470588235294,100.0
853,Carol Brewer,40,40000,20670,1915,286445,728,58,1,0.96,1,0,1,39740.666666666664,20639.583333333332,288772.6666666667,4.79,17415,69.89411764705882,100.0
854,Christopher Jones,57,200000,142333,26041,1213536,809,104,4,0.84,0,0,1,198374.83333333334,142141.66666666666,1212693.75,13.02,31626,72.5529411764706,100.0
855,Jody Hudson,28,40000,19765,4516,180929,786,83,3,0.73,1,0,0,39853.833333333336,19834.583333333332,183208.33333333334,11.29,15719,65.24117647058823,100.0
856,Karen Baldwin,50,70000,49058,2892,515173,737,147,1,0.64,0,0,0,70573.58333333333,49015.833333333336,514809.6666666667,4.13,18050,66.31176470588235,100.0
857,Robert Spence,35,200000,129244,44557,833051,734,201,1,0.78,0,0,0,199612.83333333334,130313.16666666667,833834.9166666666,22.28,26199,77.20588235294119,100.0
858,Monica Obrien,41,30000,16463,1451,194534,663,33,3,0.91,1,0,0,30439.416666666668,17073.583333333332,196378.83333333334,4.84,12086,63.099999999999994,100.0
859,Malik Martin,34,50000,20388,10042,127132,737,266,4,0.97,0,1,1,49186.833333333336,19877.5,126800.16666666667,20.08,19570,91.41176470588235,100.0
860,John Ramirez,27,150000,56749,8015,865139,687,183,0,0.76,0,0,0,146088.83333333334,55431.5,864094.75,5.34,85236,72.9470588235294,100.0
861,Heather Pierce,27,150000,55468,4474,324865,670,117,4,0.94,0,1,0,149181.5,57383.833333333336,324622.5833333333,2.98,90058,72.9470588235294,100.0
862,Keith Tucker,55,150000,102207,25159,1169946,688,181,2,0.82,0,0,0,146651.83333333334,106662.91666666667,1169324.0833333333,16.77,22634,75.18235294117648,100.0
863,Emily Brady,27,40000,17755,9624,130454,755,250,0,0.74,1,1,0,40432.25,19174.0,131198.75,24.06,12621,81.24705882352941,100.0
864,Alexander Wilson,31,150000,71388,15933,1054516,809,136,3,0.87,0,0,1,150419.66666666666,71899.33333333333,1055882.1666666667,10.62,62679,76.95294117647059,100.0
865,Megan Baird,48,40000,27959,5898,289439,800,128,3,0.75,0,0,0,39743.083333333336,27709.666666666668,288697.4166666667,14.74,6143,71.03529411764706,100.0
866,Adam Hall,30,50000,18797,8332,297280,743,99,1,0.98,0,0,1,49455.833333333336,19168.5,296353.25,16.66,22871,75.32352941176471,100.0
867,Chelsea Randall,26,30000,16778,63,183738,694,131,3,0.78,0,0,0,29924.0,16150.083333333334,184707.91666666666,0.21,13159,68.79411764705883,100.0
868,John Serrano,48,70000,29573,14842,208341,781,27,0,0.99,0,1,1,71265.91666666667,28330.666666666668,205796.75,21.2,25585,69.86470588235295,100.0
869,Sarah Harris,41,50000,26978,3720,296450,763,279,4,0.99,1,0,1,49045.833333333336,27298.75,296005.1666666667,7.44,19302,94.42941176470589,100.0
870,Jenny Miller,23,40000,23571,8386,147530,682,111,2,0.68,0,0,0,39117.583333333336,22781.833333333332,148929.75,20.96,8043,62.37058823529412,100.0
871,Brittany Barajas,46,70000,41929,1050,166142,680,106,1,0.86,0,0,0,69895.41666666667,41870.416666666664,166437.33333333334,1.5,27021,69.0,100.0
872,Abigail Jenkins,45,30000,13535,1276,189934,841,64,0,0.66,1,0,0,29681.333333333332,13901.666666666666,186033.41666666666,4.25,15189,62.482352941176465,100.0
873,Kimberly Moore,26,200000,142449,28881,1223571,796,148,2,0.66,0,1,0,197847.41666666666,138680.91666666666,1222578.3333333333,14.44,28670,69.29411764705883,100.0
874,Ms. Stephanie Sanders,39,70000,36435,5549,549001,651,159,4,0.69,1,0,0,73013.16666666667,36459.333333333336,547534.4166666666,7.93,28016,66.4764705882353,100.0
875,Daniel Bauer,39,100000,38527,2377,710886,812,171,1,0.8,0,0,0,100356.25,36785.833333333336,710424.4166666666,2.38,59096,77.75882352941176,100.0
876,Melissa Lopez,30,150000,87972,35855,544043,796,48,4,0.74,1,0,0,148890.16666666666,88950.08333333333,545529.9166666666,23.9,26173,62.49411764705882,100.0
877,Megan Wright,45,50000,27507,7503,156783,828,118,3,0.8,0,0,0,51800.583333333336,29614.0,156252.08333333334,15.01,14990,73.0235294117647,100.0
878,Aaron Le,45,150000,97688,24794,1171818,819,72,1,0.84,1,0,1,150913.66666666666,95459.91666666667,1171712.1666666667,16.53,27518,69.70588235294117,100.0
879,Isaiah Fisher,49,100000,67504,16331,636818,767,191,2,0.95,0,0,1,101739.75,65727.75,638855.5833333334,16.33,16165,84.1705882352941,100.0
880,Gabriella Gonzalez,28,100000,41628,22104,793122,756,181,4,0.68,0,0,0,97540.0,42810.416666666664,794026.8333333334,22.1,36268,71.98235294117649,100.0
881,Jason Vega,25,40000,15430,4123,225698,671,81,4,0.72,1,1,0,38882.75,15213.0,223220.41666666666,10.31,20447,60.582352941176474,100.0
882,Sylvia Diaz,51,70000,47587,12985,551916,672,54,0,0.93,0,0,0,67873.83333333333,46294.916666666664,552297.5833333334,18.55,9428,66.31764705882354,100.0
883,Rhonda Everett,50,40000,29429,8841,178597,768,231,4,0.61,0,1,0,39938.25,30238.583333333332,178249.08333333334,22.1,1730,74.60588235294117,100.0
884,Christy Tucker,42,50000,21792,4265,334633,844,157,4,0.71,0,0,0,49429.666666666664,22728.916666666668,336174.6666666667,8.53,23943,73.88823529411765,100.0
885,Annette Holloway,22,30000,18731,511,132343,789,232,4,0.93,1,0,1,29873.25,19767.0,132158.5,1.7,10758,88.24705882352941,100.0
886,Ryan Mendoza,44,50000,36151,9267,221781,704,215,4,0.67,0,0,0,50192.583333333336,34075.833333333336,222361.25,18.53,4582,73.14705882352942,100.0
887,Karen Carrillo,43,100000,62055,14047,709945,698,49,2,0.83,0,1,0,99554.0,61362.333333333336,710668.5,14.05,23898,62.73529411764705,100.0
888,Emma Adams,39,30000,10982,2659,191576,834,152,0,0.8,0,0,0,30161.25,11272.083333333334,194364.91666666666,8.86,16359,76.63529411764706,100.0
889,Hannah Cruz,57,200000,144897,49866,1196181,800,274,3,0.68,0,0,0,205231.91666666666,145451.0,1197119.5833333333,24.93,5237,82.83529411764707,100.0
890,April Marquez,34,70000,25821,739,410229,823,236,2,0.75,0,0,0,70840.5,25986.666666666668,412901.9166666667,1.06,43440,82.6470588235294,100.0
891,Anthony Snyder,55,150000,57108,19093,936073,679,45,1,0.85,0,1,0,150662.25,57488.666666666664,937693.5833333334,12.73,73799,62.464705882352945,100.0
892,Laura White,48,30000,17156,4889,151043,795,103,4,0.86,1,0,1,30026.75,16406.083333333332,153406.58333333334,16.3,7955,72.75882352941176,100.0
893,Jennifer Decker,49,40000,14582,6967,111182,679,118,0,0.61,0,0,0,39209.416666666664,14043.833333333334,108448.75,17.42,18451,60.16470588235293,100.0
894,Michael Tanner,37,200000,106641,3838,1348062,788,241,0,0.87,0,0,1,200310.33333333334,102988.41666666667,1348077.4166666667,1.92,89521,86.71176470588236,100.0
895,Spencer Lopez,52,100000,44807,13583,624660,759,120,0,0.94,0,0,1,103808.75,41580.916666666664,621753.5833333334,13.58,41610,76.38823529411764,100.0
896,Jacqueline Figueroa,29,50000,24329,1831,255484,741,137,4,0.97,0,0,1,51619.583333333336,23908.916666666668,252662.66666666666,3.66,23840,78.65294117647059,100.0
897,Christian Gonzalez,56,70000,32761,17367,262298,786,80,4,0.73,1,0,0,69132.5,34436.25,262941.75,24.81,19872,64.94117647058823,100.0
898,Michelle Peck,59,70000,31710,1081,326061,816,91,3,0.84,0,0,1,71316.41666666667,32582.083333333332,327373.5833333333,1.54,37209,71.5,100.0
899,Michael Turner,44,100000,39438,15036,429272,800,119,0,0.66,1,0,0,100753.33333333333,40143.5,427186.1666666667,15.04,45526,66.53529411764707,100.0
900,Stefanie Stevenson,49,200000,136501,12510,463301,828,216,3,0.63,0,0,0,194996.5,142272.25,462662.75,6.25,50989,76.0235294117647,100.0
901,Jose Nelson,21,100000,74050,24141,696598,692,132,1,0.89,0,0,0,98263.0,69602.66666666667,693374.3333333334,24.14,1809,73.2235294117647,100.0
902,Timothy Higgins,27,50000,29802,3513,242522,726,62,3,0.94,1,0,1,50140.5,29751.75,245856.08333333334,7.03,16685,69.4235294117647,100.0
903,Kyle Parker,24,70000,27549,14512,148620,703,127,2,0.68,0,0,0,68753.25,28257.666666666668,147238.16666666666,20.73,27939,64.71176470588236,100.0
904,Christopher Jefferson,53,50000,23757,6774,295279,669,168,0,0.85,0,0,0,51544.333333333336,23845.583333333332,297451.5833333333,13.55,19469,74.41176470588235,100.0
905,Danielle Adams,27,50000,23064,7984,277747,660,181,1,0.86,1,0,0,50552.75,22887.083333333332,277488.1666666667,15.97,18952,75.79411764705881,100.0
906,Misty Garza,29,70000,39535,11886,289561,727,81,2,0.94,0,0,1,68169.5,38547.416666666664,290678.4166666667,16.98,18579,71.35882352941175,100.0
907,Anita Keller,40,40000,27323,1444,255987,745,293,4,0.99,1,1,1,40453.416666666664,25895.916666666668,255114.5,3.61,11233,95.19411764705882,100.0
908,Brandy Rocha MD,48,100000,45608,9934,526662,725,179,1,0.94,0,0,1,103578.16666666667,43515.166666666664,524659.1666666666,9.93,44458,81.08823529411764,100.0
909,Jason Porter,56,70000,40733,6310,260348,753,281,4,0.86,0,0,1,71913.75,42211.416666666664,259561.0,9.01,22957,89.07647058823528,100.0
910,Amy Mitchell,59,40000,14269,7042,168048,833,296,1,0.96,1,0,1,40574.166666666664,14108.5,169219.41666666666,17.6,18689,97.4,100.0
911,Hailey Gonzales,37,40000,25746,3020,244248,654,193,0,0.91,0,1,0,39073.833333333336,27231.75,243369.16666666666,7.55,11234,78.78235294117647,100.0
912,Nicole Hill,47,100000,63054,22188,677300,670,247,2,0.88,0,1,0,100561.58333333333,63086.333333333336,677026.6666666666,22.19,14758,83.54705882352941,100.0
913,Wayne Shelton,39,70000,26440,319,348501,722,251,2,0.83,1,0,1,69731.5,25316.75,348904.75,0.46,43241,83.78235294117647,100.0
914,Amanda Sullivan,42,100000,40010,16114,291007,833,61,1,0.96,1,0,1,101068.91666666667,39325.083333333336,293528.9166666667,16.11,43876,73.89999999999999,100.0
915,James Moore,22,50000,35703,8000,160537,784,82,3,0.62,0,0,0,50024.0,34285.083333333336,159189.08333333334,16.0,6297,60.67058823529412,100.0
916,Lori Monroe,56,50000,37483,10206,223778,822,199,1,0.67,1,0,0,49737.25,37841.916666666664,223209.25,20.41,2311,75.71176470588236,100.0
917,Andrea Robinson,56,40000,15915,1059,86770,786,182,3,0.87,0,0,1,39202.833333333336,16130.583333333334,84983.33333333333,2.65,23026,80.74117647058823,100.0
918,Richard Rivera,52,50000,26818,10876,300237,773,214,4,0.91,1,0,1,52519.833333333336,25774.666666666668,300502.4166666667,21.75,12306,85.08235294117647,100.0
919,Amanda Robinson,44,200000,71179,38843,489322,751,251,1,0.85,0,0,1,195432.75,69532.5,487613.0833333333,19.42,89978,85.60588235294118,100.0
920,Matthew Hoffman,55,200000,100451,22536,1411557,716,289,3,0.83,0,1,0,200307.16666666666,98628.41666666667,1411375.25,11.27,77013,87.37058823529412,100.0
921,Dr. Kathryn Robinson,40,70000,50905,14401,518457,800,266,1,0.65,0,1,0,71257.91666666667,52856.25,517133.5,20.57,4694,80.83529411764707,100.0
922,Steven Martinez,38,100000,66204,23075,778190,668,271,3,0.72,0,0,0,102517.83333333333,67570.5,778105.25,23.08,10721,79.47647058823529,100.0
923,Bernard Lewis,49,100000,59053,14177,501988,700,145,1,0.7,0,0,0,102137.08333333333,60505.25,502851.4166666667,14.18,26770,67.20588235294117,100.0
924,Carl Winters,52,70000,50482,5832,409630,746,172,0,0.7,0,0,0,71160.25,50987.333333333336,411473.9166666667,8.33,13686,71.52941176470588,100.0
925,Christopher Nichols,34,30000,15207,1018,108938,695,280,3,0.87,0,0,0,30154.083333333332,14529.666666666666,112032.91666666667,3.39,13775,87.32941176470588,100.0
926,Anthony Holloway,35,30000,11563,2334,200108,687,64,0,0.87,0,0,0,29905.666666666668,12064.916666666666,202355.83333333334,7.78,16103,65.44705882352942,100.0
927,Stephanie Schmidt,54,70000,36373,16228,444194,683,206,0,0.82,0,1,0,70063.58333333333,37100.166666666664,443417.3333333333,23.18,17399,77.50588235294117,100.0
928,Roberto Peterson,48,30000,14436,5761,65091,756,270,2,0.8,0,0,0,30554.333333333332,14305.583333333334,66251.5,19.2,9803,85.68235294117648,100.0
929,Charles Luna,21,50000,30938,1584,283557,772,191,2,0.76,1,0,0,50908.416666666664,32003.666666666668,284912.3333333333,3.17,17478,76.74705882352941,100.0
930,Tasha Long,56,50000,26243,6676,287734,826,216,1,0.8,0,0,0,50775.5,27076.416666666668,288292.6666666667,13.35,17081,82.75294117647059,100.0
931,Mary Smith,40,150000,102464,27447,597612,814,118,0,0.96,0,0,1,147648.66666666666,94370.66666666667,600569.1666666666,18.3,20089,78.92941176470588,100.0
932,David Martin,31,50000,20254,8810,231369,834,58,3,0.64,0,0,0,50331.416666666664,20567.083333333332,233262.33333333334,17.62,20936,60.83529411764706,100.0
933,Katie Nguyen,43,100000,52391,16717,327929,704,81,0,0.77,0,0,0,100817.83333333333,53043.916666666664,330711.5833333333,16.72,30892,63.747058823529414,100.0
934,Emily Reid,44,70000,38710,2051,303915,751,77,4,0.77,1,0,0,70123.41666666667,37400.25,307508.3333333333,2.93,29239,65.00588235294119,100.0
935,Robert Goodwin,57,50000,18062,129,209992,787,71,1,0.96,0,1,1,49815.083333333336,18432.916666666668,211012.75,0.26,31809,73.27647058823528,100.0
936,Steven Lopez,31,200000,144252,26846,1095166,781,279,3,0.67,1,1,0,198062.25,151623.83333333334,1099301.1666666667,13.42,28902,82.26470588235294,100.0
937,Kristin Vargas,54,100000,37393,10303,614615,674,201,0,0.66,0,0,0,100190.25,36564.0,612341.25,10.3,52304,70.28823529411764,100.0
938,Brittany Bryant,43,100000,35295,10910,412880,831,270,2,0.78,0,0,0,99930.58333333333,34956.833333333336,412406.0833333333,10.91,53795,87.52941176470588,100.0
939,Sarah Rice,49,200000,87083,34233,968564,812,218,2,0.66,0,1,0,200654.75,85289.0,968442.75,17.12,78684,76.85882352941177,100.0
940,Cindy Curry,32,150000,103034,3450,385286,705,59,0,0.94,0,0,0,146655.75,107858.58333333333,386410.3333333333,2.3,43516,68.38235294117646,100.0
941,David Macias,34,50000,36532,962,199723,810,147,3,0.97,0,0,1,49108.666666666664,36633.333333333336,200381.33333333334,1.92,12506,82.08823529411764,100.0
942,Tanner Williams,38,70000,39723,12309,460140,694,89,2,0.94,0,1,0,69800.41666666667,41054.416666666664,459930.25,17.58,17968,70.99411764705883,100.0
943,Timothy Guerra,58,100000,68010,12010,356948,738,104,2,0.92,0,0,1,98077.75,68020.91666666667,356528.75,12.01,19980,73.24705882352941,100.0
944,Mr. Ryan Hughes,23,70000,36701,9567,449894,759,31,1,0.75,1,0,0,68037.58333333333,35780.666666666664,445791.0,13.67,23732,59.88823529411765,100.0
945,Michael Everett,33,200000,77398,1388,1563449,749,87,0,0.61,0,1,0,198002.66666666666,75215.58333333333,1566239.75,0.69,121214,59.535294117647055,100.0
946,Dana Hill,34,70000,35758,15118,370654,738,255,2,0.71,0,0,0,68693.58333333333,35569.583333333336,371602.8333333333,21.6,19124,79.9470588235294,100.0
947,Karen Quinn,55,70000,48556,6038,345792,669,266,0,0.95,0,0,0,70313.0,50880.083333333336,344550.5833333333,8.63,15406,88.21176470588236,100.0
948,Michael Hall,25,30000,19990,5827,221853,810,165,3,0.88,0,0,1,30759.666666666668,20920.0,220974.83333333334,19.42,4183,80.28823529411764,100.0
949,Elizabeth Williams,35,40000,24455,5651,105789,817,141,4,0.82,1,0,1,40410.666666666664,26198.416666666668,103516.16666666667,14.13,9894,75.73529411764706,100.0
950,Kristi Mooney,49,70000,46664,5636,558235,744,49,3,0.7,0,0,0,70407.41666666667,44270.25,559425.3333333334,8.05,17700,59.15882352941176,100.0
951,Megan Kane,44,50000,19570,2195,356405,775,118,2,0.88,1,0,1,50319.916666666664,19620.166666666668,357067.0,4.39,28235,74.3529411764706,100.0
952,Maxwell House,37,40000,19968,1038,262956,728,112,1,0.83,0,0,1,40970.416666666664,19632.333333333332,265412.1666666667,2.6,18994,70.09411764705882,100.0
953,Jesse Sawyer,59,200000,82497,26296,1060878,824,124,1,0.79,0,0,0,207510.66666666666,82107.16666666667,1058643.0833333333,13.15,91207,73.08235294117648,100.0
954,James King,59,100000,67354,24333,721912,825,208,1,0.95,0,1,1,101056.16666666667,69788.66666666667,719811.3333333334,24.33,8313,87.91764705882353,100.0
955,William Keith,52,150000,96924,34197,627982,831,175,1,0.83,1,0,1,148709.83333333334,100198.25,626609.6666666666,22.8,18879,80.02941176470588,100.0
956,Kristen King,21,150000,104034,15107,873083,677,184,1,0.7,0,0,0,151126.75,105989.75,872141.0,10.07,30859,70.29411764705881,100.0
957,Kelsey Ward,43,30000,18349,981,207584,825,292,4,0.94,0,1,1,30032.333333333332,18571.25,211520.5,3.27,10670,95.91764705882353,100.0
958,Miss Caitlin Carr,46,100000,54211,15068,759282,813,130,1,0.82,0,0,1,98350.33333333333,53470.75,756658.5833333334,15.07,30721,74.49411764705881,100.0
959,Aaron Brown,23,100000,44512,11367,394035,806,147,1,0.85,1,0,1,97880.16666666667,45111.5,396291.4166666667,11.37,44121,77.1470588235294,100.0
960,Terri Dawson,35,50000,35445,7316,307054,808,97,2,0.62,0,0,0,51488.833333333336,36040.0,306043.1666666667,14.63,7239,63.01764705882353,100.0
961,Shelly Lee,41,30000,20129,7269,236839,823,281,4,0.87,0,1,1,30303.416666666668,21166.583333333332,237102.33333333334,24.23,2602,91.9470588235294,100.0
962,Mrs. Sarah House,24,40000,21955,4102,88537,771,93,3,0.67,0,1,0,40752.916666666664,22788.75,85647.16666666667,10.26,13943,63.311764705882354,100.0
963,Mr. Jeffery Gordon PhD,42,200000,116118,44835,431774,812,266,4,0.86,0,0,1,204935.25,113095.5,434476.0833333333,22.42,39047,89.65882352941176,100.0
964,Megan Smith,49,50000,32576,7059,279455,656,203,2,0.87,0,0,0,48972.666666666664,33460.333333333336,279093.25,14.12,10365,78.25294117647059,100.0
965,Kara Brooks,45,40000,14951,9394,250423,750,167,4,0.92,0,0,1,39439.833333333336,13984.916666666666,249032.58333333334,23.48,15655,79.97058823529412,100.0
966,Thomas Stewart,47,50000,21310,4440,196105,674,82,4,0.64,0,0,0,50596.416666666664,22463.166666666668,199362.91666666666,8.88,24250,57.58823529411765,100.0
967,Calvin Kline,58,150000,56126,10617,460937,826,226,4,0.91,1,1,1,151867.08333333334,56567.666666666664,458646.25,7.08,83257,88.15294117647058,100.0
968,Stanley Joyce,51,150000,93391,8125,728067,812,271,2,0.78,1,0,0,151247.41666666666,88795.66666666667,726742.75,5.42,48484,86.95882352941177,100.0
969,Bradley Castaneda,26,50000,18497,11039,267975,701,167,1,0.93,0,0,0,49414.916666666664,18334.166666666668,267490.0833333333,22.08,20464,78.64117647058823,100.0
970,Amanda Ortiz,23,100000,46423,13066,797677,808,41,4,0.79,1,1,0,101708.91666666667,47577.833333333336,799970.3333333334,13.07,40511,64.21764705882353,100.0
971,Valerie Johnson,52,50000,35196,9938,335888,769,49,4,0.79,0,0,0,49065.583333333336,33822.75,333222.5833333333,19.88,4866,63.641176470588235,100.0
972,Krista Fletcher,31,70000,40748,14310,354015,655,161,4,0.8,0,0,0,69166.41666666667,39048.416666666664,357430.1666666667,20.44,14942,71.21764705882353,100.0
973,Joshua Howard,58,100000,44501,9807,399777,785,107,4,0.88,0,0,1,101898.91666666667,42800.25,398701.0833333333,9.81,45692,73.60588235294118,100.0
974,Mr. Jonathan Nguyen,25,30000,21568,6414,146394,809,235,3,0.61,1,0,0,30613.5,20933.0,148061.08333333334,21.38,2018,76.45294117647059,100.0
975,Matthew Miller,32,200000,117604,40507,562855,787,244,2,0.85,0,0,1,194042.91666666666,119609.66666666667,561548.8333333334,20.25,41889,86.1764705882353,100.0
976,Maria Hernandez,41,150000,61503,3187,575061,730,203,2,0.98,1,0,1,149492.75,61353.416666666664,572170.5833333334,2.12,85310,85.26470588235294,100.0
977,Robert Williams,21,50000,28541,8661,324384,765,298,4,0.81,0,0,1,49727.083333333336,29834.25,324382.0833333333,17.32,12798,89.2,100.0
978,Bonnie Obrien,31,150000,62815,28189,952655,807,107,1,0.67,1,0,0,150448.5,63212.75,950601.5,18.79,58996,65.98235294117647,100.0
979,Tracy Berger,48,50000,35597,10476,169651,711,22,3,0.61,0,1,0,50121.166666666664,35334.916666666664,170502.33333333334,20.95,3927,51.694117647058825,100.0
980,Amber Parker,57,100000,37554,7231,733589,834,294,0,0.7,1,0,0,99666.91666666667,35928.916666666664,735095.4166666666,7.23,55215,86.83529411764707,100.0
981,Natalie Jackson,31,50000,29349,10970,359918,691,253,3,0.98,1,0,0,49846.083333333336,29575.583333333332,356067.75,21.94,9681,88.88823529411765,100.0
982,Stephanie Avery,32,30000,13801,1345,101663,727,116,2,0.68,1,1,0,30005.333333333332,14287.0,98977.16666666667,4.48,14854,64.45882352941176,100.0
983,Jessica Watkins,24,100000,65171,23052,595541,651,178,3,0.69,0,0,0,100914.83333333333,63489.833333333336,599286.0833333334,23.05,11777,68.37647058823529,100.0
984,David Ray,30,200000,125762,25720,734576,815,20,1,0.97,1,0,1,197015.5,121565.58333333333,733856.4166666666,12.86,48518,69.56470588235294,100.0
985,Jerry Mitchell,30,30000,10558,6673,173973,729,91,2,0.65,1,0,0,29381.583333333332,10020.916666666666,172013.25,22.24,12769,60.82941176470589,100.0
986,Catherine Wells,56,50000,18545,9602,361564,721,259,0,0.88,1,1,1,50736.0,19112.583333333332,360329.25,19.2,21853,86.54705882352943,100.0
987,Penny Leach,34,200000,121966,14142,729363,797,259,4,0.73,0,1,0,201970.66666666666,119682.08333333333,727188.6666666666,7.07,63892,83.22941176470587,100.0
988,Brooke Bradley,36,50000,26666,12181,347156,759,85,4,0.71,0,0,0,50033.75,26161.416666666668,350904.8333333333,24.36,11153,63.688235294117646,100.0
989,Tyler Roberts,24,30000,11603,2508,134441,757,266,3,0.68,0,0,0,30113.333333333332,10944.5,137884.75,8.36,15889,80.51764705882354,100.0
990,Marie Kelly,40,200000,142113,35250,601942,681,149,0,0.8,1,0,0,203314.91666666666,150824.58333333334,603999.5833333334,17.62,22637,70.93529411764706,100.0
991,Jennifer Mcintosh,30,200000,113886,17327,1082013,710,292,4,1.0,1,1,0,197435.33333333334,119536.33333333333,1085288.5,8.66,68787,94.25882352941177,100.0
992,Elizabeth Smith,21,100000,43940,21556,491242,794,148,4,0.87,0,0,1,100568.08333333333,45678.083333333336,490941.25,21.56,34504,77.62352941176471,100.0
993,Jeffrey Beltran DDS,43,30000,19867,5569,231713,750,244,4,0.96,1,0,1,30423.5,18719.416666666668,234222.0,18.56,4564,89.27058823529413,100.0
994,Edgar Carney,50,50000,24288,4120,243148,847,190,0,0.99,1,0,1,48900.25,24478.416666666668,242908.83333333334,8.24,21592,88.49411764705883,100.0
995,Evelyn Small,25,150000,99625,15250,998022,759,46,1,0.89,1,1,1,145597.16666666666,100553.66666666667,996750.5,10.17,35125,66.98823529411764,100.0
996,Matthew Francis,42,50000,28298,10512,257685,795,278,2,0.81,0,0,1,50807.25,27671.5,259414.16666666666,21.02,11190,88.25882352941177,100.0
997,Abigail Cook,48,100000,68496,19834,382949,659,70,4,0.65,1,0,0,98202.5,69001.33333333333,381868.8333333333,19.83,11670,56.258823529411764,100.0
998,Ivan Brown,36,150000,60451,36547,410751,690,156,1,0.79,1,0,0,148564.58333333334,61961.666666666664,408845.9166666667,24.36,53002,71.5529411764706,100.0
999,Amanda Jenkins,40,150000,61046,28645,415862,689,55,2,0.88,1,0,0,150326.16666666666,62399.083333333336,419099.1666666667,19.1,60309,65.01764705882353,100.0
1000,Jennifer Moore,26,100000,36291,2544,633886,806,32,4,0.9,0,0,1,101110.58333333333,38443.75,636538.8333333334,2.54,61165,67.6470588235294,100.0
