customer_id,month,salary_credit,monthly_spending,account_balance
1,1,65000,54205,382205
1,2,73107,60087,383869
1,3,65545,44646,401205
1,4,70346,49728,390102
1,5,71565,43748,384183
1,6,68129,50221,400554
1,7,71657,48716,382703
1,8,71293,41845,385326
1,9,72524,50107,392063
1,10,76190,52414,391669
1,11,67264,42893,397223
1,12,69932,41599,395977
2,1,76152,34277,320099
2,2,64238,26002,309581
2,3,76456,33681,317094
2,4,70555,30629,314896
2,5,70597,25350,327011
2,6,65313,23866,311133
2,7,73811,26034,323987
2,8,74416,32051,322551
2,9,74062,30856,312126
2,10,68018,25053,316957
2,11,71726,27599,311019
2,12,72363,31566,327680
3,1,50227,27891,399381
3,2,47017,33271,390268
3,3,50632,30970,396333
3,4,47492,27694,401139
3,5,47030,33812,397711
3,6,47897,24831,392330
3,7,51243,26375,392765
3,8,53714,32213,385140
3,9,49165,33127,399560
3,10,53074,33274,393007
3,11,54068,26105,382819
3,12,49271,32377,390987
4,1,151743,79945,508134
4,2,164153,98523,509862
4,3,155889,90203,491533
4,4,143545,67741,494634
4,5,147331,67614,495752
4,6,162247,74482,507988
4,7,148433,84903,494828
4,8,137425,78809,502585
4,9,156846,78746,509212
4,10,164502,79779,501671
4,11,137708,94295,499236
4,12,150245,89656,506940
5,1,47090,32247,211245
5,2,51599,35747,203807
5,3,50166,28687,200022
5,4,54654,32461,201757
5,5,48390,29808,209750
5,6,53466,36243,206782
5,7,53509,37249,200138
5,8,53985,33072,210185
5,9,48722,37306,196799
5,10,45050,27418,206568
5,11,51918,33650,208591
5,12,46759,25606,198586
6,1,194003,135085,1048070
6,2,199700,112111,1049044
6,3,199967,131352,1052360
6,4,181744,152931,1059637
6,5,218157,148862,1055482
6,6,209908,150813,1044468
6,7,197127,151507,1060602
6,8,219213,105987,1051540
6,9,195403,145607,1060759
6,10,199411,121173,1041617
6,11,217200,105736,1053961
6,12,204600,152702,1044057
7,1,40892,23344,256617
7,2,40012,31382,239651
7,3,36567,26879,248176
7,4,43120,26220,250686
7,5,40630,27346,238136
7,6,38625,24168,254815
7,7,42711,32078,247190
7,8,36310,25830,252621
7,9,37016,28286,256791
7,10,38172,33254,238159
7,11,37555,27042,252485
7,12,41099,30572,241748
8,1,49089,29037,238587
8,2,49423,29926,226928
8,3,52145,35543,237935
8,4,51382,33626,231353
8,5,49356,36476,229821
8,6,47477,31478,234975
8,7,46201,31290,231126
8,8,45460,27266,234936
8,9,52036,33057,232148
8,10,52633,37503,226143
8,11,48985,34950,224540
8,12,47608,26926,233613
9,1,30452,16212,163280
9,2,27771,19084,166240
9,3,29316,20102,164766
9,4,28240,15437,166579
9,5,29263,13842,162935
9,6,29019,18029,177134
9,7,31089,15890,169661
9,8,29976,18281,166598
9,9,30773,19534,168440
9,10,29507,20146,172510
9,11,29540,17437,180023
9,12,32943,16378,165926
10,1,199862,138081,905490
10,2,183999,118658,912192
10,3,213885,136075,921893
10,4,207070,143449,910278
10,5,183331,120867,909283
10,6,193146,154428,912443
10,7,217847,160714,905854
10,8,183648,144137,915966
10,9,219837,118796,910126
10,10,201836,156353,909638
10,11,185719,159571,907331
10,12,214674,164018,918756
11,1,43888,31135,196339
11,2,41665,28062,212505
11,3,40467,27413,208683
11,4,39941,22744,202633
11,5,40571,30994,206314
11,6,42582,31031,199728
11,7,40666,33496,194412
11,8,39821,23553,210510
11,9,37788,33508,196825
11,10,43823,28903,198108
11,11,43129,28583,204201
11,12,36590,28878,207041
12,1,218016,139138,936116
12,2,193426,104449,939168
12,3,194134,124378,940413
12,4,218975,143757,950286
12,5,181292,109748,938228
12,6,190838,102692,955157
12,7,217621,116337,940253
12,8,204536,116415,954704
12,9,215066,122834,940573
12,10,181054,114403,937642
12,11,219491,103521,939607
12,12,195719,136197,949221
13,1,40443,16158,84197
13,2,42056,13876,88725
13,3,39604,12424,85619
13,4,38197,12880,77825
13,5,41373,15278,76700
13,6,38149,11800,89914
13,7,40162,16178,77644
13,8,42531,17319,78139
13,9,39227,12453,93039
13,10,39364,16250,85454
13,11,41632,12913,89062
13,12,40938,17392,82802
14,1,42898,23920,294041
14,2,39674,23049,306214
14,3,38065,19943,294939
14,4,39940,18886,290816
14,5,40637,18990,293252
14,6,37031,17258,293236
14,7,39202,21878,299645
14,8,41572,19558,305269
14,9,39791,21633,297159
14,10,40815,18035,299889
14,11,38780,16477,293979
14,12,36965,19956,305775
15,1,31837,18183,74736
15,2,32917,16783,57131
15,3,29907,17323,65226
15,4,30187,18000,63885
15,5,27220,14903,62202
15,6,31122,18819,62946
15,7,27182,18970,63958
15,8,29382,13926,62826
15,9,29263,13365,75436
15,10,32044,13823,73585
15,11,27718,19124,68551
15,12,29843,15582,73692
16,1,204302,104797,1069844
16,2,219460,121674,1077134
16,3,184071,100525,1064912
16,4,199512,133116,1079191
16,5,191403,101483,1072336
16,6,182065,94239,1063614
16,7,219295,98619,1067949
16,8,218778,133801,1068127
16,9,219002,116303,1073599
16,10,206745,136784,1060136
16,11,201401,115643,1065759
16,12,218719,126585,1075898
17,1,29725,17185,198065
17,2,32939,15660,189819
17,3,28527,18081,207416
17,4,27700,16677,191690
17,5,29093,19754,200419
17,6,32790,14324,196767
17,7,32945,14868,196362
17,8,27398,18483,199357
17,9,27288,18756,197264
17,10,31503,18877,203724
17,11,31887,17971,195777
17,12,32447,15618,205649
18,1,43196,25808,178847
18,2,36532,24131,171768
18,3,36935,31826,178052
18,4,38679,23159,175840
18,5,43029,27015,169912
18,6,40585,32453,161586
18,7,41655,30080,162802
18,8,36268,27821,165078
18,9,43014,25355,166837
18,10,39656,28190,163694
18,11,40318,26917,179221
18,12,41778,29447,176944
19,1,70082,46539,478082
19,2,71301,37463,492598
19,3,72753,52082,483214
19,4,72119,49386,488896
19,5,63964,37020,488814
19,6,74766,51871,479047
19,7,64585,53193,478900
19,8,65608,50567,480327
19,9,75178,44888,479963
19,10,68310,48905,497146
19,11,74029,46401,485225
19,12,68574,45219,487569
20,1,36271,19833,294809
20,2,40644,22585,300824
20,3,37701,21581,295373
20,4,43688,18436,300345
20,5,37475,19731,292188
20,6,36536,23595,291380
20,7,43184,18920,300121
20,8,39776,22007,308878
20,9,38352,23287,297074
20,10,39526,20599,296226
20,11,42122,18044,310148
20,12,42894,25278,303516
21,1,37568,28420,270698
21,2,36832,31760,268901
21,3,43099,29001,275754
21,4,36795,25444,271682
21,5,42845,32103,270535
21,6,37128,27296,263001
21,7,43170,22833,278211
21,8,37663,22987,265631
21,9,43011,29979,270884
21,10,43284,29773,282157
21,11,38075,26993,266745
21,12,36273,32108,262983
22,1,158995,72043,490745
22,2,150373,81444,491592
22,3,154004,67072,505244
22,4,160047,88654,496192
22,5,162017,79945,496555
22,6,135551,86572,493034
22,7,149942,61407,500434
22,8,141192,59738,506017
22,9,162000,85371,491822
22,10,142521,78218,502715
22,11,140261,86575,490528
22,12,147131,82312,491188
23,1,73101,53608,185658
23,2,69664,54702,172794
23,3,64890,51007,175656
23,4,70557,44399,183791
23,5,74849,60689,174063
23,6,67679,56904,169465
23,7,67821,48292,169181
23,8,72868,53359,180253
23,9,66449,57894,169193
23,10,63032,60945,186647
23,11,67404,57654,174901
23,12,64915,60587,169282
24,1,45515,34328,292508
24,2,50882,38564,307176
24,3,54154,26151,296455
24,4,52310,28191,295642
24,5,54710,37856,294372
24,6,52450,26420,307061
24,7,48191,36373,297009
24,8,48646,32924,301044
24,9,53849,32533,300286
24,10,50724,36052,299414
24,11,52907,29813,303155
24,12,53859,33633,302864
25,1,194028,118385,398721
25,2,199191,110409,408440
25,3,219363,118432,407589
25,4,193454,107918,401101
25,5,189551,90290,391450
25,6,191880,122049,390430
25,7,189344,87364,404571
25,8,197110,102006,399440
25,9,188730,126205,402545
25,10,183576,103428,398487
25,11,216148,127883,405184
25,12,182599,102744,406505
26,1,54277,25193,156037
26,2,48962,23202,160482
26,3,53974,20721,153218
26,4,52478,17117,150606
26,5,50800,17593,163955
26,6,48911,19120,163533
26,7,54556,24076,159705
26,8,51552,21457,163269
26,9,47813,18949,150064
26,10,47597,22909,159844
26,11,50326,24917,155834
26,12,51832,17464,158811
27,1,161044,79073,621116
27,2,145020,78841,616509
27,3,138175,95051,619134
27,4,163839,86827,617898
27,5,135154,99311,614728
27,6,157305,76096,621815
27,7,151685,97082,603322
27,8,140793,73396,612910
27,9,164435,92686,610037
27,10,154020,89452,604035
27,11,138209,97236,612467
27,12,160203,84245,605410
28,1,91158,32448,605084
28,2,109802,41853,614670
28,3,102951,40576,614027
28,4,96472,38922,614532
28,5,93178,38607,617019
28,6,92043,44639,606073
28,7,105896,42129,620938
28,8,91647,41923,605824
28,9,92626,44856,614376
28,10,93021,38041,609177
28,11,98394,41266,618864
28,12,105201,38197,608357
29,1,37273,24950,124821
29,2,42212,31372,135142
29,3,40242,22846,138488
29,4,38353,32967,140475
29,5,37483,27875,136214
29,6,36938,24061,134692
29,7,37980,28966,130353
29,8,37286,30020,137645
29,9,40722,27549,125312
29,10,39716,30348,138918
29,11,43797,30817,127299
29,12,41559,32382,141025
30,1,48264,27302,176669
30,2,48506,22048,177064
30,3,48578,25180,178138
30,4,50675,29164,178982
30,5,53214,22134,180892
30,6,51364,29349,164538
30,7,50947,28374,163165
30,8,52090,31132,166002
30,9,52834,28327,165043
30,10,45801,31391,163512
30,11,50974,30187,163507
30,12,51435,27396,166722
31,1,42974,14567,124980
31,2,37293,12096,124372
31,3,37827,17936,111210
31,4,39946,12460,117236
31,5,41441,12404,121808
31,6,38061,14741,115295
31,7,43686,14461,110361
31,8,39403,14042,111743
31,9,43901,12212,126386
31,10,40111,15492,120293
31,11,42987,17363,120872
31,12,38214,15517,117751
32,1,54713,26135,322130
32,2,49922,26929,311579
32,3,50929,30910,313088
32,4,50929,25926,312046
32,5,53579,24075,323693
32,6,52734,25535,322521
32,7,47370,26779,329398
32,8,45734,26001,315657
32,9,48370,33900,319405
32,10,49494,31012,320485
32,11,46670,25975,329509
32,12,51055,28242,325496
33,1,30187,24232,170723
33,2,27732,20235,160541
33,3,28896,20689,156592
33,4,31129,19783,157652
33,5,32790,16544,167867
33,6,30834,23666,162001
33,7,30130,19331,168968
33,8,27837,16751,167958
33,9,31228,18169,159833
33,10,27974,18058,164569
33,11,31035,20165,159975
33,12,32780,18610,170915
34,1,51765,27619,289641
34,2,53268,33245,287219
34,3,48485,26916,292441
34,4,45482,37112,283202
34,5,54933,34310,294968
34,6,52384,35882,291094
34,7,52651,36470,279468
34,8,53078,34433,276354
34,9,48171,35762,279066
34,10,46202,31718,294510
34,11,48245,29499,280160
34,12,50634,29673,280946
35,1,32708,19415,53817
35,2,27653,14654,64196
35,3,28476,16889,60874
35,4,31589,19182,65818
35,5,30127,19246,61846
35,6,32380,14124,59182
35,7,28460,19960,64686
35,8,28182,16906,57522
35,9,27608,16951,59791
35,10,30138,18207,62524
35,11,31818,17315,69129
35,12,30662,18521,64848
36,1,65593,55493,191420
36,2,64218,53553,187248
36,3,70370,40174,196975
36,4,71931,47836,191188
36,5,66193,42071,198146
36,6,65446,44900,188048
36,7,67947,42543,183069
36,8,67228,51959,185436
36,9,68932,50734,181898
36,10,73733,40885,191407
36,11,71212,41233,198619
36,12,75169,47032,196749
37,1,139253,49055,840742
37,2,155854,51854,847927
37,3,138851,45379,854009
37,4,145116,62664,843148
37,5,137382,44981,849024
37,6,152872,51786,846490
37,7,145306,56444,854572
37,8,150571,44592,847140
37,9,137097,56941,838119
37,10,154526,54628,838812
37,11,148705,47239,841633
37,12,164824,57408,846070
38,1,67866,27910,539325
38,2,69648,24952,539648
38,3,68590,22542,540757
38,4,66411,27979,545597
38,5,71730,21879,537097
38,6,64787,29597,541917
38,7,72922,21325,537984
38,8,66683,24718,548926
38,9,67848,23450,551082
38,10,67277,25104,550275
38,11,71408,26347,550028
38,12,74007,26964,537637
39,1,67265,25252,192589
39,2,63320,26136,198235
39,3,67845,36109,195000
39,4,76058,31250,187159
39,5,69818,31627,183790
39,6,74610,28123,181403
39,7,68581,26046,194349
39,8,64704,30073,196220
39,9,64892,35957,186840
39,10,64708,31482,187607
39,11,70085,29603,181367
39,12,71971,26892,184052
40,1,49303,21905,152982
40,2,52826,22861,153940
40,3,51921,20811,161617
40,4,54966,28397,148916
40,5,47208,21936,147953
40,6,50270,24483,162956
40,7,52920,24268,148301
40,8,46946,23894,149083
40,9,46768,24089,151250
40,10,45110,24382,154082
40,11,45191,22805,155527
40,12,46896,26429,162362
41,1,93000,62358,483305
41,2,99520,63731,502589
41,3,97847,79298,501768
41,4,109106,74757,483104
41,5,108856,75346,486343
41,6,95093,76204,501375
41,7,99229,70741,499871
41,8,107902,70727,499174
41,9,107787,65736,497628
41,10,104748,67388,491935
41,11,90833,55923,486168
41,12,91441,55560,485423
42,1,103206,61195,472607
42,2,98485,46103,473679
42,3,109357,50814,469544
42,4,97638,48827,478992
42,5,95108,50045,477000
42,6,102878,56013,474078
42,7,109369,61955,473146
42,8,109599,57598,477076
42,9,108405,55802,484073
42,10,96765,64819,479400
42,11,97443,53839,483545
42,12,102258,65151,469629
43,1,94421,73910,197929
43,2,104569,68899,212199
43,3,91077,57573,208401
43,4,100791,67695,210685
43,5,92634,67646,213549
43,6,94270,62184,208145
43,7,100844,64281,206334
43,8,95950,63652,216472
43,9,91875,63954,207124
43,10,105222,53603,206181
43,11,101160,69775,214526
43,12,109836,52092,207675
44,1,53480,26943,337618
44,2,52457,20895,354408
44,3,52586,25410,338518
44,4,46488,21873,346622
44,5,50020,20157,344131
44,6,51433,26378,335548
44,7,50930,22688,340123
44,8,45018,20666,349072
44,9,51195,22347,335615
44,10,48876,22791,345357
44,11,49809,25068,350622
44,12,46041,21113,341178
45,1,145027,91004,837024
45,2,141295,92319,842189
45,3,148205,70174,838187
45,4,148020,68251,833582
45,5,136876,91543,841449
45,6,164950,95848,841959
45,7,140204,86189,848974
45,8,158569,69222,833664
45,9,164733,89773,848161
45,10,152156,84563,840260
45,11,145035,66212,842008
45,12,159950,74279,850215
46,1,36644,30163,165564
46,2,43275,30741,171310
46,3,42124,23871,174598
46,4,37050,26524,162078
46,5,41255,32691,175720
46,6,38261,22607,170016
46,7,38093,24845,180134
46,8,42297,32893,162473
46,9,39597,30702,169491
46,10,39900,22486,163102
46,11,40957,28328,176351
46,12,40259,26659,174748
47,1,54795,31545,372799
47,2,46911,34388,381169
47,3,48495,31091,378391
47,4,52200,35560,386398
47,5,53506,37667,380925
47,6,46147,42063,389520
47,7,45676,39823,372679
47,8,45817,36153,374694
47,9,49286,31486,385403
47,10,53499,39252,371143
47,11,53619,36181,374796
47,12,50454,30329,375712
48,1,45179,15767,168542
48,2,46616,16725,157232
48,3,54849,20556,152522
48,4,45652,18271,160592
48,5,47824,17728,169067
48,6,46054,19701,169219
48,7,48804,20582,152960
48,8,46867,15528,169348
48,9,52928,19114,157648
48,10,52979,17767,152694
48,11,50330,16002,170318
48,12,52932,17180,156939
49,1,52985,27348,138119
49,2,53824,25835,147362
49,3,48196,27538,142315
49,4,46224,25113,133496
49,5,54970,27459,140651
49,6,46298,24759,142805
49,7,45293,26014,132439
49,8,46874,26338,141800
49,9,54182,19450,148512
49,10,54880,26736,145888
49,11,49592,21727,145750
49,12,53192,26538,141390
50,1,69097,49098,237163
50,2,74780,47079,238697
50,3,66555,38694,231836
50,4,67408,38174,232705
50,5,65339,50585,234577
50,6,66909,50349,231188
50,7,70177,43918,235375
50,8,63464,43892,242312
50,9,73629,55316,231139
50,10,74038,50770,241196
50,11,72110,54756,233201
50,12,65367,45526,237448
51,1,143401,119333,647642
51,2,159781,112694,637435
51,3,164453,109439,647792
51,4,144142,118124,650275
51,5,154052,102278,649677
51,6,138607,86351,643064
51,7,142256,84016,643999
51,8,143514,117922,650506
51,9,141790,113985,632400
51,10,136444,121193,647209
51,11,155034,108264,651942
51,12,153785,105680,641637
52,1,75734,43580,498560
52,2,63905,48260,502711
52,3,70244,39682,495973
52,4,69084,45289,499480
52,5,67771,35345,506181
52,6,71499,42961,501858
52,7,66324,41019,490163
52,8,68383,40616,500485
52,9,66677,37088,508170
52,10,73410,40920,498694
52,11,68697,47209,496108
52,12,69614,33399,497207
53,1,70518,42982,346190
53,2,63514,31746,333344
53,3,69479,36723,345734
53,4,70177,34539,346831
53,5,74433,34404,329502
53,6,70442,43369,345213
53,7,75239,37551,343761
53,8,63627,36905,340078
53,9,68905,36309,341390
53,10,72393,34007,335235
53,11,67331,42525,329634
53,12,74496,30142,341793
54,1,137768,70574,834350
54,2,157535,56294,845056
54,3,144632,74747,839304
54,4,155057,72812,852296
54,5,161641,70638,842516
54,6,154082,79190,840959
54,7,139629,59036,845192
54,8,150899,76899,839854
54,9,159600,73253,852265
54,10,148465,56658,835413
54,11,136312,57708,845751
54,12,141481,67048,851230
55,1,68379,34640,319264
55,2,75832,34370,316380
55,3,75455,28450,316015
55,4,71415,38252,309772
55,5,68243,30635,310809
55,6,72040,28909,318627
55,7,65162,28636,307248
55,8,68304,28371,310883
55,9,64003,34068,310757
55,10,72479,36841,300566
55,11,74784,36480,315482
55,12,69356,38007,317921
56,1,146863,50105,1174909
56,2,149635,46138,1159784
56,3,138484,64027,1165651
56,4,149220,52941,1158400
56,5,159801,64636,1172588
56,6,146684,51672,1164766
56,7,158206,64551,1173463
56,8,151611,55055,1163113
56,9,160156,51036,1167184
56,10,142780,47537,1157955
56,11,145273,49175,1166106
56,12,159920,55123,1177455
57,1,204826,71441,1157693
57,2,185919,92576,1144141
57,3,201720,72299,1147688
57,4,203720,84351,1143189
57,5,198338,66140,1153502
57,6,211620,68958,1142688
57,7,191030,93373,1157364
57,8,218784,95710,1146242
57,9,219239,80596,1154350
57,10,203549,77088,1148750
57,11,200897,83170,1143935
57,12,195461,81500,1144289
58,1,45594,28356,225420
58,2,53469,40953,237518
58,3,48118,31935,236360
58,4,54715,31435,242187
58,5,52625,41465,228881
58,6,52227,38114,235449
58,7,51444,39915,234980
58,8,47787,31293,235342
58,9,47006,42391,234626
58,10,45023,28936,226399
58,11,53341,38793,232995
58,12,54370,39946,231428
59,1,76267,36555,316136
59,2,70316,40564,312893
59,3,64581,50134,305445
59,4,69695,37841,315503
59,5,68640,40488,300177
59,6,75087,42359,315244
59,7,76009,42426,301323
59,8,67500,43684,299990
59,9,70685,39147,300450
59,10,71448,41591,312683
59,11,65629,47977,303187
59,12,69355,49770,299211
60,1,39973,16327,272353
60,2,42590,19454,274424
60,3,41989,16566,285676
60,4,36374,16270,281495
60,5,36030,16060,272684
60,6,43447,20205,273146
60,7,38163,20319,271931
60,8,40574,20780,277788
60,9,39379,16993,283335
60,10,43712,14934,276070
60,11,39950,17066,279400
60,12,41630,14327,279588
61,1,90963,69518,775669
61,2,100008,71659,780221
61,3,92219,77600,765818
61,4,90057,84214,773787
61,5,98330,83131,775696
61,6,94239,78276,762468
61,7,94314,78878,769851
61,8,90718,70540,775072
61,9,104741,87620,780067
61,10,103643,72702,769010
61,11,91706,60179,778395
61,12,91161,62197,762136
62,1,152853,53876,1045839
62,2,150570,71772,1048652
62,3,158219,74328,1054781
62,4,138945,76585,1056394
62,5,137291,63865,1063614
62,6,138606,60729,1062346
62,7,145254,73420,1063388
62,8,145442,63574,1058277
62,9,152042,71382,1061794
62,10,164225,76316,1063029
62,11,161956,74604,1059502
62,12,143734,59161,1057341
63,1,105703,52801,493167
63,2,102891,45210,497107
63,3,97313,39281,488105
63,4,102394,51120,495830
63,5,105626,45511,489098
63,6,106222,46528,487452
63,7,103482,39890,481518
63,8,108947,41257,490361
63,9,100776,36373,483759
63,10,103801,51729,486385
63,11,94605,36089,482142
63,12,109158,44652,494796
64,1,101217,83584,573304
64,2,94183,59828,569019
64,3,105862,83287,576524
64,4,103182,61547,575412
64,5,109028,87403,570411
64,6,109622,74991,571093
64,7,98739,75692,563164
64,8,105851,84866,563841
64,9,109202,73588,579858
64,10,105146,63087,570744
64,11,105461,67416,575019
64,12,109203,80654,570822
65,1,100293,39721,761230
65,2,90583,35090,763776
65,3,90008,41038,753643
65,4,109801,41794,747892
65,5,90898,39052,754887
65,6,91814,28750,753494
65,7,109018,36451,764865
65,8,102440,42326,750672
65,9,101281,33360,765108
65,10,94807,30998,759904
65,11,109487,28678,758318
65,12,94417,28839,747629
66,1,32037,10528,105014
66,2,32364,14470,103319
66,3,29405,13570,101510
66,4,29858,12265,93660
66,5,30546,10736,107478
66,6,27196,12946,107134
66,7,32276,12081,106119
66,8,31960,10056,106003
66,9,31161,13609,102745
66,10,31948,12354,97094
66,11,27272,11246,101596
66,12,27225,10450,95256
67,1,96201,69850,324854
67,2,104837,72834,330380
67,3,96058,59457,328736
67,4,92507,59756,319361
67,5,106133,76322,317288
67,6,97863,66242,327235
67,7,97613,61737,315420
67,8,90413,58018,324688
67,9,101675,75488,324444
67,10,99637,60388,325569
67,11,104288,70547,314947
67,12,100277,64152,324214
68,1,29067,12904,83115
68,2,28171,14902,86792
68,3,30990,13707,85843
68,4,31207,17327,82609
68,5,29611,16198,94547
68,6,29283,13743,100386
68,7,29323,18468,90995
68,8,27151,18038,101354
68,9,31785,16621,87204
68,10,29625,14201,101791
68,11,31902,16180,90547
68,12,30244,15437,100295
69,1,153750,55234,952446
69,2,155181,66682,943727
69,3,144385,69988,944858
69,4,159984,69291,946490
69,5,142425,51569,941129
69,6,151465,54545,949492
69,7,153638,55652,943777
69,8,161339,62124,933856
69,9,158512,54500,952913
69,10,155563,55614,945222
69,11,146217,70206,946421
69,12,158545,65176,945471
70,1,198004,123211,522208
70,2,218827,87462,513635
70,3,187592,106867,525903
70,4,193860,99228,518809
70,5,204219,104160,525761
70,6,190741,94669,522472
70,7,207591,88730,513165
70,8,218056,95076,524884
70,9,207831,101728,515201
70,10,205940,93839,530880
70,11,208151,98220,512953
70,12,207041,112017,524679
71,1,47026,30484,392865
71,2,51801,28370,378416
71,3,50829,26544,374102
71,4,54575,28263,389616
71,5,51172,32273,382387
71,6,51649,29429,392222
71,7,49335,24653,381694
71,8,45843,33072,377696
71,9,50127,28727,376982
71,10,50894,30787,376444
71,11,51706,31819,384298
71,12,46992,33900,379139
72,1,32309,10189,219293
72,2,32596,10878,225959
72,3,29384,10747,215024
72,4,31427,10780,214700
72,5,31624,10379,224758
72,6,30506,10852,219498
72,7,32191,12464,232267
72,8,31724,10493,218468
72,9,30827,12115,231073
72,10,29655,11327,219678
72,11,31703,10344,230456
72,12,28754,10449,221362
73,1,66643,35438,332303
73,2,70229,45727,342395
73,3,72299,47289,329868
73,4,74570,40143,339556
73,5,63111,47993,329530
73,6,70210,41609,327260
73,7,67953,46417,333496
73,8,74593,36366,339327
73,9,74009,43195,328400
73,10,70078,48264,334172
73,11,68498,41901,346178
73,12,67884,41380,327286
74,1,69851,47178,325978
74,2,63027,52792,323305
74,3,74052,44599,327513
74,4,64169,39207,321549
74,5,75343,41195,328786
74,6,64474,43153,328013
74,7,71508,43600,316762
74,8,66412,44032,328921
74,9,66073,57474,325070
74,10,70796,46909,333857
74,11,75200,52020,319565
74,12,65403,48547,320086
75,1,141187,83259,1156412
75,2,141129,87295,1140794
75,3,135543,97214,1158774
75,4,147243,100447,1151257
75,5,156439,100306,1144495
75,6,156703,88265,1141106
75,7,161225,76700,1151788
75,8,143565,88123,1152278
75,9,140503,99380,1145596
75,10,135401,83882,1142706
75,11,159106,101009,1159593
75,12,141238,71080,1159551
76,1,189261,133403,481873
76,2,197855,93845,478274
76,3,194901,93787,472767
76,4,206269,122804,477903
76,5,195169,128362,479348
76,6,199359,90912,487766
76,7,210912,115535,485645
76,8,203240,109988,471769
76,9,200842,106548,481454
76,10,210340,91335,478112
76,11,209690,98373,472819
76,12,215616,124672,480517
77,1,192553,106186,1320117
77,2,214460,135895,1328004
77,3,200282,103647,1338108
77,4,185346,115772,1324049
77,5,206380,132465,1335930
77,6,201973,120007,1338272
77,7,209929,105406,1334183
77,8,213036,116684,1335303
77,9,206188,133769,1338593
77,10,211071,133669,1329169
77,11,219332,132014,1335540
77,12,207957,112195,1335062
78,1,29573,14145,136510
78,2,28951,18643,137134
78,3,31000,13459,140366
78,4,28494,16559,136774
78,5,32803,18166,134610
78,6,28959,17662,131366
78,7,31045,12890,138729
78,8,30426,14807,143955
78,9,27780,12997,144091
78,10,31702,16492,139077
78,11,27481,14860,139676
78,12,27086,17765,133048
79,1,76869,28217,401123
79,2,72465,21889,395596
79,3,70972,29361,390851
79,4,76007,23971,393463
79,5,65962,30663,393028
79,6,69918,29285,392418
79,7,73011,26543,404227
79,8,76288,28996,409811
79,9,72485,24291,405007
79,10,75950,26937,393615
79,11,72672,27607,403489
79,12,63977,26149,397183
80,1,27149,10989,148520
80,2,32028,14184,146431
80,3,30215,12593,137143
80,4,32289,13079,151103
80,5,30855,10519,141732
80,6,30557,11917,143343
80,7,31215,10458,136951
80,8,32494,13240,138512
80,9,32297,13456,150880
80,10,30009,15061,139312
80,11,28719,14183,150573
80,12,28297,13619,151608
81,1,183404,131485,809812
81,2,188431,122874,796479
81,3,190742,115798,805185
81,4,197538,139437,806453
81,5,184577,110712,794276
81,6,211931,128214,805738
81,7,189300,117380,796468
81,8,194623,129727,809754
81,9,182502,121835,803683
81,10,215929,153047,804787
81,11,214586,118771,808164
81,12,183943,155941,804632
82,1,148252,120238,820286
82,2,159671,82878,821046
82,3,148752,109793,813316
82,4,151417,120542,820709
82,5,160866,93228,820321
82,6,164683,116422,819753
82,7,149681,110464,813075
82,8,151787,108264,819216
82,9,145842,115224,823780
82,10,144846,98874,827309
82,11,150415,116977,814661
82,12,140264,103456,827152
83,1,143359,80924,794297
83,2,159771,83367,794251
83,3,151762,86485,799270
83,4,163166,105554,794639
83,5,151703,103771,799496
83,6,140253,97485,792216
83,7,161222,82053,799065
83,8,157550,95687,790381
83,9,158777,95828,787732
83,10,139561,89663,788306
83,11,140985,83668,792843
83,12,162622,74408,799345
84,1,54351,21156,231537
84,2,49756,23814,245416
84,3,45454,23567,244198
84,4,51151,25918,249565
84,5,52735,18908,241043
84,6,45349,22717,233116
84,7,53391,19240,233206
84,8,52537,19728,234291
84,9,45496,24262,243724
84,10,51083,20312,245969
84,11,51956,23248,249917
84,12,48920,24495,245618
85,1,27525,12183,165522
85,2,29070,10835,164231
85,3,32599,12091,161061
85,4,31070,12369,164065
85,5,30717,13874,163829
85,6,28664,12177,170329
85,7,29733,14293,155016
85,8,29081,12999,158066
85,9,28871,12488,166170
85,10,32097,11149,171087
85,11,32007,15667,165095
85,12,32633,13091,163595
86,1,29825,14245,108627
86,2,30885,12164,107132
86,3,28765,11317,118868
86,4,27333,10740,111522
86,5,30981,12903,105435
86,6,32136,12612,111557
86,7,32455,12382,101360
86,8,27642,13058,103895
86,9,32641,13934,104682
86,10,31934,11630,101174
86,11,30188,12244,107315
86,12,28799,13893,108305
87,1,155990,102841,960077
87,2,144803,85776,953998
87,3,159029,89770,951416
87,4,148919,90379,950960
87,5,152552,94967,963711
87,6,153508,122148,955951
87,7,138097,92674,966974
87,8,157444,109257,958623
87,9,164507,96392,967803
87,10,145425,87462,951287
87,11,135817,107650,960050
87,12,152233,91197,965549
88,1,198667,134685,830187
88,2,202627,118436,827437
88,3,212336,153215,827634
88,4,198364,124980,820257
88,5,184745,159191,811388
88,6,201262,110296,822250
88,7,192472,122077,813600
88,8,206256,161220,817910
88,9,217124,154367,825701
88,10,189565,136322,826068
88,11,206471,112691,829305
88,12,202026,130402,823701
89,1,94339,48072,768163
89,2,93136,59403,781055
89,3,98383,45555,786024
89,4,104202,44032,772243
89,5,109373,47533,770914
89,6,94408,60640,770931
89,7,99292,49997,774475
89,8,98064,57830,772672
89,9,105619,50388,779229
89,10,106489,45098,777945
89,11,100805,59768,786281
89,12,92152,58160,785793
90,1,41573,25574,204470
90,2,41826,25810,210491
90,3,42563,26853,210982
90,4,39201,30624,210738
90,5,43922,22289,195505
90,6,41276,29576,207830
90,7,38435,24185,206383
90,8,40982,24455,208788
90,9,39975,32094,196353
90,10,37044,28226,212862
90,11,42377,29974,206044
90,12,42439,22582,205000
91,1,36315,18265,288324
91,2,42863,19381,277186
91,3,36090,19780,278817
91,4,36322,18367,279935
91,5,40529,14237,286220
91,6,38201,19227,284794
91,7,43233,16851,282592
91,8,37555,14854,286911
91,9,42658,19910,287235
91,10,37808,19992,276343
91,11,36719,15564,286359
91,12,36668,15691,287740
92,1,105203,60158,640488
92,2,104678,65539,630486
92,3,98169,74843,633625
92,4,106547,72194,628327
92,5,103943,61262,635538
92,6,109520,65490,627208
92,7,107913,64163,640743
92,8,102962,80302,629923
92,9,106521,74659,635096
92,10,92111,57125,642463
92,11,97209,74608,638080
92,12,91624,83582,640435
93,1,69250,54326,412940
93,2,74908,45671,407201
93,3,69014,47277,411959
93,4,70786,57661,420678
93,5,70330,46751,418941
93,6,75458,62068,407277
93,7,72129,57690,423088
93,8,64439,44103,418516
93,9,64305,61485,414319
93,10,67540,55524,422173
93,11,76214,57377,421166
93,12,71055,50391,410824
94,1,104027,45280,394692
94,2,93669,55578,389834
94,3,92527,43446,394370
94,4,106135,60889,391497
94,5,102627,51985,400286
94,6,104485,53403,402084
94,7,103276,63531,391743
94,8,106119,55533,386463
94,9,90493,50621,403344
94,10,91797,55724,388272
94,11,106004,61339,390426
94,12,107031,64091,391480
95,1,190878,111627,1351529
95,2,205348,130529,1342643
95,3,181698,135118,1354277
95,4,206602,128673,1354651
95,5,185050,141601,1347267
95,6,199958,116679,1344495
95,7,196081,137348,1342882
95,8,184728,100662,1348083
95,9,192909,128561,1345858
95,10,180515,127854,1341564
95,11,215776,142113,1356189
95,12,202124,141542,1348403
96,1,39552,24016,130246
96,2,43964,24498,146295
96,3,38560,23490,133639
96,4,39912,27124,131774
96,5,38521,20234,142137
96,6,41908,25294,135202
96,7,41547,25616,130815
96,8,42432,23011,135625
96,9,41841,24844,136515
96,10,41389,26251,145554
96,11,39544,24824,138121
96,12,37808,24198,144912
97,1,199925,125692,494179
97,2,203943,123993,510865
97,3,215917,131330,494704
97,4,185427,135242,493500
97,5,205638,115264,503374
97,6,208017,129485,501344
97,7,217663,118233,493837
97,8,216964,139053,496875
97,9,193254,125055,502528
97,10,217225,125075,507183
97,11,196491,137163,500620
97,12,211600,108337,510368
98,1,29404,9513,155394
98,2,32914,8996,157957
98,3,30958,10983,149502
98,4,29381,11043,144657
98,5,30892,13288,158643
98,6,28083,10175,153735
98,7,27667,12899,143627
98,8,27975,12033,142606
98,9,31406,9934,149988
98,10,28289,9183,153811
98,11,27591,9519,158370
98,12,31818,11425,155013
99,1,163187,67667,1096740
99,2,159853,51090,1088262
99,3,158742,71612,1096341
99,4,143312,72229,1089340
99,5,144692,73380,1086101
99,6,140314,66855,1090819
99,7,159050,60652,1093069
99,8,152419,72107,1088820
99,9,161851,52783,1088689
99,10,153537,57516,1098545
99,11,137583,69122,1082076
99,12,152006,57754,1093949
100,1,93988,35921,310318
100,2,91362,35187,322135
100,3,99322,38791,314918
100,4,98282,46922,309368
100,5,102101,35224,313416
100,6,99566,32059,310129
100,7,106497,44222,306694
100,8,100468,35323,315640
100,9,97476,41646,322124
100,10,93267,34652,305965
100,11,94883,41212,309085
100,12,97955,39843,314980
101,1,184541,99818,407830
101,2,181762,74765,410471
101,3,200995,83863,401113
101,4,217838,97239,418183
101,5,198062,100481,400489
101,6,210270,91710,401736
101,7,182364,92058,414100
101,8,217959,73303,417003
101,9,183070,68569,404360
101,10,182216,79755,412783
101,11,199585,82640,411555
101,12,203184,69186,400831
102,1,41420,24031,149957
102,2,43379,19557,147471
102,3,41179,26832,154877
102,4,37925,27120,158348
102,5,41841,23493,158679
102,6,39277,28101,153356
102,7,37558,26518,155858
102,8,40626,26727,165009
102,9,36543,20581,160432
102,10,43121,25025,163262
102,11,40388,22671,163437
102,12,40548,19429,157958
103,1,72369,51994,441686
103,2,71246,61516,440401
103,3,71058,45247,438554
103,4,70984,46265,441202
103,5,67967,58199,455443
103,6,72790,48787,441012
103,7,70943,58535,443929
103,8,70184,44599,448112
103,9,64864,47337,443444
103,10,63853,56395,455041
103,11,67034,42002,438853
103,12,75712,46945,437573
104,1,142608,62120,810713
104,2,135676,67283,826402
104,3,161719,61059,820691
104,4,159251,61405,813814
104,5,162391,60475,811041
104,6,143063,51694,807927
104,7,146541,57275,814701
104,8,152639,57051,820640
104,9,159946,51193,821087
104,10,140154,59205,810941
104,11,159355,47349,818943
104,12,160904,54284,812762
105,1,31415,9488,214222
105,2,32278,8804,217043
105,3,27342,9184,215240
105,4,32419,8698,222450
105,5,31049,9619,224153
105,6,30073,11516,226465
105,7,28258,12788,223308
105,8,27502,10250,209688
105,9,32317,9243,210308
105,10,32793,10283,222006
105,11,28094,12739,220620
105,12,30792,11712,221480
106,1,42768,15109,225573
106,2,41132,14020,240207
106,3,39889,14598,226449
106,4,38535,19442,224233
106,5,40367,20255,223686
106,6,42857,19136,239953
106,7,43560,18568,224118
106,8,40004,18313,238553
106,9,37948,15962,232155
106,10,42419,19806,228877
106,11,39563,14427,240934
106,12,42014,19464,232659
107,1,160790,123125,924999
107,2,160472,99158,937970
107,3,160093,106044,933417
107,4,147053,107247,941302
107,5,149316,116202,934311
107,6,159886,112721,930101
107,7,147066,102711,925927
107,8,155910,98309,943859
107,9,156761,87892,933801
107,10,144189,96775,927686
107,11,163842,111463,935022
107,12,143116,93558,939430
108,1,29064,12186,156863
108,2,32279,12113,173318
108,3,32896,10878,168541
108,4,30978,12548,159308
108,5,29533,13465,169499
108,6,32370,13794,158072
108,7,29513,11884,163506
108,8,27276,14169,160927
108,9,28925,12551,171217
108,10,29611,14120,156424
108,11,29258,12429,161725
108,12,32172,10179,157532
109,1,144231,87029,400033
109,2,157320,105226,408672
109,3,138318,79011,417076
109,4,141981,79719,409440
109,5,143235,101875,410030
109,6,159072,90874,398555
109,7,155595,109266,411591
109,8,160843,111244,398825
109,9,135951,98394,402106
109,10,164665,96386,412256
109,11,151872,88476,414903
109,12,161595,93102,400737
110,1,109837,66566,405352
110,2,94671,46646,390605
110,3,101110,51680,398804
110,4,107518,65527,392096
110,5,100740,64054,387687
110,6,104177,67523,386845
110,7,96408,48814,403045
110,8,108316,61301,387438
110,9,92476,46699,403828
110,10,90854,64610,388285
110,11,91557,66658,400652
110,12,107192,48916,385588
111,1,76335,50731,525191
111,2,65238,49566,521089
111,3,65719,45071,522755
111,4,74150,50454,527563
111,5,72287,39012,514993
111,6,64224,43785,526244
111,7,65603,54346,515782
111,8,76350,43324,518982
111,9,72794,52544,517202
111,10,76268,39435,529838
111,11,74608,46193,520861
111,12,68342,51113,515089
112,1,212812,123261,947925
112,2,205425,113354,932968
112,3,212992,129369,943542
112,4,195284,102591,940651
112,5,218709,127875,944468
112,6,205711,125141,949322
112,7,201043,132761,947005
112,8,188163,118795,948187
112,9,187206,101513,937704
112,10,196524,105819,946487
112,11,182891,123931,937196
112,12,182229,125568,949910
113,1,31873,10745,122434
113,2,30489,12450,104999
113,3,30280,13229,103786
113,4,27485,13193,117500
113,5,27997,13376,117028
113,6,28207,13255,103791
113,7,29032,13539,111690
113,8,30473,9422,115103
113,9,28542,11305,121015
113,10,32235,9572,118508
113,11,29542,10741,116014
113,12,30745,12976,118420
114,1,42330,23782,182666
114,2,41933,25645,174617
114,3,41958,22361,189301
114,4,39215,24444,184086
114,5,40667,22528,184802
114,6,41077,19989,184901
114,7,37753,19316,185891
114,8,39877,18530,190512
114,9,37728,27127,185590
114,10,43657,22189,184954
114,11,38397,27080,188521
114,12,40946,24507,180472
115,1,39938,15506,158347
115,2,40588,13443,167994
115,3,40125,14337,161697
115,4,36955,13364,162488
115,5,40913,13353,158245
115,6,39787,16388,151875
115,7,37655,16370,167277
115,8,38848,15388,166604
115,9,39442,12432,150612
115,10,42312,12166,163543
115,11,36331,13331,158085
115,12,43428,15723,154804
116,1,201298,130825,1036813
116,2,208297,138342,1030393
116,3,218792,139151,1040130
116,4,184856,138820,1023878
116,5,187680,136042,1043007
116,6,180990,114724,1025672
116,7,191185,108988,1023844
116,8,187902,143107,1028232
116,9,210976,121700,1033597
116,10,206332,124361,1032150
116,11,202326,119733,1034388
116,12,216905,127659,1036545
117,1,164173,103423,580597
117,2,142098,102006,590199
117,3,158490,112958,575152
117,4,160124,91997,593111
117,5,142660,116155,588646
117,6,136858,105838,579335
117,7,158758,98671,591012
117,8,160024,86992,577020
117,9,151425,120911,587214
117,10,138016,98299,578894
117,11,144972,95107,586553
117,12,161544,91649,583024
118,1,37611,26748,217070
118,2,36765,28566,227494
118,3,39885,34395,230578
118,4,37316,24371,216853
118,5,40473,29695,217849
118,6,43249,32395,225018
118,7,42885,31822,219282
118,8,39152,33665,227705
118,9,37008,30486,225212
118,10,43038,31276,225783
118,11,41753,26823,214844
118,12,37614,34348,219349
119,1,49685,20207,326637
119,2,47090,20041,317924
119,3,52690,22818,323414
119,4,53085,21805,331570
119,5,49458,26497,317942
119,6,45373,23569,320843
119,7,54132,22465,333417
119,8,46336,27615,335187
119,9,49452,23407,319572
119,10,45992,22847,318139
119,11,48321,25408,334542
119,12,54236,28199,330929
120,1,142170,74784,524987
120,2,160515,77970,513660
120,3,141563,66174,510028
120,4,146812,74196,512555
120,5,142276,65192,511438
120,6,136753,65426,527208
120,7,146080,75776,526830
120,8,163618,81517,524148
120,9,139552,73900,509204
120,10,137324,64925,508866
120,11,150139,57103,512598
120,12,138931,79578,517149
121,1,210277,153596,1093717
121,2,214518,141683,1106202
121,3,181216,155752,1096349
121,4,213058,146089,1098874
121,5,218873,143514,1103988
121,6,198776,163233,1097089
121,7,204602,124269,1089351
121,8,208615,169825,1103850
121,9,180381,118536,1102501
121,10,193721,170674,1092621
121,11,193169,117232,1100637
121,12,198414,154769,1089951
122,1,30635,18596,93560
122,2,31701,15396,97331
122,3,30657,19669,86800
122,4,30213,18968,94703
122,5,30057,22276,96556
122,6,29014,20026,87349
122,7,32772,19213,93899
122,8,28672,22659,101370
122,9,30478,17479,88898
122,10,31941,20745,97746
122,11,27329,19746,100109
122,12,27927,18682,84171
123,1,71753,32584,337030
123,2,64278,23974,345033
123,3,70525,22341,339517
123,4,70477,29819,341665
123,5,73264,33225,337284
123,6,70535,28099,334902
123,7,65368,33025,336172
123,8,69976,28875,346711
123,9,66803,23334,346579
123,10,70212,33168,341856
123,11,68193,30748,336735
123,12,75540,22505,342941
124,1,65009,40851,286059
124,2,70155,45713,289970
124,3,64114,50600,290047
124,4,64952,48025,275171
124,5,73052,44340,291478
124,6,64839,42292,276109
124,7,75138,41946,287159
124,8,76413,42014,282888
124,9,74724,43423,293536
124,10,67493,47219,283034
124,11,66734,39619,286849
124,12,63723,38307,290140
125,1,29668,20063,235190
125,2,31717,18728,238619
125,3,32099,18539,230947
125,4,31061,16072,240674
125,5,32918,17740,229342
125,6,32049,15809,228590
125,7,29504,17984,239378
125,8,31062,16500,237625
125,9,28194,18282,234563
125,10,28523,22408,240326
125,11,28738,17432,236738
125,12,31561,21198,233737
126,1,107166,57621,775753
126,2,102889,44212,763153
126,3,102712,60620,775266
126,4,94516,44074,773512
126,5,98883,43284,771217
126,6,106321,60437,777218
126,7,107035,41573,773731
126,8,101379,51273,767864
126,9,93127,55736,766206
126,10,101385,40550,772908
126,11,107780,52039,766744
126,12,104289,49514,781773
127,1,95959,53697,309623
127,2,104152,46067,316631
127,3,106159,60536,318848
127,4,102878,61992,304466
127,5,99167,55307,301891
127,6,102779,45525,306703
127,7,99983,50229,303835
127,8,98640,65595,305426
127,9,92064,56539,306835
127,10,107542,55296,302593
127,11,92134,57951,313574
127,12,92581,59979,302991
128,1,41887,16489,137143
128,2,37364,17660,147640
128,3,38108,16518,134830
128,4,41233,21729,137733
128,5,41802,20556,149920
128,6,43804,14968,136453
128,7,41447,20868,135069
128,8,40313,16344,135355
128,9,43294,17677,134397
128,10,37701,15198,135418
128,11,42600,20716,133622
128,12,42274,21357,135596
129,1,63799,36746,538600
129,2,64435,31553,543436
129,3,76619,46784,555010
129,4,75170,42922,549831
129,5,66425,37973,549915
129,6,76127,36885,551394
129,7,72403,36603,546869
129,8,75755,44234,548141
129,9,73090,39427,550043
129,10,69132,36736,554443
129,11,73593,40500,550545
129,12,65635,34256,552131
130,1,190968,82464,1038758
130,2,205025,105013,1021260
130,3,207477,117723,1029791
130,4,194099,86513,1039799
130,5,207047,116318,1029878
130,6,183096,102249,1025294
130,7,184226,114457,1021098
130,8,211258,109998,1024204
130,9,212367,108759,1030117
130,10,191997,82161,1026550
130,11,181320,120198,1032926
130,12,186660,110362,1030080
131,1,142601,103959,726511
131,2,155502,93137,743204
131,3,148439,86378,744042
131,4,135069,107150,733705
131,5,145636,92092,739867
131,6,148734,81117,727313
131,7,161874,75534,732386
131,8,162209,77878,743268
131,9,151370,96379,743424
131,10,155304,82648,731416
131,11,137131,101203,743684
131,12,139316,75576,727066
132,1,29124,12520,133539
132,2,31062,12647,145352
132,3,27106,9913,140219
132,4,29733,13629,136192
132,5,27843,11431,147910
132,6,28100,9461,142536
132,7,27790,13610,132963
132,8,27642,13109,138822
132,9,31902,11542,148350
132,10,29580,11492,140123
132,11,32617,13863,144526
132,12,28435,12371,135493
133,1,37168,20649,222681
133,2,43483,21796,235123
133,3,36859,14753,235995
133,4,43300,15926,226169
133,5,43994,16176,237005
133,6,39309,19595,239421
133,7,43326,18308,232078
133,8,37085,21779,232435
133,9,37309,16819,238887
133,10,37705,20347,241090
133,11,38085,15306,234635
133,12,43851,19235,223522
134,1,189748,137333,741664
134,2,197835,161316,728539
134,3,219349,140603,735101
134,4,205492,123325,728657
134,5,201391,178447,729845
134,6,205397,170271,744966
134,7,195611,172182,738727
134,8,196437,155106,734901
134,9,186176,156444,728719
134,10,180666,171140,735638
134,11,197987,139678,746584
134,12,192800,149254,730698
135,1,50180,27727,224486
135,2,52464,29634,224548
135,3,52322,30843,216918
135,4,48829,30081,225988
135,5,49401,28582,219888
135,6,49156,31192,223707
135,7,51692,33813,213802
135,8,52011,28394,215247
135,9,52020,34633,229168
135,10,50658,40287,226417
135,11,49511,37551,213978
135,12,52193,36171,213814
136,1,37195,33561,311555
136,2,39574,31821,315177
136,3,36406,28273,305607
136,4,43412,31047,303696
136,5,37001,27285,309414
136,6,42841,27019,301087
136,7,41719,27833,298871
136,8,37398,30332,305337
136,9,38315,28403,313993
136,10,36038,27636,304186
136,11,36629,26700,316123
136,12,39255,25437,298898
137,1,193662,125383,1169939
137,2,219919,153244,1159716
137,3,185864,115794,1164348
137,4,204651,109638,1167999
137,5,205323,155436,1163362
137,6,210789,150713,1170129
137,7,213767,114702,1155388
137,8,181484,111558,1153357
137,9,216310,111920,1154096
137,10,188624,150862,1157374
137,11,188036,150401,1171930
137,12,185914,157680,1157505
138,1,47577,22149,265523
138,2,45495,21312,265476
138,3,50420,20166,266870
138,4,51673,17428,272585
138,5,52651,20377,273713
138,6,50365,23449,274908
138,7,51077,17085,272243
138,8,50183,16996,270694
138,9,47662,16655,275974
138,10,53178,24424,264175
138,11,47065,22425,278257
138,12,46324,20882,276546
139,1,109216,80271,251092
139,2,94673,72980,262043
139,3,96401,76407,262807
139,4,92536,79268,252703
139,5,90890,63300,258757
139,6,92339,67838,264634
139,7,92115,69300,267102
139,8,93833,68427,251775
139,9,100713,66205,257402
139,10,99859,68354,257372
139,11,96772,56837,265389
139,12,98070,64521,259707
140,1,46688,21915,255782
140,2,47104,23954,249249
140,3,47903,18543,238794
140,4,49473,26412,245944
140,5,46844,22243,241346
140,6,52595,19647,240476
140,7,45211,21543,242029
140,8,47860,24250,245260
140,9,47049,24421,246646
140,10,49626,25100,239197
140,11,46835,25124,252287
140,12,46889,20322,245895
141,1,143092,88726,485321
141,2,148607,66914,472375
141,3,150842,72299,485673
141,4,135117,98479,478141
141,5,153085,89551,483161
141,6,152643,87562,468892
141,7,161404,72067,469817
141,8,135540,69024,481535
141,9,138360,93554,477504
141,10,148991,77539,474696
141,11,157211,69539,469727
141,12,140043,82483,472643
142,1,54956,39847,305253
142,2,46547,34398,309351
142,3,48723,33703,304181
142,4,51495,34420,300227
142,5,47793,35418,299055
142,6,50119,37774,302099
142,7,53824,38442,293650
142,8,48188,38768,310049
142,9,49991,31543,298364
142,10,47410,30131,306499
142,11,45898,33735,302888
142,12,51974,39505,293106
143,1,47626,33509,376806
143,2,48372,29089,368515
143,3,51817,34980,372640
143,4,49009,28465,367180
143,5,53031,26076,385746
143,6,50657,24403,373648
143,7,52984,32782,380370
143,8,46058,31825,381277
143,9,54559,25070,383959
143,10,48902,31224,379143
143,11,45039,30287,379477
143,12,54720,26145,375251
144,1,211896,153976,519581
144,2,215674,129469,519717
144,3,180723,135874,519165
144,4,181488,165156,505477
144,5,213451,125410,508960
144,6,186264,168391,509397
144,7,216121,116092,507664
144,8,183895,130369,515303
144,9,217635,151189,515449
144,10,182625,144314,504556
144,11,218464,157088,519936
144,12,194582,160971,521462
145,1,46427,17918,240938
145,2,52178,22442,241493
145,3,53812,17624,226321
145,4,52245,17334,235246
145,5,52031,15161,226054
145,6,52779,17865,242585
145,7,50039,15099,241285
145,8,50259,21063,226564
145,9,50242,20028,234304
145,10,47775,21998,227392
145,11,50619,17357,234349
145,12,51850,20305,239780
146,1,30228,15669,187567
146,2,28009,13678,185595
146,3,32401,16644,181402
146,4,30871,16557,173666
146,5,31834,17646,174078
146,6,28641,18613,174001
146,7,31258,12537,178947
146,8,27060,13421,174686
146,9,32524,18540,180831
146,10,32730,18236,183086
146,11,28254,17791,183304
146,12,30249,16423,179177
147,1,72484,34844,342576
147,2,73378,39008,347571
147,3,75457,35875,342229
147,4,72662,36497,350175
147,5,70116,41274,351456
147,6,66916,35385,341953
147,7,68791,37940,355879
147,8,64967,33701,348457
147,9,69211,40265,352436
147,10,74147,35634,346826
147,11,72244,34802,349633
147,12,67404,34655,346274
148,1,42378,15733,126910
148,2,38690,17933,133209
148,3,41841,16550,134671
148,4,41771,20391,131476
148,5,40121,19236,129814
148,6,41326,16490,118869
148,7,37009,17536,122697
148,8,41709,15615,118319
148,9,36259,17992,122317
148,10,43995,18180,129980
148,11,36508,17690,120637
148,12,36396,14522,134929
149,1,163445,88066,943709
149,2,136660,89886,943640
149,3,142841,104352,940828
149,4,154738,100006,956323
149,5,164068,96113,955842
149,6,153660,89955,953641
149,7,138806,91811,949935
149,8,145793,85200,949644
149,9,140845,88228,952303
149,10,149772,100461,948829
149,11,156440,92211,956363
149,12,142146,84593,955778
150,1,191470,73785,1337457
150,2,214180,77347,1338763
150,3,188265,82851,1331974
150,4,211963,72311,1334434
150,5,213813,78615,1337331
150,6,201483,78905,1337000
150,7,188471,80499,1336820
150,8,207046,83821,1342329
150,9,180992,81731,1338442
150,10,194378,82397,1346530
150,11,184620,67054,1334270
150,12,183016,64870,1343274
151,1,50591,26727,165510
151,2,52436,29370,160193
151,3,49837,24504,165446
151,4,45258,24404,160299
151,5,45016,24382,153614
151,6,47401,24813,152171
151,7,51764,23386,163649
151,8,51560,25001,147214
151,9,50621,21421,161154
151,10,46694,28159,147618
151,11,52068,31183,147912
151,12,48762,31242,158285
152,1,31743,21055,155838
152,2,31170,22448,146932
152,3,27174,23760,143313
152,4,30489,21738,156767
152,5,32666,18982,144095
152,6,30139,18162,146924
152,7,32397,23870,143261
152,8,32217,23717,149267
152,9,27342,22933,145468
152,10,30976,22224,155765
152,11,30010,23385,154838
152,12,30147,22754,153353
153,1,72320,52245,164275
153,2,63970,50833,165272
153,3,71223,43155,162299
153,4,73588,57821,171452
153,5,64266,51683,173798
153,6,75580,59935,173234
153,7,75025,43225,172747
153,8,67488,45078,169124
153,9,66516,48021,175620
153,10,70836,48817,162380
153,11,67854,56835,164432
153,12,67280,42895,177039
154,1,38025,27273,241932
154,2,41243,23835,226073
154,3,36141,26864,230071
154,4,36128,25323,235266
154,5,41453,23564,228385
154,6,42424,25778,231824
154,7,42425,27343,226566
154,8,41756,25176,244835
154,9,42470,24491,225796
154,10,36198,21388,243649
154,11,38422,26249,228759
154,12,42387,24197,238393
155,1,72874,44685,246368
155,2,67076,55213,243381
155,3,75443,54685,230669
155,4,71344,41618,238286
155,5,63242,50780,240558
155,6,69637,39914,245243
155,7,76068,46695,245524
155,8,72302,53949,229469
155,9,63053,44575,234322
155,10,64999,55053,245081
155,11,70982,56997,244689
155,12,75350,48474,229119
156,1,54992,23469,276494
156,2,46640,23452,261627
156,3,50440,26270,275958
156,4,47322,29570,259052
156,5,47872,25773,277288
156,6,51034,28805,272440
156,7,52367,25178,263004
156,8,45547,24169,268502
156,9,47744,24631,273065
156,10,54387,28788,265474
156,11,50642,24736,266844
156,12,48035,24615,271187
157,1,194609,94161,768804
157,2,211987,101739,778222
157,3,212970,95254,768169
157,4,183990,76301,784888
157,5,212301,93168,781669
157,6,189422,108908,777063
157,7,208391,92185,766214
157,8,219009,110143,775382
157,9,212444,81602,775385
157,10,191596,105953,780268
157,11,217406,87770,781151
157,12,206817,85003,775544
158,1,42840,16217,94738
158,2,41518,17354,92359
158,3,38616,17524,97818
158,4,43276,17563,95161
158,5,43272,19723,107562
158,6,37605,18105,103514
158,7,37437,17191,99357
158,8,38111,16187,109728
158,9,40960,15605,95420
158,10,39477,14622,110049
158,11,39885,18032,92522
158,12,36600,16908,94975
159,1,199669,167446,823037
159,2,180146,134134,832084
159,3,207222,165284,819864
159,4,190500,118656,835110
159,5,212046,137437,821747
159,6,196642,172165,833312
159,7,217080,153120,829001
159,8,195174,168290,837115
159,9,196477,169653,829829
159,10,186886,164802,826513
159,11,204622,117917,823006
159,12,195289,131922,828821
160,1,149938,84772,440769
160,2,152789,93126,440342
160,3,151989,101406,450885
160,4,141860,105780,445943
160,5,158717,82310,441266
160,6,148403,73655,438419
160,7,161626,96928,440258
160,8,155319,99180,440178
160,9,150268,85103,451237
160,10,163611,96959,438406
160,11,147654,98764,449204
160,12,154814,90673,437115
161,1,145580,71910,697602
161,2,144096,75118,694562
161,3,159144,73249,697405
161,4,159066,72623,695039
161,5,162855,79765,689164
161,6,156172,87220,699556
161,7,154840,73960,684572
161,8,145519,73490,683948
161,9,160076,64971,702055
161,10,141246,69584,686578
161,11,143390,67761,685252
161,12,160969,69302,693604
162,1,135087,77885,1066564
162,2,143528,100225,1079206
162,3,160083,87791,1068487
162,4,139610,110969,1076592
162,5,146844,102561,1069325
162,6,162979,92368,1076539
162,7,135610,85473,1072931
162,8,159882,89252,1070322
162,9,143183,95488,1064285
162,10,142408,112390,1080981
162,11,148803,78108,1065866
162,12,155312,107696,1074291
163,1,45582,29516,386516
163,2,50567,27668,369043
163,3,49068,24857,378805
163,4,51481,20394,378187
163,5,50241,23068,386557
163,6,45857,21127,374543
163,7,49523,20645,382936
163,8,53355,20649,372186
163,9,53897,20301,384705
163,10,54590,26406,387138
163,11,45669,20493,374781
163,12,50280,30004,384913
164,1,202875,91186,583381
164,2,201361,90308,581387
164,3,210626,64914,592998
164,4,192980,92367,582943
164,5,198434,83779,586180
164,6,199457,85888,594790
164,7,187897,93590,589238
164,8,185051,92387,592780
164,9,190592,92005,597712
164,10,205043,90676,592939
164,11,197721,82101,585486
164,12,189570,71523,597007
165,1,136558,94956,953664
165,2,157687,75570,953207
165,3,149490,95855,947983
165,4,157491,69623,957206
165,5,154578,81553,957630
165,6,147286,92311,952638
165,7,141843,97030,951017
165,8,140273,71221,950421
165,9,149592,83174,955242
165,10,159381,84397,962847
165,11,157984,97370,961260
165,12,157029,87524,960481
166,1,140123,53738,471900
166,2,160627,65931,455545
166,3,156441,69630,456207
166,4,151459,70476,464449
166,5,138946,54569,475018
166,6,142655,67752,471326
166,7,138300,69861,467782
166,8,151847,49138,467099
166,9,136382,60296,457328
166,10,139284,63898,474434
166,11,154857,57692,456780
166,12,158386,47936,462744
167,1,54039,31569,235629
167,2,47540,40567,247049
167,3,52203,33253,252922
167,4,46904,36320,247301
167,5,45796,27867,240163
167,6,49848,32036,246644
167,7,46261,28884,247286
167,8,45297,28183,249216
167,9,48014,28493,234288
167,10,54925,36172,244296
167,11,45535,29118,235864
167,12,50040,34619,234464
168,1,68097,47219,176549
168,2,71825,41021,186622
168,3,72379,37068,181360
168,4,72994,44368,191934
168,5,63436,53078,179086
168,6,67245,42267,183557
168,7,76850,36483,187599
168,8,69198,52757,179897
168,9,70449,44410,178218
168,10,65909,50332,187075
168,11,66003,48986,184825
168,12,71028,39631,178906
169,1,103877,38064,672930
169,2,92563,32462,661659
169,3,99415,41387,678696
169,4,101133,40456,673081
169,5,93243,45642,664392
169,6,109698,45044,662859
169,7,104119,34163,677201
169,8,99076,38848,668230
169,9,104633,32939,672901
169,10,108018,40891,660221
169,11,91989,39820,678382
169,12,95260,33084,673090
170,1,219034,70542,612415
170,2,208872,64180,612719
170,3,212410,78265,615579
170,4,209557,86782,605712
170,5,215801,82876,603632
170,6,192055,81024,605643
170,7,202896,74190,608900
170,8,203403,77543,605634
170,9,218826,67131,608592
170,10,183580,75093,616684
170,11,190165,87168,613588
170,12,207516,88366,619266
171,1,36440,27561,132553
171,2,38289,23479,132007
171,3,39453,26890,119731
171,4,43173,21098,125647
171,5,36043,19423,124303
171,6,41114,19805,121024
171,7,42028,28208,125538
171,8,41663,24408,121929
171,9,37345,27043,125073
171,10,40291,23260,119818
171,11,39977,19985,133289
171,12,40862,22950,126447
172,1,153425,75875,1123469
172,2,145084,75040,1127823
172,3,150382,77959,1128442
172,4,139204,82703,1113843
172,5,137852,66775,1132300
172,6,137431,88303,1123409
172,7,161331,91446,1128883
172,8,161512,95353,1115183
172,9,146918,75963,1118862
172,10,143151,71928,1118885
172,11,137177,92654,1116452
172,12,150190,96594,1118697
173,1,163848,95174,683014
173,2,145131,87602,668425
173,3,158609,70664,677457
173,4,154733,101685,674582
173,5,158681,93585,669370
173,6,151428,90736,680591
173,7,143167,81928,678647
173,8,139458,84402,673160
173,9,156038,95841,666012
173,10,159802,97275,677601
173,11,140756,70830,681654
173,12,147537,94445,665253
174,1,30184,17910,199967
174,2,28131,19916,218620
174,3,30441,22407,215561
174,4,30785,18659,200389
174,5,30001,22983,209918
174,6,31993,18065,201724
174,7,27564,23438,208734
174,8,27888,21810,201574
174,9,29472,17660,211458
174,10,31286,23162,215815
174,11,31030,19014,210863
174,12,31055,21487,210514
175,1,42483,25826,183836
175,2,41878,25068,180053
175,3,42292,25154,189824
175,4,41362,23799,182611
175,5,43047,30519,188753
175,6,38505,23700,196259
175,7,39177,24423,183328
175,8,38564,29852,188747
175,9,41411,22758,184582
175,10,41524,27340,186421
175,11,38983,23338,181685
175,12,36901,28030,196272
176,1,43794,23066,282561
176,2,38101,24401,294922
176,3,41121,23896,288571
176,4,38556,29215,289922
176,5,36160,32582,283735
176,6,42495,31652,293910
176,7,41730,30090,291207
176,8,37251,32125,285409
176,9,40971,31313,286504
176,10,38860,25672,293338
176,11,41811,31966,292399
176,12,38738,31221,282871
177,1,50298,38936,377679
177,2,52396,37214,371129
177,3,52472,34422,383053
177,4,52189,38261,376131
177,5,53811,33602,385362
177,6,49144,40048,373515
177,7,47646,40371,378988
177,8,52507,39380,387445
177,9,51948,41630,380061
177,10,52620,37782,382790
177,11,45919,34645,370782
177,12,47370,36440,387287
178,1,108566,33520,294302
178,2,104150,40174,276495
178,3,100549,34928,291099
178,4,97703,38198,286130
178,5,102676,47546,289166
178,6,104539,42085,283499
178,7,102075,35300,287794
178,8,96024,40185,293628
178,9,98895,33383,276496
178,10,96052,43431,290892
178,11,98915,45927,285999
178,12,100387,41843,290089
179,1,95650,56222,210424
179,2,102960,55293,199157
179,3,104175,53170,207673
179,4,94596,65005,215021
179,5,107945,59536,215681
179,6,102649,54100,217835
179,7,90260,69620,216813
179,8,97991,67438,200140
179,9,90487,61031,208316
179,10,94386,57424,216642
179,11,108679,52093,206981
179,12,107116,63383,205846
180,1,189568,77136,776310
180,2,184135,77656,770152
180,3,203465,83816,777710
180,4,202672,75194,773093
180,5,196474,87112,775672
180,6,214189,93563,770574
180,7,193437,81782,776476
180,8,196208,67884,776162
180,9,188248,91870,780548
180,10,188298,92805,778819
180,11,195322,91632,782374
180,12,197580,66022,772283
181,1,49105,31085,378020
181,2,53819,33565,371738
181,3,46981,27990,364263
181,4,49022,33081,370861
181,5,48458,32847,378797
181,6,53392,28308,372068
181,7,48287,36372,377098
181,8,50435,36970,377583
181,9,47242,33276,383169
181,10,45540,34232,366924
181,11,50125,35722,371208
181,12,53226,30788,374694
182,1,208242,108129,1394480
182,2,215397,111888,1389134
182,3,211267,119788,1388743
182,4,181786,100275,1390260
182,5,212443,90637,1396459
182,6,215226,104762,1393118
182,7,197288,116347,1394043
182,8,210759,106232,1387208
182,9,184550,104678,1390332
182,10,197449,129034,1382545
182,11,183183,127664,1382719
182,12,205338,91428,1397776
183,1,68030,47041,399205
183,2,70885,50319,384631
183,3,65294,45256,393082
183,4,73204,55718,390507
183,5,67840,41265,385384
183,6,71442,39093,384973
183,7,75792,54730,383509
183,8,65104,38741,394418
183,9,67409,40459,385554
183,10,75570,40450,384683
183,11,72636,49488,388001
183,12,75531,56682,383809
184,1,49386,39633,143482
184,2,53389,32733,153795
184,3,53386,37820,143761
184,4,54132,37162,148077
184,5,46168,32384,139531
184,6,47595,32658,150671
184,7,52354,32816,149589
184,8,46019,34257,140143
184,9,52565,32159,152282
184,10,45397,40451,153772
184,11,51366,31644,149425
184,12,49015,32773,147265
185,1,159786,71176,745320
185,2,159182,75197,748564
185,3,142368,67394,755424
185,4,160530,88736,745081
185,5,160653,74973,738093
185,6,136582,78503,755227
185,7,136229,86431,743746
185,8,138022,86509,743236
185,9,149148,86620,739607
185,10,138819,69516,739137
185,11,162349,84751,747732
185,12,145089,71395,754426
186,1,67667,47593,316911
186,2,66372,41389,329231
186,3,63968,45301,315991
186,4,73225,49220,326431
186,5,69804,44963,316081
186,6,65993,40916,321733
186,7,69271,49174,324204
186,8,73215,39876,316907
186,9,75077,47480,319987
186,10,70854,41479,326733
186,11,75674,40479,330098
186,12,73475,41070,325327
187,1,149988,69773,1122292
187,2,135541,75146,1109643
187,3,156933,67865,1121753
187,4,152848,84564,1124564
187,5,164548,61408,1127399
187,6,138808,88793,1129340
187,7,150605,77700,1116207
187,8,164127,71843,1122889
187,9,139006,69935,1124166
187,10,163914,76848,1114675
187,11,147464,72726,1116039
187,12,163528,61207,1123329
188,1,51778,28996,133250
188,2,46266,27289,138573
188,3,48631,23136,137170
188,4,54866,29529,132747
188,5,53025,28030,138150
188,6,51593,32803,121975
188,7,46980,24059,137096
188,8,53682,25869,137562
188,9,45689,33773,138619
188,10,46492,25264,131116
188,11,50201,26660,126379
188,12,46351,30384,138561
189,1,27665,14156,172585
189,2,28530,12513,171534
189,3,29805,16913,162823
189,4,32559,17050,160767
189,5,30039,15077,159678
189,6,28770,16081,155401
189,7,31825,12726,155102
189,8,29099,15009,156089
189,9,32852,16246,159690
189,10,30150,12960,167268
189,11,30160,13674,173519
189,12,27581,14990,165130
190,1,141484,93527,947254
190,2,158725,101185,930912
190,3,135320,94677,940354
190,4,160795,81287,945450
190,5,138900,84025,934647
190,6,137567,78820,945084
190,7,162045,73451,937557
190,8,135418,95918,948502
190,9,149403,101642,933110
190,10,145274,76094,938399
190,11,152668,90992,937676
190,12,150292,87447,931851
191,1,36596,19448,291374
191,2,39495,21572,279689
191,3,42170,22013,294855
191,4,43649,20904,283533
191,5,36162,19208,285986
191,6,41669,17158,284720
191,7,40689,21415,289655
191,8,42066,21642,282382
191,9,43887,20452,283550
191,10,40840,18560,297915
191,11,39051,16103,281168
191,12,36473,16310,299581
192,1,28062,15343,214671
192,2,29590,17599,203161
192,3,28707,13709,213419
192,4,29775,17594,215754
192,5,30326,13771,198801
192,6,27074,18193,215046
192,7,32231,13254,199976
192,8,32773,17904,214500
192,9,30290,13881,207584
192,10,29088,18271,216416
192,11,30166,18950,211890
192,12,27795,14109,204832
193,1,104870,65195,783162
193,2,95875,57531,781876
193,3,101510,61221,789678
193,4,96479,65357,776691
193,5,107050,57040,790194
193,6,109510,58943,788488
193,7,91803,65834,777762
193,8,109391,69376,779279
193,9,105763,68312,780612
193,10,98998,72209,782683
193,11,97339,58533,789523
193,12,101666,64125,779577
194,1,218209,120029,407268
194,2,202827,114750,395708
194,3,202873,93674,408892
194,4,216314,100550,404672
194,5,190733,112142,392489
194,6,192345,88548,395739
194,7,208510,85053,403573
194,8,214497,123096,403145
194,9,198003,84051,397495
194,10,206770,86116,397815
194,11,188273,110316,404981
194,12,190402,107558,396938
195,1,146459,79262,1112192
195,2,157286,71992,1099424
195,3,143111,75153,1115501
195,4,142579,65322,1101075
195,5,153340,79456,1101231
195,6,141603,61171,1113220
195,7,136572,77949,1100501
195,8,155313,67622,1099890
195,9,154609,79246,1096901
195,10,138312,64859,1113884
195,11,156617,74141,1105505
195,12,141947,58471,1099244
196,1,96186,66177,779813
196,2,103302,78081,794977
196,3,90008,75333,792561
196,4,109364,84815,793742
196,5,103033,78712,794373
196,6,90967,62343,795608
196,7,109118,84825,789999
196,8,97129,62757,793753
196,9,105876,77225,794658
196,10,100748,58687,791094
196,11,105627,77767,786499
196,12,109372,60788,782846
197,1,31825,13110,109336
197,2,30081,13820,104354
197,3,32074,10430,105188
197,4,32487,10309,103794
197,5,27395,10684,111902
197,6,31077,10191,108083
197,7,28729,11127,101416
197,8,32384,13095,116844
197,9,31752,11304,105321
197,10,32514,14297,112575
197,11,28212,14557,115229
197,12,29326,11275,110070
198,1,37772,14896,121778
198,2,37103,16785,127452
198,3,40104,16149,128582
198,4,37160,16548,117266
198,5,41243,12146,128190
198,6,40237,14196,118708
198,7,41243,14623,127250
198,8,42022,17071,122043
198,9,39612,14560,124162
198,10,36636,15044,111805
198,11,43019,14621,121640
198,12,43945,12735,117179
199,1,74677,51237,409795
199,2,75072,41789,415101
199,3,69541,40995,407051
199,4,70595,54507,411349
199,5,70779,53933,416985
199,6,68014,43531,407882
199,7,66856,41451,405730
199,8,69161,38269,406884
199,9,65992,40206,402397
199,10,76450,45743,414988
199,11,69170,45367,411204
199,12,65180,52714,401549
200,1,163415,45274,1145726
200,2,141425,43666,1140247
200,3,149991,54982,1138072
200,4,151011,45441,1138267
200,5,164966,63318,1128918
200,6,146839,56945,1146906
200,7,144469,44235,1144492
200,8,153186,53494,1146735
200,9,158721,42644,1145571
200,10,150568,55232,1139850
200,11,136894,61755,1128984
200,12,162837,59951,1143367
201,1,30984,17740,228325
201,2,32071,18462,213583
201,3,28551,21206,226211
201,4,31096,19744,218046
201,5,29331,20950,228958
201,6,30740,19488,225002
201,7,29135,16698,225375
201,8,27917,20517,216602
201,9,29725,17442,225952
201,10,29346,15206,221991
201,11,28725,15793,214740
201,12,31404,14846,215627
202,1,49176,29680,306681
202,2,51713,27365,315540
202,3,47489,28094,319152
202,4,52919,23070,321700
202,5,46701,24453,308994
202,6,49904,22093,310034
202,7,52047,25369,311840
202,8,47306,30073,317639
202,9,48512,30497,312719
202,10,48088,28836,319562
202,11,49717,27068,321104
202,12,46135,25395,303915
203,1,157908,81435,600957
203,2,139407,92033,588761
203,3,160240,87082,583318
203,4,150658,77724,592609
203,5,141092,86617,596652
203,6,136095,94490,589117
203,7,137593,99508,593432
203,8,152311,84464,597486
203,9,153819,82994,595689
203,10,137170,103803,583515
203,11,147500,86021,598761
203,12,142863,84492,591709
204,1,142257,95713,329611
204,2,138785,72723,335541
204,3,154715,81163,345877
204,4,162603,82203,339612
204,5,155694,82587,333881
204,6,164836,80532,335306
204,7,152228,87252,344838
204,8,159513,95205,331649
204,9,159725,90633,342624
204,10,147539,85373,337288
204,11,155755,87763,328202
204,12,139019,88899,341392
205,1,54141,29235,338825
205,2,51897,31284,347081
205,3,49288,27547,339771
205,4,53317,34219,344957
205,5,47981,29834,337445
205,6,50785,23824,336150
205,7,46581,26849,344289
205,8,52554,29928,336299
205,9,51380,30180,336774
205,10,46477,27877,338709
205,11,53724,25438,340421
205,12,53306,24616,329626
206,1,65298,31363,363460
206,2,64516,35756,352495
206,3,65398,39400,358408
206,4,65065,41310,366480
206,5,75509,35289,353652
206,6,69473,35301,353846
206,7,76009,34022,360763
206,8,73941,43288,366210
206,9,71077,33595,361951
206,10,63074,37882,353709
206,11,75251,29932,351966
206,12,74920,38537,354271
207,1,182670,102492,1538716
207,2,204308,115932,1538844
207,3,197184,123697,1547811
207,4,205815,130140,1540443
207,5,190496,133644,1551671
207,6,205497,123654,1554235
207,7,208077,137324,1538591
207,8,212719,125313,1538908
207,9,188148,113337,1549147
207,10,191842,121789,1549076
207,11,211630,114961,1551204
207,12,181649,108998,1553712
208,1,36418,20683,184415
208,2,36830,25818,174855
208,3,38340,24633,174284
208,4,36902,23253,167532
208,5,40141,21862,168797
208,6,42463,21735,174857
208,7,39404,21553,173107
208,8,38911,26004,172205
208,9,40164,21952,185231
208,10,42768,25109,171171
208,11,43877,19625,182574
208,12,43808,20714,183109
209,1,54971,25031,238894
209,2,53591,24330,227447
209,3,47956,28180,221640
209,4,53526,30297,238613
209,5,52369,23780,232699
209,6,47761,31994,222772
209,7,46318,31516,225300
209,8,50145,23003,223148
209,9,48699,29924,237381
209,10,52632,29726,232848
209,11,52458,30513,227100
209,12,52549,25432,231358
210,1,138594,109116,842861
210,2,163096,105871,857907
210,3,158760,103472,844823
210,4,140651,104657,851845
210,5,139341,125149,843570
210,6,149792,100859,846154
210,7,159082,99670,843310
210,8,153716,114076,845337
210,9,164579,130782,844633
210,10,142517,106741,858718
210,11,161407,131812,856467
210,12,163852,107544,844456
211,1,199250,152902,1300776
211,2,201357,151652,1287774
211,3,186810,153812,1293524
211,4,194205,140623,1292649
211,5,213365,162667,1292288
211,6,199843,126716,1285617
211,7,192730,130862,1294734
211,8,216359,154104,1289658
211,9,194742,172920,1301833
211,10,191079,148086,1293913
211,11,191425,132663,1287281
211,12,181211,161857,1304017
212,1,51719,27959,384850
212,2,52284,22736,380455
212,3,54842,32191,387550
212,4,45156,33352,390134
212,5,49809,25078,374118
212,6,50377,24475,375176
212,7,50705,33485,381438
212,8,50992,28151,371037
212,9,49043,24577,377944
212,10,54268,27003,371344
212,11,54089,33444,385127
212,12,45037,29913,388261
213,1,50014,36012,139768
213,2,48839,39098,143867
213,3,46225,41828,139688
213,4,45556,39965,133792
213,5,45188,30008,143988
213,6,46264,34493,129130
213,7,51954,38552,137678
213,8,46391,31957,128407
213,9,49891,35004,136205
213,10,50343,40466,140815
213,11,47485,32917,134823
213,12,53071,39392,144158
214,1,47964,30095,235847
214,2,47891,30486,240530
214,3,52584,29366,243355
214,4,52194,30834,228145
214,5,51446,30065,230035
214,6,53932,33173,242866
214,7,52215,27560,245591
214,8,53409,34893,240505
214,9,49673,34666,235596
214,10,50383,33855,230723
214,11,54022,37956,236083
214,12,50411,27565,231150
215,1,28612,15437,154848
215,2,31249,15570,156468
215,3,30613,16394,146879
215,4,29219,17416,149659
215,5,28499,17204,149392
215,6,30697,15971,142171
215,7,27445,19579,147335
215,8,28069,19100,158753
215,9,29647,17863,157497
215,10,29214,17900,144117
215,11,30541,17724,159787
215,12,31044,16712,150281
216,1,37613,14978,291845
216,2,40105,18637,282108
216,3,37508,15232,293476
216,4,39353,15812,288071
216,5,36555,20199,298637
216,6,42444,20117,297511
216,7,42246,15796,283066
216,8,36638,20021,291354
216,9,37973,19425,286393
216,10,43380,14823,298378
216,11,36094,16581,296002
216,12,41720,18844,297618
217,1,45092,30310,112262
217,2,50265,29511,116017
217,3,50598,28343,113668
217,4,45960,28296,125330
217,5,46988,30899,111460
217,6,51709,33924,130584
217,7,48053,35681,111166
217,8,46415,34911,125429
217,9,51160,29259,117563
217,10,54490,34210,115971
217,11,53442,29963,113104
217,12,47733,36027,117991
218,1,135428,73200,955458
218,2,156481,65373,952406
218,3,158780,81254,962680
218,4,139391,61595,950444
218,5,146405,80796,946675
218,6,164705,58413,950652
218,7,135590,76979,948454
218,8,148729,63558,951232
218,9,162773,81865,947615
218,10,160059,65195,956295
218,11,155696,81154,946585
218,12,144473,72990,958759
219,1,204950,112652,527402
219,2,200130,148152,522226
219,3,208416,121847,536822
219,4,205882,138413,526145
219,5,188391,116498,530576
219,6,188589,141355,525932
219,7,218021,167403,520427
219,8,195118,138379,533083
219,9,191528,121340,533189
219,10,201292,116597,533401
219,11,212900,124622,529006
219,12,198777,152795,523755
220,1,73211,61116,266412
220,2,66183,45893,269280
220,3,69171,54318,259518
220,4,71435,42710,253852
220,5,65614,48373,269245
220,6,67677,43453,261174
220,7,63468,50936,261607
220,8,64372,55755,256154
220,9,73267,54385,258244
220,10,74574,43444,254749
220,11,70100,57453,253945
220,12,74658,42730,268126
221,1,91230,50420,197710
221,2,97048,66684,213741
221,3,104856,50409,198648
221,4,109058,59123,199297
221,5,92890,52451,206160
221,6,98422,50842,199252
221,7,105343,65376,203136
221,8,92556,67323,196651
221,9,93065,71643,198838
221,10,93747,71513,202754
221,11,105449,53360,208677
221,12,103073,68182,203376
222,1,52063,20500,365957
222,2,52223,19605,357248
222,3,47787,22115,350948
222,4,52416,21359,358158
222,5,53029,21723,363439
222,6,48854,19317,363216
222,7,51883,20539,357570
222,8,47755,25068,349496
222,9,51030,25088,349710
222,10,49835,22385,348717
222,11,46321,21269,353763
222,12,53329,26736,353952
223,1,217226,100719,977684
223,2,190200,100369,976291
223,3,192217,121753,972408
223,4,196479,114403,980510
223,5,200603,119141,981190
223,6,186396,106384,982083
223,7,185631,111490,969490
223,8,199059,103171,981020
223,9,182986,129288,972504
223,10,218494,109233,979883
223,11,191921,105717,974435
223,12,218688,108181,982104
224,1,104312,48470,516217
224,2,93452,34666,519385
224,3,97048,44226,509505
224,4,107193,39082,522835
224,5,92936,42912,508190
224,6,95437,37558,504182
224,7,105860,36916,504117
224,8,104281,47360,505433
224,9,93258,40451,521171
224,10,94089,37843,518991
224,11,92767,47571,520919
224,12,96271,49139,505403
225,1,51593,16788,285775
225,2,48067,14551,288712
225,3,53414,18920,281987
225,4,49918,19785,291431
225,5,47694,16028,300034
225,6,45698,18867,290762
225,7,45019,19480,300176
225,8,53845,15826,299911
225,9,52554,16202,283977
225,10,52660,16714,298358
225,11,49213,19966,288809
225,12,47567,14542,290770
226,1,64103,28353,171878
226,2,63209,23238,153508
226,3,72968,29441,152962
226,4,72034,24780,163527
226,5,73988,22576,156664
226,6,72461,26269,155216
226,7,67267,23156,155155
226,8,76809,25999,167444
226,9,63448,21377,152582
226,10,76399,27674,155679
226,11,69445,24263,153194
226,12,72081,27928,155995
227,1,186502,131225,968896
227,2,182000,94416,978754
227,3,194340,92798,962942
227,4,211490,105520,961344
227,5,207224,122220,972188
227,6,183389,114905,973828
227,7,200150,115911,967841
227,8,201102,119852,960889
227,9,214521,108702,980429
227,10,202421,102161,978193
227,11,196012,103669,980299
227,12,217331,122923,967369
228,1,28031,16486,72808
228,2,27349,17292,64866
228,3,31933,18680,70247
228,4,32616,14979,66590
228,5,32347,20439,56513
228,6,31302,15193,67235
228,7,31810,20033,59973
228,8,27601,19811,60186
228,9,28321,20864,62862
228,10,27138,17298,74886
228,11,32579,17083,67211
228,12,32461,19175,69327
229,1,191113,163762,1124699
229,2,204563,144475,1117917
229,3,203157,151052,1135099
229,4,213409,165106,1134945
229,5,189097,114302,1130441
229,6,211477,149496,1125962
229,7,214980,156875,1127243
229,8,187956,118674,1123090
229,9,206453,130635,1126194
229,10,193235,129519,1119532
229,11,197605,143364,1130830
229,12,211886,139393,1131589
230,1,104310,56592,779277
230,2,91332,79835,795050
230,3,91208,65541,792879
230,4,99401,64107,779633
230,5,109012,70665,780639
230,6,101589,71493,789826
230,7,109063,69966,778043
230,8,99584,71769,785481
230,9,91592,69302,784428
230,10,99422,75614,790807
230,11,106700,57605,784724
230,12,108934,64314,777475
231,1,210517,142844,1503279
231,2,208140,134480,1498898
231,3,193306,129578,1502063
231,4,196673,132528,1487577
231,5,184032,116999,1501054
231,6,209969,151999,1490848
231,7,180328,141632,1498083
231,8,208093,117976,1502384
231,9,206156,138327,1497569
231,10,219394,148970,1499217
231,11,217445,153191,1500215
231,12,215745,118619,1503441
232,1,154282,124754,499651
232,2,148806,125230,510555
232,3,150360,92158,503980
232,4,150803,99912,502479
232,5,156832,91491,508862
232,6,156083,105780,501894
232,7,155436,118691,495449
232,8,161821,126635,507632
232,9,154067,99352,510668
232,10,138870,108814,504344
232,11,148264,88704,499799
232,12,162264,87166,509765
233,1,186456,124628,428667
233,2,219143,155809,415601
233,3,203564,142956,425187
233,4,190751,133048,421065
233,5,204702,156648,421867
233,6,188451,130434,410785
233,7,190448,131979,426452
233,8,186704,118895,417289
233,9,180969,137922,419289
233,10,206758,144332,426093
233,11,183768,144714,423629
233,12,219614,140970,421354
234,1,136183,66140,847974
234,2,159821,87947,834592
234,3,144222,75120,834896
234,4,162738,78719,845788
234,5,158394,91404,833251
234,6,160642,93411,841199
234,7,142206,74865,841632
234,8,158867,79358,837720
234,9,148025,69970,846635
234,10,151605,85894,846619
234,11,146749,95723,840775
234,12,155232,78949,831696
235,1,30759,18248,155279
235,2,29465,16984,146221
235,3,29255,17662,150335
235,4,32094,19232,161781
235,5,27817,17598,150924
235,6,30120,17930,160784
235,7,28361,19598,160977
235,8,32914,17844,162355
235,9,28405,16868,157823
235,10,28270,19075,142817
235,11,32771,18217,148332
235,12,28003,13571,143824
236,1,27547,15510,156594
236,2,30785,14317,165325
236,3,31742,12700,168136
236,4,29277,13795,163083
236,5,29842,16208,168111
236,6,29082,14005,161288
236,7,28642,14508,152775
236,8,28909,13123,159077
236,9,27960,16137,168041
236,10,32034,16971,170673
236,11,28517,11813,170438
236,12,32534,15436,163667
237,1,163631,74265,534351
237,2,148540,60610,547094
237,3,164377,53097,551391
237,4,149407,66700,553924
237,5,159012,65715,544890
237,6,162765,71917,535307
237,7,147836,53352,552986
237,8,150671,51027,534978
237,9,155315,63149,547514
237,10,161223,59972,534361
237,11,142529,69617,542939
237,12,143377,60198,545981
238,1,108806,62102,334025
238,2,106010,57668,335843
238,3,90572,56284,335866
238,4,91192,71962,334946
238,5,101014,58597,348623
238,6,101599,53451,339714
238,7,92939,74639,338593
238,8,98340,60141,346417
238,9,98048,70096,331708
238,10,92841,69208,344531
238,11,109501,73524,336877
238,12,90160,63765,348675
239,1,30802,21624,199737
239,2,32745,21530,201264
239,3,31911,17765,203212
239,4,31848,15950,213925
239,5,32426,18794,204213
239,6,27787,19457,214281
239,7,28070,18868,210856
239,8,31731,20331,200591
239,9,29078,15160,216598
239,10,27782,22340,205958
239,11,28475,18748,203803
239,12,30878,19110,217480
240,1,46531,25058,245953
240,2,51101,23785,245061
240,3,50628,32578,258391
240,4,47886,32442,254138
240,5,50538,26311,245933
240,6,49182,28260,252985
240,7,47747,27382,254304
240,8,48273,30708,254140
240,9,48461,30330,250746
240,10,53894,33120,260196
240,11,49719,32110,244238
240,12,47871,27614,245690
241,1,90965,50224,703337
241,2,109049,71156,703158
241,3,96545,57471,711499
241,4,95035,59494,715014
241,5,93364,60857,719106
241,6,100505,74646,705028
241,7,100404,67669,718165
241,8,98479,59248,716964
241,9,91041,61143,707419
241,10,107060,70427,709296
241,11,94167,61789,709038
241,12,96534,62717,704269
242,1,27153,21071,104658
242,2,31265,17357,112749
242,3,31483,18553,95144
242,4,31738,16690,108195
242,5,31434,17464,100534
242,6,29590,18481,112036
242,7,30837,15575,99180
242,8,27729,19258,101658
242,9,29654,19943,95662
242,10,28933,19271,111155
242,11,31438,20387,105109
242,12,30594,22543,113547
243,1,48306,24373,364217
243,2,50921,32876,365003
243,3,45664,25313,364489
243,4,54053,28095,362687
243,5,51231,29087,375533
243,6,48819,29659,373591
243,7,50833,32065,367308
243,8,48781,31600,374817
243,9,48097,34646,362900
243,10,45088,25540,369702
243,11,50211,34948,369289
243,12,50439,27889,376608
244,1,39278,32929,170256
244,2,40430,27853,164703
244,3,38568,24497,162173
244,4,37116,30573,164657
244,5,41116,27477,157513
244,6,38677,24045,162448
244,7,36453,28228,163712
244,8,43590,25715,167872
244,9,39230,24308,173323
244,10,43702,22286,161436
244,11,42950,27928,174497
244,12,37120,25855,173250
245,1,72150,55605,212512
245,2,63778,48759,221433
245,3,73394,43491,208399
245,4,72554,55789,219648
245,5,73571,53893,215929
245,6,65350,47403,208203
245,7,69652,57700,217958
245,8,67071,52653,211421
245,9,69423,58455,219973
245,10,76113,55385,221251
245,11,70967,46675,215550
245,12,65531,49782,205668
246,1,137092,77935,1089929
246,2,162266,71527,1100063
246,3,137206,71776,1086665
246,4,148113,87359,1100526
246,5,140645,73796,1084925
246,6,145586,69203,1103027
246,7,148183,74202,1092810
246,8,137136,90375,1086146
246,9,164756,65831,1099972
246,10,163652,70816,1084087
246,11,159284,95838,1086622
246,12,157336,68890,1096646
247,1,64314,39258,559700
247,2,73496,31536,554578
247,3,76615,30079,545298
247,4,65735,29689,546329
247,5,76294,34382,545718
247,6,76955,33478,544721
247,7,68524,35023,549153
247,8,70342,44005,561472
247,9,68098,42107,548388
247,10,74179,42169,555665
247,11,69809,32842,544518
247,12,65315,40997,550489
248,1,101155,64966,689580
248,2,105049,49756,695144
248,3,105010,57315,702716
248,4,93720,71905,698451
248,5,104794,55186,706919
248,6,102615,63403,700772
248,7,108966,54515,697035
248,8,99449,66117,706320
248,9,90043,70783,693370
248,10,106127,53028,708887
248,11,94049,72506,696942
248,12,96350,57845,708033
249,1,72400,44714,359489
249,2,73691,41627,363194
249,3,74721,41029,346356
249,4,76808,41461,351224
249,5,68213,55115,354247
249,6,73872,46080,350632
249,7,74664,53710,354768
249,8,71896,42798,362362
249,9,65823,48234,349927
249,10,64886,47802,346510
249,11,72764,49752,360256
249,12,65579,41816,353816
250,1,199009,91038,701761
250,2,211962,80452,715158
250,3,214212,82516,700402
250,4,207001,95008,699871
250,5,200038,75741,713285
250,6,184178,78111,699333
250,7,208349,68070,708879
250,8,202270,76898,707064
250,9,193581,67232,700625
250,10,197297,89831,713395
250,11,188202,84377,708344
250,12,194744,65883,702143
251,1,197433,94535,756103
251,2,200546,99665,767750
251,3,205793,82647,765312
251,4,183195,105618,755089
251,5,207626,105149,766027
251,6,204488,79630,773693
251,7,188637,78705,762827
251,8,206718,93882,761255
251,9,206249,96492,758008
251,10,186414,97928,767576
251,11,186144,80634,774912
251,12,206052,81464,760562
252,1,52501,16862,243193
252,2,54232,21356,243017
252,3,47559,15470,250009
252,4,47088,21128,246835
252,5,46920,22113,249542
252,6,45258,15381,242432
252,7,47428,17692,254280
252,8,54117,22453,244177
252,9,54291,16921,244001
252,10,48500,17210,252086
252,11,47234,15842,247073
252,12,54458,22275,250523
253,1,37196,23617,148355
253,2,41773,19618,146146
253,3,39292,19785,149700
253,4,43150,26430,147568
253,5,39663,23548,153106
253,6,42070,23473,150552
253,7,38855,21078,155124
253,8,43248,19528,156945
253,9,42410,18974,162779
253,10,39842,26307,151468
253,11,42040,25231,146289
253,12,38057,23500,158111
254,1,27552,15768,65743
254,2,29371,17356,71346
254,3,32544,18793,65053
254,4,29387,20782,64591
254,5,27303,18761,64654
254,6,29906,17314,63710
254,7,29795,14732,67236
254,8,27092,15995,66288
254,9,29494,19200,59754
254,10,32671,18357,74269
254,11,30179,14560,66755
254,12,30446,18970,64730
255,1,212091,151850,871947
255,2,197973,123093,870086
255,3,194891,107129,872712
255,4,183559,145399,863703
255,5,181942,134725,858970
255,6,183274,116919,857219
255,7,201293,115235,865923
255,8,181822,116890,872533
255,9,180530,129471,859662
255,10,212766,152254,857465
255,11,204721,138142,856805
255,12,198809,140733,862420
256,1,180441,100293,1362985
256,2,190901,139992,1363036
256,3,194487,133133,1358004
256,4,196395,128261,1356161
256,5,191691,129318,1357109
256,6,198672,139297,1349745
256,7,202780,140071,1351057
256,8,196130,142941,1348690
256,9,197572,133715,1349912
256,10,205850,99078,1358179
256,11,205663,128723,1344561
256,12,197917,138838,1363259
257,1,52670,28218,267775
257,2,47044,19991,276538
257,3,45142,26684,267767
257,4,45223,25029,275514
257,5,49335,21481,263022
257,6,48098,28228,259712
257,7,51627,25629,274149
257,8,48247,27190,270062
257,9,49985,22540,268828
257,10,45616,21185,274430
257,11,51259,23181,272847
257,12,52180,28234,262040
258,1,51672,33829,113564
258,2,53343,34840,107558
258,3,51216,31531,109190
258,4,52395,41241,104017
258,5,50124,38831,116048
258,6,45080,36112,107866
258,7,47283,29998,99762
258,8,54979,32306,116980
258,9,51611,30282,99897
258,10,47938,30474,107602
258,11,51679,35993,114817
258,12,47859,35959,103932
259,1,154727,106914,575772
259,2,140602,94677,558657
259,3,155128,76162,557551
259,4,147776,82493,573676
259,5,144521,111745,566218
259,6,145832,107576,565536
259,7,164129,112512,559847
259,8,135032,109403,564612
259,9,135746,89646,561896
259,10,146994,76717,575991
259,11,144078,98528,562086
259,12,142526,97829,572443
260,1,98725,35305,363001
260,2,105310,35736,360072
260,3,94906,51222,366396
260,4,102674,38381,350288
260,5,108945,40454,355721
260,6,101753,40033,350603
260,7,104614,35273,366869
260,8,99161,36819,357975
260,9,96953,36552,353658
260,10,100969,36546,358052
260,11,91022,51023,349682
260,12,104169,35715,362741
261,1,37855,13328,253268
261,2,38509,15906,248309
261,3,42128,13469,264819
261,4,37122,18797,256398
261,5,40526,15060,257581
261,6,40722,17862,258556
261,7,37359,15518,263934
261,8,42406,16237,256013
261,9,43570,13967,263207
261,10,40773,17741,260252
261,11,36034,14807,259493
261,12,41229,13146,262801
262,1,219255,89848,828806
262,2,217318,85732,837672
262,3,197368,81654,833746
262,4,198004,104946,834587
262,5,208320,109694,830912
262,6,197017,105374,827924
262,7,207545,87279,840919
262,8,212701,114338,837885
262,9,194250,99959,823133
262,10,219623,93504,840469
262,11,190155,105685,837505
262,12,190768,93638,823590
263,1,39333,22680,283849
263,2,39327,25226,290163
263,3,40756,25067,283915
263,4,41632,24731,285494
263,5,39570,29487,288549
263,6,38920,22981,280835
263,7,36062,27085,285276
263,8,42465,23313,283257
263,9,42539,27441,273735
263,10,43443,31623,287789
263,11,36790,23166,275019
263,12,41064,27949,288651
264,1,29542,18084,203575
264,2,27855,20040,208049
264,3,29354,17866,198761
264,4,31100,17734,216674
264,5,28274,22398,205004
264,6,28292,23503,203687
264,7,30241,17424,205865
264,8,31356,18141,205396
264,9,27690,18951,208710
264,10,27426,19926,210140
264,11,29416,18368,202722
264,12,30441,23070,202637
265,1,207879,176797,564055
265,2,200563,169845,573105
265,3,213621,170063,558716
265,4,199537,147616,572050
265,5,203929,168379,556830
265,6,195025,126281,570194
265,7,217431,141744,571826
265,8,180715,130715,563981
265,9,202815,162579,558470
265,10,213533,150725,558764
265,11,218856,122897,561635
265,12,211323,138611,560782
266,1,76230,39423,446979
266,2,65524,42145,444371
266,3,70344,34388,436251
266,4,74503,32834,430091
266,5,67697,36162,437462
266,6,64184,31661,435911
266,7,66687,31003,431275
266,8,75432,43449,444795
266,9,69211,32288,427459
266,10,63514,44933,432278
266,11,72060,45136,445904
266,12,67277,38608,436726
267,1,215990,118871,1197640
267,2,212468,140382,1200745
267,3,186043,137420,1203229
267,4,206249,121358,1193535
267,5,192732,104554,1205435
267,6,211547,119648,1191213
267,7,185140,106230,1200698
267,8,216142,113926,1189564
267,9,211958,120197,1192749
267,10,211431,118118,1189526
267,11,216712,108871,1187704
267,12,190962,105083,1200950
268,1,155975,45936,742828
268,2,155831,62870,732058
268,3,147019,67824,737366
268,4,150139,65538,729130
268,5,138005,53430,741764
268,6,155350,51925,733482
268,7,146437,56803,733026
268,8,157863,55176,737841
268,9,164962,53871,744220
268,10,160750,68106,738011
268,11,162413,50326,729436
268,12,145660,58468,741396
269,1,46158,19639,373715
269,2,47182,16482,374661
269,3,46983,20933,363968
269,4,54476,18764,372005
269,5,52560,15979,360041
269,6,51534,17361,372411
269,7,47856,21818,367039
269,8,47611,17782,366026
269,9,46174,16600,369862
269,10,45898,16236,367644
269,11,54844,19473,356866
269,12,46483,20076,363943
270,1,36607,16297,133198
270,2,42144,13086,124907
270,3,42917,15076,131515
270,4,36150,17981,118950
270,5,37540,16598,134235
270,6,38115,12878,133080
270,7,37670,13947,117702
270,8,43233,16961,132035
270,9,43031,17131,128239
270,10,39669,16739,124311
270,11,43879,17014,130054
270,12,36044,12351,128984
271,1,32665,17016,197229
271,2,27670,17341,200073
271,3,30836,16545,193785
271,4,28541,13872,194789
271,5,32735,16996,191654
271,6,27662,15138,196393
271,7,32920,15588,192347
271,8,27254,14602,202093
271,9,28776,17316,202346
271,10,31226,18334,202299
271,11,32224,19401,194834
271,12,30958,15064,189087
272,1,67067,47629,340908
272,2,76927,44220,333410
272,3,65245,56780,338115
272,4,76537,48097,344142
272,5,69076,53497,335366
272,6,70217,53732,331246
272,7,73592,48292,347071
272,8,69022,54086,335807
272,9,74058,58922,327668
272,10,64828,46885,346173
272,11,65306,42701,344429
272,12,74216,57955,340633
273,1,164461,48277,995759
273,2,135917,69499,1005524
273,3,164205,53540,990922
273,4,161422,64532,997162
273,5,158707,56334,992873
273,6,145703,65341,1007315
273,7,153793,66177,1007389
273,8,159273,68763,996731
273,9,164660,60889,1006643
273,10,135625,61515,1005433
273,11,156491,57436,994572
273,12,144957,61414,996468
274,1,73055,24342,261135
274,2,76422,28157,247312
274,3,71395,27097,259281
274,4,64735,28817,265091
274,5,67141,23834,265433
274,6,72685,24463,261624
274,7,70374,24168,247256
274,8,72824,31782,252218
274,9,73226,25685,245862
274,10,63154,33745,251705
274,11,65844,33665,258560
274,12,76848,33140,264990
275,1,198634,123020,673488
275,2,202622,114161,667646
275,3,197600,130746,672603
275,4,200716,148610,678593
275,5,199373,114894,669463
275,6,187515,124261,675211
275,7,213050,128261,670404
275,8,193092,117384,673741
275,9,219734,117133,683417
275,10,213796,127995,672897
275,11,218160,137983,684601
275,12,181818,118576,667794
276,1,32239,12200,135816
276,2,27948,14708,139931
276,3,27169,13858,134046
276,4,30981,11061,139485
276,5,29409,12489,148396
276,6,28654,11184,141788
276,7,27114,10458,150880
276,8,27933,15219,146402
276,9,29435,10443,140251
276,10,32242,11863,142961
276,11,30925,10694,145558
276,12,31642,13001,141508
277,1,64017,42062,535683
277,2,75818,34534,544219
277,3,72460,41615,536181
277,4,69152,30552,535685
277,5,63367,35242,548831
277,6,67329,37105,546695
277,7,63422,43862,539428
277,8,63683,33992,552597
277,9,74915,37918,535371
277,10,65755,39184,534068
277,11,69346,40427,537129
277,12,73229,44385,542092
278,1,98741,33410,520970
278,2,101498,34803,518694
278,3,92507,34444,520048
278,4,98027,40294,514027
278,5,96460,38757,507875
278,6,98358,35329,523117
278,7,98086,45231,513724
278,8,103238,38402,505777
278,9,105284,40599,513003
278,10,101075,36914,522849
278,11,91077,32557,506073
278,12,102242,40101,517997
279,1,145505,83774,974276
279,2,164383,110605,956910
279,3,143678,112678,961573
279,4,147796,86434,964758
279,5,143025,111507,970411
279,6,142094,92739,958074
279,7,159061,110277,967853
279,8,161329,90933,967751
279,9,152849,117591,965514
279,10,150538,88035,962250
279,11,148905,103335,963190
279,12,144532,88262,974099
280,1,49737,23407,331678
280,2,45149,18819,336638
280,3,51902,21417,346853
280,4,46380,23627,331641
280,5,47152,20539,346661
280,6,52826,25086,347732
280,7,49030,26041,332652
280,8,47311,20714,341099
280,9,48768,17688,339511
280,10,47767,18598,337349
280,11,53794,18022,342215
280,12,51643,23695,346193
281,1,216953,117252,1073948
281,2,200410,108129,1061868
281,3,187557,100253,1056955
281,4,203551,102682,1068707
281,5,216527,126497,1055306
281,6,191713,119046,1069389
281,7,211700,94652,1055478
281,8,180503,128763,1063975
281,9,215758,123345,1069334
281,10,204675,111470,1072600
281,11,219328,117069,1070739
281,12,199645,119178,1073318
282,1,28542,16498,149332
282,2,32863,12221,143568
282,3,29838,17183,140084
282,4,29002,17319,150465
282,5,32615,12127,151751
282,6,32563,12101,139254
282,7,30064,12053,142622
282,8,28256,17191,149562
282,9,31671,16069,140132
282,10,27046,15592,140117
282,11,30429,17114,149072
282,12,32890,13956,138689
283,1,193188,123588,484145
283,2,212622,135332,487944
283,3,195566,128606,492083
283,4,188556,124989,476054
283,5,191697,107596,488691
283,6,215516,124283,480005
283,7,215569,114235,479594
283,8,208078,129035,488227
283,9,218174,114023,472622
283,10,193780,135732,485391
283,11,219567,149334,472400
283,12,218347,112300,475658
284,1,164101,90731,591913
284,2,161553,74929,590753
284,3,141029,104103,589480
284,4,152349,100765,588799
284,5,136471,78489,576761
284,6,161471,110315,575953
284,7,155654,105624,574274
284,8,150014,104220,583363
284,9,145499,106184,574475
284,10,154857,92048,574443
284,11,139677,104098,586995
284,12,136553,108807,576725
285,1,52832,21936,270075
285,2,48264,18744,268558
285,3,46481,25363,263742
285,4,53408,18494,261244
285,5,54514,23165,264367
285,6,54117,24816,268733
285,7,53644,24296,251924
285,8,54008,20865,269545
285,9,45915,20385,267319
285,10,47056,24859,268059
285,11,53788,24193,270809
285,12,54607,19124,262473
286,1,28823,20760,165953
286,2,28121,21054,166616
286,3,32826,24345,169624
286,4,32280,18091,174468
286,5,29404,17802,168245
286,6,27673,21026,166871
286,7,29200,24334,168370
286,8,32614,21782,160005
286,9,31074,23143,165670
286,10,30105,23360,168349
286,11,28132,16858,164922
286,12,30373,18403,167989
287,1,70110,40521,248659
287,2,68876,33260,246016
287,3,73944,27237,250265
287,4,74076,34594,233344
287,5,66168,33362,242126
287,6,75195,40139,242487
287,7,73671,40410,250495
287,8,67143,30338,246755
287,9,70718,35211,245818
287,10,72522,30980,249838
287,11,72488,34409,235863
287,12,68240,30706,243307
288,1,42435,17839,74508
288,2,37073,16765,93635
288,3,41244,20547,87526
288,4,40094,21968,83098
288,5,41340,21867,75144
288,6,41323,23897,92637
288,7,39225,19189,84943
288,8,37261,20339,84088
288,9,42263,16742,84705
288,10,40832,16606,79001
288,11,39716,23409,86025
288,12,43324,22862,76735
289,1,181979,111488,807227
289,2,204669,101327,807363
289,3,204222,103409,798862
289,4,180785,105481,791666
289,5,185378,88342,790387
289,6,219668,88846,801632
289,7,207318,101770,790209
289,8,191753,106344,798428
289,9,189948,103344,802361
289,10,211371,102907,789972
289,11,208991,79472,804677
289,12,185234,102624,791153
290,1,48813,31345,201915
290,2,51345,29607,210398
290,3,54479,29965,219397
290,4,48908,23048,218197
290,5,49952,25094,207443
290,6,49677,28409,219269
290,7,48856,27908,212972
290,8,53955,31613,214543
290,9,46519,23980,202425
290,10,47610,25133,219084
290,11,51492,22960,212047
290,12,50764,31700,206919
291,1,28932,22334,114034
291,2,30227,23693,110077
291,3,32056,19907,108211
291,4,31478,20950,119266
291,5,31583,26074,107883
291,6,29466,18872,114416
291,7,28468,24883,116490
291,8,28079,19914,123327
291,9,32651,24836,113931
291,10,30031,19585,121664
291,11,28597,22687,108198
291,12,29610,22095,107748
292,1,41963,19530,220655
292,2,37024,21222,222367
292,3,38019,20643,224045
292,4,37383,23330,226350
292,5,41731,19372,221852
292,6,40119,24471,227028
292,7,36947,19572,217567
292,8,42687,25531,224293
292,9,41863,18338,229116
292,10,37616,24280,221917
292,11,37447,24326,225517
292,12,40879,20929,232256
293,1,36252,21046,296661
293,2,37770,19535,301806
293,3,39130,21485,290810
293,4,37381,18959,301029
293,5,41873,24769,308494
293,6,36045,17038,300561
293,7,39903,18354,305844
293,8,40361,21122,296938
293,9,37404,19909,301698
293,10,42494,23750,308584
293,11,41253,23813,296279
293,12,41358,22389,308619
294,1,104354,67065,528194
294,2,96858,56338,528462
294,3,93565,75107,523923
294,4,99627,68831,533811
294,5,95007,65303,535725
294,6,90725,76637,532719
294,7,103821,64748,527369
294,8,93487,71695,517217
294,9,99824,56360,528425
294,10,99621,68676,523807
294,11,94884,62427,528557
294,12,103925,52722,523858
295,1,45025,18692,242502
295,2,54614,21591,251155
295,3,49141,23255,251784
295,4,46446,23230,236993
295,5,54990,20623,251082
295,6,52931,23134,241988
295,7,46735,21113,252407
295,8,49239,22744,247860
295,9,54188,21356,240084
295,10,50229,19926,241121
295,11,54711,24788,247776
295,12,47784,26183,243370
296,1,162948,78479,1097108
296,2,147020,66568,1098222
296,3,146998,72072,1090959
296,4,152548,70364,1091432
296,5,136853,67503,1092123
296,6,137260,78103,1081071
296,7,153697,70393,1090460
296,8,141157,72739,1091548
296,9,160998,73784,1090115
296,10,138418,55018,1093700
296,11,137406,72631,1090744
296,12,158508,70225,1084740
297,1,136169,93088,679482
297,2,161982,91226,681743
297,3,158589,94471,682533
297,4,164029,97938,686067
297,5,142317,92796,692000
297,6,136678,81931,685028
297,7,154368,88637,679155
297,8,147856,77090,673608
297,9,135355,69471,684009
297,10,159020,80154,691025
297,11,145154,86883,682507
297,12,146001,85698,690301
298,1,75382,36912,419090
298,2,63438,37505,418458
298,3,67092,42849,423910
298,4,73162,45486,432509
298,5,63049,35890,430222
298,6,65528,46863,431781
298,7,71251,45451,435676
298,8,71740,39607,419223
298,9,75966,49827,420618
298,10,71861,48147,429092
298,11,63874,36023,434865
298,12,67105,51706,421121
299,1,216347,78030,804797
299,2,184463,90490,815073
299,3,186212,63017,818787
299,4,194658,63306,816642
299,5,217906,73391,821433
299,6,189465,89135,818954
299,7,204704,92787,803720
299,8,202621,81714,822443
299,9,218360,81758,807122
299,10,218408,70523,815443
299,11,219087,80004,805421
299,12,205255,69469,815034
300,1,38925,18513,162672
300,2,40377,17269,163181
300,3,42716,16473,153870
300,4,37398,19246,153551
300,5,40146,19879,149838
300,6,40520,15816,155877
300,7,36338,17565,152459
300,8,36259,19154,157432
300,9,39342,14706,160028
300,10,37554,20194,162089
300,11,37864,18830,155642
300,12,39052,17021,149732
301,1,28637,18304,85761
301,2,31211,18789,87294
301,3,29149,17708,87423
301,4,31169,20258,79071
301,5,28517,25103,85680
301,6,27768,23243,75184
301,7,27327,19654,87494
301,8,29112,20489,85433
301,9,31597,20036,72000
301,10,30809,20139,70966
301,11,32817,18337,80913
301,12,30153,17642,73499
302,1,38894,19409,216264
302,2,40518,24171,209040
302,3,42782,21250,203329
302,4,40907,21565,218351
302,5,41423,21041,207737
302,6,37886,22006,217734
302,7,38254,21298,206839
302,8,41573,22703,207835
302,9,43554,23343,208977
302,10,38102,18286,215390
302,11,39471,18623,203755
302,12,39761,22623,218495
303,1,63819,45755,461995
303,2,70449,43031,467084
303,3,73161,49325,463825
303,4,68424,46435,458448
303,5,67162,43673,453167
303,6,71018,50698,467206
303,7,70058,50365,452207
303,8,68902,42326,466376
303,9,69034,40759,455365
303,10,74501,36787,455465
303,11,76943,44338,467612
303,12,73396,41655,466570
304,1,186809,119118,1499245
304,2,183148,135252,1505116
304,3,192539,144974,1505522
304,4,207849,121793,1506283
304,5,214833,109115,1508601
304,6,189363,131200,1509412
304,7,190020,125724,1503669
304,8,181865,132314,1492351
304,9,180986,145532,1493001
304,10,205864,123588,1507987
304,11,209365,159816,1496606
304,12,184013,116862,1496946
305,1,98628,71135,302927
305,2,95314,51925,299775
305,3,108954,52766,303394
305,4,104935,57642,297185
305,5,93683,56709,292479
305,6,109173,50106,311587
305,7,109175,70948,292885
305,8,102837,73603,305564
305,9,96341,62948,303037
305,10,92868,71920,293823
305,11,105430,51178,296307
305,12,98945,69161,301095
306,1,94398,60826,334089
306,2,106762,47355,349596
306,3,100336,45313,347139
306,4,106707,53550,332630
306,5,100820,59926,342077
306,6,90400,43830,340071
306,7,93731,53971,334032
306,8,91978,49816,339995
306,9,99592,59114,334402
306,10,103630,47884,331755
306,11,108554,48058,340668
306,12,91011,51042,341947
307,1,42243,31918,249982
307,2,38852,30952,245153
307,3,42478,32606,238560
307,4,39490,27752,247772
307,5,40013,31699,239173
307,6,43472,31186,236823
307,7,37052,29241,242045
307,8,43979,31387,247512
307,9,37838,27083,240677
307,10,38849,25921,237756
307,11,43166,28977,252904
307,12,42767,30729,252965
308,1,42112,14965,228866
308,2,41266,14933,223467
308,3,39567,16579,232228
308,4,43013,19395,222512
308,5,37390,14821,223415
308,6,37849,20747,222268
308,7,37412,18303,232994
308,8,38967,19609,223740
308,9,43904,19094,235380
308,10,41495,17661,228828
308,11,38758,19024,229910
308,12,37473,20398,236298
309,1,95535,68398,246672
309,2,105938,59122,237176
309,3,95249,58671,246580
309,4,94077,73139,250918
309,5,100412,60252,251083
309,6,96700,70008,236348
309,7,105381,60317,243824
309,8,104954,73393,246372
309,9,90161,69506,239877
309,10,97751,64910,252728
309,11,93767,70158,241082
309,12,95073,62836,252139
310,1,41262,28211,109867
310,2,42747,24427,114939
310,3,40216,26949,108699
310,4,39110,26089,112352
310,5,36214,22864,100675
310,6,40578,23959,98535
310,7,36274,32599,113378
310,8,42247,32697,106398
310,9,38235,24494,110568
310,10,42848,23689,106206
310,11,41508,31386,97699
310,12,39007,32000,105095
311,1,207491,117615,1189680
311,2,214185,111222,1193778
311,3,209221,103722,1187645
311,4,184967,148922,1188472
311,5,218952,103355,1177774
311,6,189734,107920,1180264
311,7,206837,136915,1193944
311,8,214971,104395,1196657
311,9,183328,147763,1194818
311,10,185246,150502,1182675
311,11,198426,114133,1196233
311,12,211997,143658,1186392
312,1,38784,12550,237085
312,2,41826,17218,242434
312,3,37133,15443,238695
312,4,36268,14247,236900
312,5,38851,15460,234597
312,6,39871,16726,233373
312,7,37842,13392,247318
312,8,39167,16157,246782
312,9,40213,15084,237638
312,10,40739,12480,234061
312,11,43749,15883,247080
312,12,37065,13102,242973
313,1,39655,19038,292276
313,2,40848,18631,307315
313,3,43513,17267,302065
313,4,39779,19675,294184
313,5,41948,22782,295979
313,6,38473,22788,292641
313,7,43108,18368,295782
313,8,41973,16661,291098
313,9,38997,17786,297700
313,10,42828,20442,302320
313,11,39263,19720,300417
313,12,36386,22681,300273
314,1,51882,18030,378052
314,2,49540,17887,380489
314,3,51439,18748,378231
314,4,48375,17933,376259
314,5,54682,15385,364058
314,6,45014,18369,372670
314,7,50467,18347,362801
314,8,48941,15799,363152
314,9,53528,15930,367659
314,10,51089,19286,368176
314,11,50385,16176,364734
314,12,53960,20533,362243
315,1,192609,167063,1357718
315,2,201369,130713,1359669
315,3,187174,146161,1353587
315,4,191638,158721,1352708
315,5,181592,156941,1350225
315,6,205258,118467,1348225
315,7,191668,126464,1353298
315,8,210234,117747,1362655
315,9,209666,141968,1364890
315,10,210299,128713,1356498
315,11,189876,169104,1362795
315,12,217477,113665,1365554
316,1,94433,42142,395268
316,2,109083,56769,398527
316,3,104415,49951,380295
316,4,108507,48568,396754
316,5,94125,40547,382629
316,6,108190,53683,381425
316,7,103136,52873,381710
316,8,103136,50378,398041
316,9,97283,46499,393735
316,10,92614,44150,388497
316,11,95538,42692,385584
316,12,96364,40736,386093
317,1,49883,17169,104284
317,2,46907,21755,102292
317,3,53937,19117,99579
317,4,54376,20377,104771
317,5,47073,24787,108406
317,6,45136,19950,102720
317,7,49276,23883,105449
317,8,45847,23224,97409
317,9,47508,19084,94564
317,10,54936,18003,108701
317,11,54648,21867,103966
317,12,54776,21981,107776
318,1,68938,53403,308444
318,2,74444,39770,311321
318,3,72137,39752,300419
318,4,76201,41449,312670
318,5,70524,40151,305737
318,6,63486,46263,298596
318,7,74435,47166,303511
318,8,69040,39645,313278
318,9,73324,39880,311881
318,10,76725,44565,311405
318,11,68967,39934,308640
318,12,64750,40017,314137
319,1,105060,67990,250831
319,2,107696,63558,263330
319,3,105974,52668,251281
319,4,90886,54192,264338
319,5,102863,67254,257274
319,6,94021,67838,255853
319,7,109020,58000,263665
319,8,100145,62186,266186
319,9,104229,50113,252267
319,10,90771,47084,258655
319,11,95059,62614,259433
319,12,101058,62922,259920
320,1,207662,67832,1031629
320,2,213949,70855,1030275
320,3,181962,69839,1026421
320,4,209862,92897,1032513
320,5,217013,81045,1029934
320,6,189858,70987,1030166
320,7,196631,98199,1030059
320,8,181439,93788,1032402
320,9,180961,87785,1028517
320,10,182807,98715,1034739
320,11,214920,77404,1018352
320,12,197173,94784,1021553
321,1,42027,18412,139998
321,2,43337,16992,130966
321,3,38805,14090,132005
321,4,40676,15160,142087
321,5,43711,18164,138648
321,6,41481,12563,131768
321,7,38704,17008,140751
321,8,42317,13606,130067
321,9,40867,12645,134027
321,10,37601,13097,144402
321,11,38068,14160,140740
321,12,36076,14155,137914
322,1,52503,15023,173913
322,2,47690,18830,185926
322,3,52904,21133,171028
322,4,54515,19744,184587
322,5,54117,16336,189380
322,6,48368,15247,179045
322,7,54522,17700,187840
322,8,53194,16493,178651
322,9,50920,18407,178360
322,10,48480,19257,176378
322,11,45996,17529,183409
322,12,53881,16267,174724
323,1,65655,45516,155516
323,2,64545,51292,155213
323,3,72518,44104,149948
323,4,70681,42824,140709
323,5,74860,48516,150797
323,6,72194,41794,155397
323,7,65047,56292,138774
323,8,73576,56076,153319
323,9,65545,47616,154607
323,10,70638,42439,138513
323,11,71502,38943,138080
323,12,71853,50482,150002
324,1,47816,24323,289730
324,2,54566,28795,287717
324,3,51946,32744,294217
324,4,52019,35763,284486
324,5,53950,32505,281901
324,6,53269,25966,286599
324,7,52829,27656,291650
324,8,47893,31808,282320
324,9,46105,34072,278617
324,10,49220,25360,291043
324,11,47824,27979,294451
324,12,45714,29711,295267
325,1,30941,16825,168025
325,2,30126,16867,180944
325,3,31553,15631,174430
325,4,28891,15206,167294
325,5,27916,21303,171084
325,6,31231,18724,181041
325,7,30067,19455,182067
325,8,28733,15797,177905
325,9,32559,14831,182560
325,10,27623,20438,180370
325,11,31994,21257,186235
325,12,31006,19672,177145
326,1,42193,20243,160606
326,2,42531,29234,160133
326,3,40165,28205,167409
326,4,43964,25944,167454
326,5,38920,24506,166815
326,6,39467,24515,168101
326,7,42939,20121,167913
326,8,39968,24535,156598
326,9,36790,20633,164614
326,10,37868,25347,154512
326,11,39745,28796,166478
326,12,42495,28048,157124
327,1,50651,36583,103103
327,2,49885,37597,104816
327,3,53382,41486,111151
327,4,53743,36167,101230
327,5,51881,37643,104591
327,6,50756,36103,99353
327,7,53947,40758,106695
327,8,50827,29911,112540
327,9,53831,34321,114179
327,10,54476,40113,116925
327,11,52586,29192,103815
327,12,46753,34976,99104
328,1,213132,103255,1544954
328,2,208752,92896,1540445
328,3,182431,120991,1536758
328,4,181118,99600,1542242
328,5,194325,91546,1552278
328,6,209705,93815,1549607
328,7,215728,110065,1542487
328,8,185578,107301,1552312
328,9,207573,86402,1551143
328,10,219119,112875,1538325
328,11,210721,84019,1547949
328,12,182605,116063,1543366
329,1,30921,9058,196269
329,2,30820,12179,184708
329,3,28359,10110,193813
329,4,30151,11498,182435
329,5,27759,8648,195135
329,6,27220,10037,191321
329,7,27132,11094,192393
329,8,32047,12088,189814
329,9,29465,10010,186052
329,10,30233,11241,182865
329,11,27684,9457,195752
329,12,32769,10884,181894
330,1,38911,24165,324083
330,2,36736,23331,325470
330,3,38075,29305,308073
330,4,43011,32270,312412
330,5,42617,29597,311069
330,6,42852,23558,310422
330,7,38063,31288,310553
330,8,39239,33493,314109
330,9,36099,24655,322903
330,10,42600,32278,311384
330,11,38436,23104,312014
330,12,41287,28956,306978
331,1,31570,18199,120362
331,2,32560,17551,103982
331,3,28455,22857,117903
331,4,29578,17823,117162
331,5,30177,17529,118416
331,6,27732,17958,102060
331,7,29626,22069,109898
331,8,27660,22547,105363
331,9,30678,22706,112363
331,10,30725,25651,113543
331,11,27800,19761,109352
331,12,27596,20566,103931
332,1,93418,35620,260096
332,2,103104,34266,258823
332,3,107726,32925,257685
332,4,106622,34389,256122
332,5,109709,41360,257660
332,6,93363,31390,254122
332,7,102772,31788,255044
332,8,97447,34724,243031
332,9,102041,38580,257170
332,10,109997,34612,259934
332,11,94867,29871,251120
332,12,106327,41757,261554
333,1,46394,17621,297185
333,2,45805,18664,296318
333,3,45482,19469,305349
333,4,53352,16099,293812
333,5,46868,17160,296686
333,6,45718,19785,296593
333,7,51771,21477,310128
333,8,48460,17858,295251
333,9,48307,14680,299277
333,10,50241,14810,303508
333,11,54066,21556,292372
333,12,54324,19165,311157
334,1,158568,69083,652988
334,2,141260,58612,653901
334,3,152470,57898,655771
334,4,148564,59262,655895
334,5,139273,62008,654299
334,6,139534,61325,648925
334,7,154354,54828,658493
334,8,144871,61011,660366
334,9,143546,56748,645472
334,10,150763,62925,652502
334,11,140216,60235,663293
334,12,154684,70063,658202
335,1,164551,88530,1054642
335,2,157967,88361,1069875
335,3,145262,71555,1058853
335,4,139220,68012,1066897
335,5,141080,64708,1062059
335,6,147568,85161,1061623
335,7,164476,66820,1056970
335,8,137690,83767,1065393
335,9,162938,88124,1061711
335,10,149542,86867,1055231
335,11,164676,73431,1071330
335,12,138072,70545,1058301
336,1,30215,15880,205984
336,2,32861,11374,222659
336,3,28877,14241,211618
336,4,29215,15899,219655
336,5,30096,12839,211008
336,6,30935,11667,204325
336,7,28152,14679,222610
336,8,28891,13831,214316
336,9,32182,12735,214934
336,10,30193,15237,217127
336,11,29252,15863,213627
336,12,29005,15858,219743
337,1,160250,95134,788389
337,2,149701,82031,787134
337,3,160748,75010,792756
337,4,138256,95227,782754
337,5,161411,69977,793703
337,6,157951,82039,778463
337,7,147134,69651,780985
337,8,144223,87301,780934
337,9,140043,80004,790260
337,10,155268,95060,782955
337,11,139734,81596,784004
337,12,154724,74795,793717
338,1,201748,79013,606162
338,2,196346,65617,602391
338,3,201312,83910,613732
338,4,185371,93750,604782
338,5,211722,76669,613417
338,6,183827,75270,617457
338,7,190973,86267,610469
338,8,200813,93689,603242
338,9,202219,67345,614273
338,10,186422,85569,610451
338,11,180738,65917,612995
338,12,187525,67223,612702
339,1,93971,72781,709170
339,2,93185,61663,703219
339,3,105229,71941,718674
339,4,103552,58714,704087
339,5,97968,85773,719664
339,6,101045,78125,717157
339,7,91305,82361,719153
339,8,108885,69414,718545
339,9,106598,76589,720564
339,10,99594,82346,722470
339,11,109124,82941,718523
339,12,92663,68712,705007
340,1,100817,50314,746806
340,2,97806,65787,763176
340,3,93784,59168,761503
340,4,101335,50415,757174
340,5,106561,60413,754879
340,6,103515,47436,749114
340,7,100024,50627,758102
340,8,108115,51857,762031
340,9,100441,52799,764731
340,10,96158,51519,746835
340,11,94229,56122,748071
340,12,103848,59468,746624
341,1,41324,26172,181021
341,2,40635,27663,182822
341,3,43910,25643,174917
341,4,36537,26837,169032
341,5,38839,28598,186060
341,6,41166,21844,181237
341,7,37703,23634,178763
341,8,41521,27009,177126
341,9,41406,23872,180813
341,10,39359,21693,175659
341,11,38002,20903,183529
341,12,42579,23858,172384
342,1,32679,23743,170976
342,2,29807,17014,155621
342,3,28129,18952,170580
342,4,27960,16322,164856
342,5,29367,16822,155837
342,6,30910,16497,170306
342,7,30271,18514,156039
342,8,27415,18354,168921
342,9,32538,18909,165990
342,10,27709,22607,159698
342,11,28942,20399,159742
342,12,31431,23636,160183
343,1,182866,130597,1518673
343,2,194244,99433,1522485
343,3,188043,94256,1529581
343,4,208993,127948,1522767
343,5,200462,116646,1526987
343,6,196739,90441,1532221
343,7,196879,127443,1530291
343,8,185307,124743,1528396
343,9,189672,112537,1532278
343,10,215101,93340,1525955
343,11,211044,107887,1526431
343,12,196452,115483,1527999
344,1,198210,132191,825251
344,2,201842,148277,822561
344,3,211733,144485,809695
344,4,202418,134799,824640
344,5,201958,114694,821453
344,6,206035,113635,808100
344,7,211857,125046,812270
344,8,209869,133717,810774
344,9,187423,115802,825139
344,10,202616,130654,825245
344,11,210785,135875,825724
344,12,219375,128806,820816
345,1,47714,36093,364301
345,2,54163,32822,371589
345,3,52277,36599,377091
345,4,53073,32519,374714
345,5,45554,39258,369925
345,6,46585,36036,381048
345,7,51892,28182,379492
345,8,49454,32127,372121
345,9,49538,35881,369950
345,10,45839,39428,376710
345,11,46723,27717,377266
345,12,51707,30507,376611
346,1,146267,61671,519816
346,2,155469,57937,524850
346,3,150689,50341,510976
346,4,162047,53441,524967
346,5,152167,70649,523644
346,6,138574,55311,524012
346,7,159224,52608,519447
346,8,145282,54844,519115
346,9,137290,65422,515557
346,10,139106,72335,518964
346,11,151771,65772,507134
346,12,148976,50698,523169
347,1,39879,26657,199323
347,2,37733,30525,205078
347,3,42912,22778,204855
347,4,37410,26004,210820
347,5,40108,28175,202169
347,6,37786,28528,200924
347,7,37656,29279,207705
347,8,38133,32228,208967
347,9,43731,25505,204032
347,10,36882,21891,210692
347,11,38154,30440,215195
347,12,36915,22888,213511
348,1,50039,33526,103499
348,2,49069,30406,113207
348,3,49415,31633,109847
348,4,48302,26586,114733
348,5,46589,25606,111118
348,6,53691,29854,103869
348,7,46692,26372,113482
348,8,54514,33948,119194
348,9,47712,34616,110497
348,10,45791,26486,102007
348,11,47811,31534,102323
348,12,47102,26111,111049
349,1,194083,132911,644507
349,2,205475,128615,642490
349,3,196301,113633,652535
349,4,196048,142575,638888
349,5,187110,129869,652080
349,6,217369,116881,646893
349,7,201060,129512,650205
349,8,183904,114264,651111
349,9,214633,149885,647074
349,10,218860,125709,646367
349,11,181908,109529,635689
349,12,180552,129812,644554
350,1,45173,35799,239108
350,2,49736,35328,237571
350,3,53080,27033,238799
350,4,48624,25730,245857
350,5,50170,26266,243167
350,6,51106,35475,245856
350,7,52829,26075,240263
350,8,50656,25449,243459
350,9,53322,30775,229512
350,10,54364,27709,239511
350,11,46825,31287,240740
350,12,45005,31188,247629
351,1,162609,65142,850615
351,2,137616,72846,851259
351,3,149411,79110,861950
351,4,154446,63635,864318
351,5,155741,61862,863473
351,6,155752,54929,854426
351,7,145469,75321,864717
351,8,149364,59268,862146
351,9,154615,55219,860634
351,10,145455,64748,854479
351,11,137030,79618,867981
351,12,140758,67489,868711
352,1,65983,55352,236246
352,2,63280,48859,247033
352,3,66877,44815,245253
352,4,71207,51789,228114
352,5,74686,39010,239533
352,6,64072,51918,236150
352,7,63437,41293,233530
352,8,73077,54372,233752
352,9,76638,50428,239482
352,10,69841,50734,235516
352,11,72396,57162,229041
352,12,65997,50371,243134
353,1,68623,33139,383994
353,2,74068,34553,374200
353,3,72185,43069,381453
353,4,75963,33609,384115
353,5,75444,35191,371192
353,6,71182,43985,380837
353,7,66524,37379,387085
353,8,71846,38223,370418
353,9,70741,34641,378482
353,10,74231,38332,373694
353,11,66030,32080,378666
353,12,74827,33275,373023
354,1,36827,24172,155370
354,2,39204,25565,164811
354,3,38576,27661,147597
354,4,39563,21539,152295
354,5,40521,26889,151091
354,6,41311,29984,159884
354,7,43832,26725,150244
354,8,42940,24628,163926
354,9,36279,27808,158612
354,10,39762,27758,147017
354,11,40114,26742,159115
354,12,36275,23947,152342
355,1,47312,23001,274931
355,2,51795,26765,269872
355,3,52685,24970,267051
355,4,52894,28894,262638
355,5,53982,27626,274661
355,6,54099,29317,266633
355,7,52760,27456,277107
355,8,50265,22944,262216
355,9,48432,25079,260385
355,10,46831,27375,276045
355,11,48874,22001,261066
355,12,52223,29571,277405
356,1,45580,32339,203503
356,2,45730,29317,212244
356,3,51628,32204,215271
356,4,50584,31553,215852
356,5,47920,31455,214863
356,6,51396,23037,207655
356,7,45865,23289,216975
356,8,53146,25928,216767
356,9,53163,30660,212488
356,10,54043,31590,214098
356,11,48922,25686,209714
356,12,50145,23635,211490
357,1,73419,29778,520901
357,2,76222,29337,521442
357,3,69875,25015,522683
357,4,76143,26321,518116
357,5,74266,31650,520415
357,6,74174,23887,514788
357,7,66071,30342,514529
357,8,66740,24217,514283
357,9,67505,23359,520293
357,10,73281,22474,528912
357,11,75296,23812,528586
357,12,76435,22772,513841
358,1,141236,79059,1122390
358,2,135382,86061,1127751
358,3,153307,89345,1115570
358,4,153456,80011,1120177
358,5,143891,84770,1127879
358,6,148870,92499,1128853
358,7,159034,74706,1111805
358,8,156186,70283,1114526
358,9,149308,98548,1121213
358,10,154724,84796,1115659
358,11,164413,83729,1121738
358,12,148863,80108,1124350
359,1,64518,49004,484851
359,2,64577,50186,494895
359,3,68701,40885,488990
359,4,71868,43701,487761
359,5,75591,43711,496830
359,6,75562,46181,501495
359,7,70568,52010,495635
359,8,74488,44299,486662
359,9,68619,41113,500475
359,10,73838,45203,484492
359,11,65820,41208,488497
359,12,76764,45300,486887
360,1,48918,28299,229775
360,2,53193,34285,233116
360,3,48021,26823,232667
360,4,48206,33213,225164
360,5,45036,32502,239217
360,6,49641,30590,239636
360,7,46179,26287,225268
360,8,50495,32793,226729
360,9,45831,26914,231660
360,10,51050,24990,238599
360,11,51218,29397,227724
360,12,51975,24412,224385
361,1,45003,22651,133527
361,2,52578,18560,140840
361,3,51857,21274,128261
361,4,45712,22964,131567
361,5,47709,21654,142453
361,6,45484,18903,139536
361,7,52842,22968,136767
361,8,51002,20204,135608
361,9,52506,23177,134373
361,10,49036,21318,132842
361,11,52049,21052,136741
361,12,52792,20754,133274
362,1,38134,14855,173393
362,2,38789,20238,170351
362,3,37089,15305,175142
362,4,41255,19260,177745
362,5,38968,14712,185620
362,6,43181,20909,171236
362,7,36816,15668,182114
362,8,36265,21028,177419
362,9,41022,19176,185654
362,10,41167,17097,188770
362,11,42312,16427,185342
362,12,43674,19638,170196
363,1,103992,35209,721142
363,2,92820,48994,732056
363,3,96225,44857,734068
363,4,91068,45298,727051
363,5,97456,46538,724207
363,6,108228,39550,734831
363,7,91370,49809,734133
363,8,92641,48867,730915
363,9,95954,44472,728998
363,10,93637,37679,719561
363,11,99962,39005,726886
363,12,106050,44556,725072
364,1,92996,63636,325898
364,2,103242,56184,338081
364,3,98013,55684,328739
364,4,107018,64008,326741
364,5,96529,76453,339420
364,6,109706,67384,328281
364,7,91872,56818,326549
364,8,105997,76163,326035
364,9,90947,75692,320423
364,10,99167,56321,322399
364,11,99186,75703,327609
364,12,103649,61273,321110
365,1,64862,22007,277313
365,2,63522,25433,266251
365,3,71231,23161,278202
365,4,70422,24225,266936
365,5,76745,24106,280740
365,6,66097,22336,266684
365,7,63777,26710,269048
365,8,66447,29835,277776
365,9,67757,26290,279586
365,10,66679,26201,267097
365,11,71668,26647,267329
365,12,75993,22767,269001
366,1,90510,44766,232606
366,2,97418,40418,233919
366,3,104844,50007,227887
366,4,92842,42032,219666
366,5,94750,49841,220090
366,6,91008,40427,234968
366,7,96693,43151,216862
366,8,91683,41145,233616
366,9,100755,38314,230182
366,10,104332,45131,216046
366,11,95306,49626,215473
366,12,105364,42132,218958
367,1,46776,19220,208992
367,2,48529,19941,207095
367,3,51437,22480,217785
367,4,48055,19768,206223
367,5,52441,22538,215747
367,6,48934,26391,224024
367,7,54467,18752,208977
367,8,50726,24187,210975
367,9,52512,26395,218749
367,10,45003,22007,225288
367,11,50305,19713,209788
367,12,45810,24884,222212
368,1,32809,17724,114820
368,2,29422,18306,112694
368,3,30958,18884,104783
368,4,28520,20473,115027
368,5,27405,17291,117140
368,6,30288,16957,106475
368,7,29323,16443,122187
368,8,27657,20614,104803
368,9,27945,19481,107467
368,10,30836,20804,118559
368,11,28533,19427,103410
368,12,31782,16672,114998
369,1,32792,18704,81971
369,2,31131,15928,100048
369,3,28540,20054,90108
369,4,30724,22134,96453
369,5,30316,20291,82339
369,6,31670,15896,88467
369,7,27750,16466,97423
369,8,32944,21172,91759
369,9,27861,19063,90000
369,10,30872,22626,94464
369,11,29357,22116,99779
369,12,29962,18360,98701
370,1,181857,105023,1055742
370,2,202419,100283,1051594
370,3,219926,137469,1047064
370,4,217482,113897,1056049
370,5,192663,144166,1056019
370,6,207182,108800,1051610
370,7,189065,131656,1053634
370,8,215549,115825,1042631
370,9,188287,105046,1056625
370,10,217210,141467,1058964
370,11,188228,120513,1050555
370,12,184496,119294,1056058
371,1,40462,14566,286212
371,2,37215,13588,287493
371,3,36537,12789,280632
371,4,40431,15030,289836
371,5,39105,13745,283721
371,6,41093,12656,290618
371,7,42411,14412,292117
371,8,41226,16188,293596
371,9,38257,14620,290532
371,10,43894,12770,282124
371,11,42849,16518,275660
371,12,42333,16371,293428
372,1,103533,55103,597183
372,2,104202,39058,609932
372,3,105292,52779,595045
372,4,95373,40293,601426
372,5,109903,39427,601864
372,6,95788,51084,608819
372,7,100906,42640,607177
372,8,98560,44184,606749
372,9,102054,40335,594180
372,10,109611,53274,596403
372,11,102349,48909,611255
372,12,100340,38859,604332
373,1,40440,23996,272446
373,2,41111,32760,280599
373,3,40008,29635,272033
373,4,41316,31688,279290
373,5,39521,27197,270241
373,6,38539,29565,276831
373,7,39294,23860,276214
373,8,36413,34094,268285
373,9,38597,26388,278509
373,10,41754,27756,268035
373,11,41508,30250,286686
373,12,42257,33634,269913
374,1,40413,28470,209218
374,2,42332,30557,224024
374,3,40691,28652,215113
374,4,43942,28539,207991
374,5,41660,23238,217845
374,6,37566,30611,218127
374,7,37848,31595,217917
374,8,38028,28979,209372
374,9,41249,26285,215621
374,10,39103,21765,209660
374,11,41075,28195,215753
374,12,36903,29187,215053
375,1,27076,21296,68065
375,2,28152,16510,70615
375,3,31702,17660,73006
375,4,31222,14600,65403
375,5,30821,19822,64812
375,6,27612,18774,66704
375,7,30258,17203,58539
375,8,31390,19860,71428
375,9,28888,21548,62471
375,10,29159,14550,66621
375,11,27080,17448,57201
375,12,31532,14503,61585
376,1,135504,106587,832936
376,2,161161,106740,831516
376,3,144905,106060,829736
376,4,147606,93120,815270
376,5,139640,110663,834252
376,6,142134,108313,833057
376,7,152996,112661,826111
376,8,161194,98349,822867
376,9,142356,104960,815377
376,10,135527,100393,817766
376,11,160348,110373,817124
376,12,147391,110698,820539
377,1,100582,67478,439493
377,2,99924,82765,439614
377,3,103040,77283,436154
377,4,97465,71508,429525
377,5,109340,74520,437935
377,6,98105,78428,431918
377,7,95155,64068,423809
377,8,91560,82540,424464
377,9,101974,69743,436968
377,10,95817,77491,440668
377,11,95198,65653,430713
377,12,103911,77167,426414
378,1,75693,25516,510488
378,2,71538,26507,516571
378,3,64047,31660,504842
378,4,73548,23792,503419
378,5,74729,22984,500884
378,6,67660,30253,508155
378,7,71137,26745,512710
378,8,66325,24816,510078
378,9,64158,29329,502864
378,10,63229,30121,513804
378,11,75483,26321,507504
378,12,67955,28863,514218
379,1,40645,28781,197541
379,2,38704,20683,203491
379,3,43091,22432,210996
379,4,42406,23978,211094
379,5,43244,24797,203124
379,6,38806,21582,192656
379,7,40422,25099,202491
379,8,39768,23965,197048
379,9,39846,28498,197567
379,10,39571,20684,194369
379,11,42296,27633,200752
379,12,39255,28862,194415
380,1,48826,37549,125883
380,2,49241,32217,128349
380,3,50461,38098,131006
380,4,50274,33399,122307
380,5,46597,34241,121423
380,6,54636,42341,137880
380,7,45746,34526,137467
380,8,46932,41211,132641
380,9,52468,36061,132363
380,10,46554,39341,127053
380,11,45419,34421,136866
380,12,48246,31363,121747
381,1,28338,12262,182822
381,2,32092,10180,200461
381,3,32115,12357,182521
381,4,29279,13203,186265
381,5,30920,11870,191335
381,6,27316,10262,191703
381,7,31230,10783,199397
381,8,29417,12814,194010
381,9,32780,10426,196949
381,10,28267,10297,189163
381,11,32332,11617,199933
381,12,30468,10624,184768
382,1,99666,59583,608003
382,2,102961,66276,611022
382,3,95431,49666,603976
382,4,99783,48519,606441
382,5,98317,64558,612587
382,6,91522,54364,600217
382,7,104309,67205,608192
382,8,99865,57833,602595
382,9,107220,51290,602363
382,10,90609,46778,605701
382,11,102107,60564,600049
382,12,101304,46434,599699
383,1,52918,17876,358419
383,2,51214,19571,353119
383,3,51143,17550,355577
383,4,54566,19935,342033
383,5,53295,18479,349395
383,6,45839,20894,348944
383,7,47437,16636,342311
383,8,52293,17159,348291
383,9,46260,16185,359734
383,10,52826,19292,356364
383,11,45581,20808,353491
383,12,45797,20652,349943
384,1,96477,50728,643229
384,2,95317,41740,641158
384,3,106918,40845,641869
384,4,102412,47881,626581
384,5,93665,48583,642255
384,6,105990,43427,627263
384,7,101562,35576,639891
384,8,96405,42650,636867
384,9,94013,48414,634856
384,10,100337,50352,625825
384,11,91859,35972,630888
384,12,106849,36591,643452
385,1,187084,125964,909646
385,2,210174,115740,904409
385,3,207193,128421,918074
385,4,214239,144209,913360
385,5,209015,127004,920354
385,6,205924,144893,906971
385,7,218547,119585,911530
385,8,197415,103306,920249
385,9,199772,128958,920646
385,10,186510,126978,914040
385,11,218218,128717,918491
385,12,183009,122011,916711
386,1,99777,46924,246743
386,2,98781,54571,238030
386,3,101036,54473,242831
386,4,103734,53749,253092
386,5,102951,44515,254545
386,6,91244,46646,252393
386,7,98199,38838,237811
386,8,92413,46445,241584
386,9,91564,39243,253733
386,10,92134,47166,250602
386,11,90579,47599,242714
386,12,107424,40952,251776
387,1,39007,29959,294156
387,2,39634,27861,304500
387,3,41649,30960,287740
387,4,41669,24283,294753
387,5,39568,23909,304313
387,6,39451,24599,300627
387,7,42505,23754,296494
387,8,36561,23460,302727
387,9,36127,29503,303054
387,10,40970,21627,305322
387,11,37818,23311,294146
387,12,42105,26615,298060
388,1,106601,50127,722551
388,2,101688,48318,726962
388,3,106941,40228,713812
388,4,101720,42327,729022
388,5,103644,54990,723785
388,6,107547,38559,720260
388,7,90758,54737,732716
388,8,108833,40776,732908
388,9,90980,38395,724723
388,10,105316,40726,720983
388,11,93257,50687,716509
388,12,98501,54218,717191
389,1,48687,19504,196318
389,2,53755,22353,209443
389,3,54728,21714,196979
389,4,49791,19431,194387
389,5,53703,26124,204101
389,6,54628,23347,198307
389,7,53775,24126,198637
389,8,53544,22046,207938
389,9,53896,25877,192634
389,10,51981,22966,201801
389,11,47234,20527,200344
389,12,50340,19881,195515
390,1,45994,24856,305167
390,2,46967,20217,305875
390,3,53109,21813,299371
390,4,47813,27044,315638
390,5,47460,26925,307129
390,6,50483,19585,311457
390,7,53456,24810,315535
390,8,51611,25299,306181
390,9,53129,25065,311363
390,10,45058,19043,301033
390,11,49384,22282,316590
390,12,48004,26347,299347
391,1,30942,19642,108449
391,2,27130,19872,117577
391,3,30613,19955,111878
391,4,28078,18141,118472
391,5,29668,16663,107150
391,6,29901,20181,108883
391,7,30257,19361,119867
391,8,29282,15564,116208
391,9,31312,14852,122434
391,10,32485,17997,105133
391,11,30883,15394,108639
391,12,28222,14470,116129
392,1,42499,23635,316846
392,2,43694,20644,322704
392,3,38831,23566,322436
392,4,42581,26171,308736
392,5,37893,19774,308608
392,6,40318,21259,323891
392,7,36526,27169,318163
392,8,40548,25651,321767
392,9,38051,23334,307696
392,10,36356,27273,322614
392,11,43698,21225,319482
392,12,39798,24403,312269
393,1,38824,13006,113970
393,2,38885,16567,103002
393,3,39186,13507,111622
393,4,38224,12977,113930
393,5,37769,16385,114248
393,6,37342,18080,122170
393,7,37179,15070,111851
393,8,40508,18492,112524
393,9,37783,16961,113088
393,10,37658,19055,107547
393,11,40506,17497,105604
393,12,36401,18347,105517
394,1,150172,86723,1058419
394,2,146360,95874,1059039
394,3,145020,99995,1067987
394,4,156867,77006,1058654
394,5,147808,72027,1061718
394,6,162455,102351,1058374
394,7,152094,83221,1071051
394,8,151374,85932,1058619
394,9,146721,84777,1058356
394,10,156595,85657,1062167
394,11,157851,100028,1069446
394,12,140911,94652,1059227
395,1,145574,106669,482129
395,2,138529,104392,473701
395,3,150991,91071,483830
395,4,161580,95900,471011
395,5,137946,109560,469292
395,6,161345,106352,470296
395,7,157523,93065,486115
395,8,135499,119444,480538
395,9,135060,124692,476501
395,10,153420,102218,482483
395,11,142216,95265,473653
395,12,152891,128999,483969
396,1,154903,88975,379930
396,2,158283,118594,375485
396,3,150174,104646,391709
396,4,158406,113231,386200
396,5,141987,98413,373404
396,6,147798,93754,388897
396,7,140942,89067,377552
396,8,159296,110472,388151
396,9,160084,100350,385024
396,10,146603,116396,379129
396,11,143770,102448,385175
396,12,145873,90257,376614
397,1,70026,47640,226589
397,2,69943,54233,239460
397,3,71613,40661,223604
397,4,75364,46499,229570
397,5,74413,38641,242131
397,6,69066,46251,238268
397,7,64258,51372,232384
397,8,63723,50249,237356
397,9,63016,41440,226850
397,10,73047,53371,233630
397,11,70943,46179,240500
397,12,71518,52613,226751
398,1,104660,36690,227163
398,2,108102,30933,212988
398,3,104986,30612,210784
398,4,90350,38234,223900
398,5,105847,31721,216891
398,6,103182,34294,223449
398,7,102679,29724,219485
398,8,104413,37331,221926
398,9,99220,34710,217468
398,10,95598,31314,220161
398,11,102764,36061,210283
398,12,99723,32579,216275
399,1,106303,70505,324760
399,2,109313,67008,327607
399,3,95354,61353,334160
399,4,105438,78374,322141
399,5,93797,81329,331689
399,6,90773,74571,328112
399,7,99726,63995,325228
399,8,102772,64584,333505
399,9,101901,88959,338381
399,10,91315,82586,338483
399,11,99967,61704,331929
399,12,99793,63071,336199
400,1,108437,43708,523503
400,2,96349,50246,531856
400,3,90526,59983,528496
400,4,105140,51094,539551
400,5,101996,40789,535673
400,6,95086,56298,533798
400,7,99732,53649,531590
400,8,107929,43070,538720
400,9,105616,53890,543204
400,10,98386,41580,527173
400,11,93134,50973,531126
400,12,105920,51010,541863
401,1,98437,30364,291249
401,2,97342,41785,281933
401,3,96251,43394,283278
401,4,96850,30405,295685
401,5,107789,40459,293252
401,6,107476,37610,295140
401,7,109925,35424,296569
401,8,106182,31409,278441
401,9,108593,30196,286719
401,10,91087,34073,293417
401,11,106183,38904,292314
401,12,99588,44128,284611
402,1,43218,29031,128319
402,2,40361,29468,122815
402,3,39530,22745,121288
402,4,40489,28655,119054
402,5,42707,24119,122884
402,6,37521,30150,133740
402,7,42315,29938,115446
402,8,39745,32079,121514
402,9,39254,27517,120795
402,10,43616,25335,124031
402,11,40149,30675,122439
402,12,39924,28924,127295
403,1,46539,30591,132734
403,2,51409,29754,123375
403,3,54426,28916,124830
403,4,51020,30258,132077
403,5,52839,31616,131842
403,6,54899,29347,133214
403,7,46246,23630,141436
403,8,45277,23385,138882
403,9,54689,29214,124132
403,10,48688,23939,128703
403,11,52327,29731,131936
403,12,51523,29093,123840
404,1,30949,17024,90607
404,2,27112,19168,94676
404,3,32917,20677,93088
404,4,27271,18927,89898
404,5,27108,20907,81251
404,6,30383,23649,96813
404,7,31907,18030,95939
404,8,32694,23962,90916
404,9,28582,21644,97001
404,10,30333,21111,89869
404,11,31477,20011,94941
404,12,28985,20119,92557
405,1,48475,21354,249552
405,2,47387,18310,252194
405,3,45614,20813,240987
405,4,46992,20731,243711
405,5,54733,21322,241368
405,6,53617,18097,246554
405,7,50291,17929,250781
405,8,51806,18132,246522
405,9,52123,15084,250457
405,10,48810,18467,249476
405,11,45853,18728,248076
405,12,50070,19774,250446
406,1,180708,135034,596528
406,2,182520,122013,581425
406,3,218122,124571,583145
406,4,186086,118025,583377
406,5,217705,109880,582477
406,6,209429,94562,593995
406,7,187752,103058,586961
406,8,209379,134417,591848
406,9,198812,114243,588398
406,10,193715,109162,594450
406,11,204354,136080,589446
406,12,187467,133179,578953
407,1,98654,44607,532656
407,2,101386,46654,528068
407,3,103935,36511,521491
407,4,97092,34062,530262
407,5,95273,35403,521432
407,6,100848,49814,529709
407,7,101494,40214,533279
407,8,99671,40031,533694
407,9,102539,33487,529676
407,10,102814,46837,525364
407,11,106829,42725,521872
407,12,90405,46086,520071
408,1,101606,59263,373394
408,2,103338,59544,362412
408,3,101275,71553,375773
408,4,94847,57700,375296
408,5,99342,60601,368776
408,6,92552,55102,379798
408,7,101720,73911,362210
408,8,101060,55120,373684
408,9,95319,56401,367900
408,10,103103,65338,366080
408,11,104139,57872,380912
408,12,106178,73671,365066
409,1,98613,43418,225971
409,2,108099,60622,220617
409,3,103065,45868,213591
409,4,108397,49908,223629
409,5,91073,49877,221962
409,6,100914,49092,219179
409,7,109328,48073,220698
409,8,90153,42102,217821
409,9,97078,48368,226549
409,10,102581,45739,218679
409,11,102270,50575,212193
409,12,94738,52143,224555
410,1,68707,54423,494921
410,2,76404,60082,503918
410,3,73241,52466,506636
410,4,69392,41121,496103
410,5,73940,56202,506104
410,6,69740,54018,503725
410,7,65283,47481,501474
410,8,70369,56582,508491
410,9,67959,54820,496273
410,10,71759,43714,489688
410,11,68502,53581,494220
410,12,71231,53205,492192
411,1,153294,94608,657137
411,2,143267,87246,658845
411,3,159262,73504,659747
411,4,137137,92377,655452
411,5,142912,75284,650978
411,6,154434,66765,665192
411,7,139016,91334,653928
411,8,152164,68989,657772
411,9,155251,89619,665187
411,10,157110,68171,645973
411,11,153540,83421,648146
411,12,161682,87997,649410
412,1,108763,43297,663370
412,2,94914,41889,649436
412,3,90992,51953,648628
412,4,105935,59264,647178
412,5,109066,44008,659834
412,6,90950,55069,658945
412,7,104676,52940,662039
412,8,100790,45515,651945
412,9,93622,42638,650402
412,10,92973,56791,650185
412,11,99878,44882,664272
412,12,107028,56474,656155
413,1,49024,17665,326387
413,2,54327,16683,313636
413,3,48420,20944,325817
413,4,46789,19035,314152
413,5,50048,18128,325226
413,6,47080,20554,314740
413,7,54870,16405,320901
413,8,45620,17694,313404
413,9,47476,16242,320261
413,10,51742,20950,323663
413,11,52716,20317,320950
413,12,51662,16184,317491
414,1,164811,95026,734015
414,2,144995,95976,744255
414,3,162335,83834,746496
414,4,160184,89458,735558
414,5,161672,79043,748902
414,6,155532,69662,751994
414,7,140793,72345,737217
414,8,156474,89196,751262
414,9,155025,86349,740682
414,10,164352,87935,747735
414,11,162023,69372,746474
414,12,162578,96011,735862
415,1,31608,13798,184139
415,2,32826,14864,189573
415,3,32902,14055,187454
415,4,28652,11643,184910
415,5,30481,12346,190739
415,6,29277,15146,174904
415,7,30034,15884,176893
415,8,27956,14473,178661
415,9,27825,16686,186852
415,10,28487,12101,175020
415,11,29179,16507,186127
415,12,27471,14915,181071
416,1,189506,96686,1221101
416,2,181677,81890,1225486
416,3,189107,114949,1229524
416,4,192372,108234,1219195
416,5,199851,104047,1220431
416,6,208858,92365,1232488
416,7,185499,80086,1217085
416,8,192210,87165,1223003
416,9,197286,107724,1228521
416,10,192631,110341,1221499
416,11,209269,111610,1222891
416,12,207049,104825,1229005
417,1,103203,53832,378498
417,2,92151,47087,368869
417,3,101984,58075,372947
417,4,105112,50005,372763
417,5,97359,61703,383447
417,6,94806,59488,384996
417,7,102647,56167,379561
417,8,103413,56586,366234
417,9,92232,56818,380123
417,10,97098,50657,371155
417,11,101437,62879,378951
417,12,105722,52740,366554
418,1,39198,20478,155007
418,2,41871,25712,149929
418,3,38796,20618,159586
418,4,40720,25407,156617
418,5,41520,20985,158575
418,6,38397,20080,161983
418,7,38828,27757,156815
418,8,38867,18729,154420
418,9,38324,24653,166885
418,10,38677,19136,158573
418,11,37377,19161,166019
418,12,42626,21108,150001
419,1,100970,60413,627593
419,2,92515,63927,633809
419,3,93111,47076,633487
419,4,102582,60292,629556
419,5,91219,55162,622188
419,6,96922,44270,630640
419,7,109012,46311,641359
419,8,91753,53646,626543
419,9,91796,52095,623724
419,10,109485,61297,631437
419,11,90802,55333,635209
419,12,96854,54396,622657
420,1,41236,14971,124800
420,2,39833,13675,118082
420,3,39585,13898,113027
420,4,39335,16527,110812
420,5,36445,17930,119623
420,6,38581,16725,112480
420,7,38048,13287,119276
420,8,41896,17263,123739
420,9,37374,12580,107892
420,10,41262,14160,114668
420,11,41954,14399,105484
420,12,43679,16549,118818
421,1,48005,22063,305193
421,2,47664,17885,300774
421,3,52722,23082,320217
421,4,51870,20869,313504
421,5,50038,17002,317280
421,6,49815,21064,302244
421,7,46051,18320,304440
421,8,54416,18298,305889
421,9,53398,20883,319037
421,10,51360,23237,301116
421,11,48058,23119,312930
421,12,50181,15865,301959
422,1,163699,81878,303495
422,2,137504,75119,317671
422,3,146263,86637,316193
422,4,152073,87425,315347
422,5,152143,109939,315811
422,6,160635,94397,306455
422,7,161494,104605,315915
422,8,137471,105186,306681
422,9,164014,108609,302323
422,10,160993,107121,304789
422,11,135862,79922,307735
422,12,163883,94666,300397
423,1,63017,33926,394796
423,2,64404,28991,382963
423,3,71494,30088,387829
423,4,66782,33917,387859
423,5,76669,27503,393379
423,6,67534,35579,398801
423,7,69188,26892,384711
423,8,63448,24878,388671
423,9,74154,33753,388815
423,10,65591,27298,395981
423,11,76287,28571,398742
423,12,75039,29201,385303
424,1,51007,26323,277149
424,2,54053,25740,272996
424,3,47619,26055,274173
424,4,48968,29881,267476
424,5,51590,27917,263835
424,6,53104,22980,262598
424,7,52739,24516,260793
424,8,51661,22604,272335
424,9,50259,20633,263489
424,10,46158,21281,268649
424,11,51811,23706,261117
424,12,52441,28573,265930
425,1,156518,59385,520133
425,2,147056,67996,516685
425,3,152834,70532,507541
425,4,162073,55259,511468
425,5,155175,50684,521343
425,6,139349,59614,520222
425,7,156378,62258,522741
425,8,159548,74039,523169
425,9,156933,68921,503687
425,10,142022,63169,507354
425,11,145046,66399,523120
425,12,154970,50754,516238
426,1,43656,25235,198642
426,2,42241,29728,195674
426,3,38989,24049,201857
426,4,42689,26542,210062
426,5,43110,28389,192126
426,6,38637,24028,208124
426,7,38223,28134,201843
426,8,37081,26028,199499
426,9,42788,25811,210506
426,10,42088,24583,201818
426,11,39047,26476,199510
426,12,39733,33672,196341
427,1,100936,56131,753209
427,2,97747,66696,748140
427,3,93422,78249,756929
427,4,101398,73414,762036
427,5,102091,64179,749541
427,6,91876,78715,750731
427,7,94399,69632,755173
427,8,98781,66388,764462
427,9,93239,75753,755517
427,10,93054,63110,761727
427,11,108300,61509,747475
427,12,104280,61264,764834
428,1,47463,32546,304955
428,2,53152,36941,301172
428,3,47606,38376,298641
428,4,46770,31590,289232
428,5,45260,31212,303588
428,6,50418,36902,305262
428,7,49014,32819,303925
428,8,50401,33894,295250
428,9,54751,38505,306221
428,10,54912,31873,303365
428,11,52627,27525,290843
428,12,54470,34835,291169
429,1,31447,22394,68065
429,2,31238,20574,73883
429,3,32116,21206,75035
429,4,27012,19578,76297
429,5,31459,18084,67460
429,6,32113,19433,78417
429,7,29313,17957,71531
429,8,32802,18859,79329
429,9,31198,22740,73198
429,10,32900,16875,73765
429,11,27098,17253,76405
429,12,31557,18729,77051
430,1,54281,34170,146473
430,2,45686,36096,152503
430,3,49691,37654,153282
430,4,52439,31564,149287
430,5,53998,27389,141043
430,6,51816,33698,155226
430,7,50534,31367,152546
430,8,46038,39055,152794
430,9,47236,31095,157015
430,10,51596,27576,149598
430,11,45313,31645,158353
430,12,53841,38102,155789
431,1,52794,27227,332670
431,2,53227,20966,336520
431,3,45997,26633,328697
431,4,49457,27361,341527
431,5,54348,29019,344691
431,6,50948,26962,329696
431,7,50429,20278,327116
431,8,53741,28911,331799
431,9,51452,19950,344190
431,10,46887,27883,343507
431,11,54858,21905,336165
431,12,47132,19785,338139
432,1,103546,47217,504417
432,2,97413,40841,503746
432,3,102852,52123,495558
432,4,95545,51943,494169
432,5,95173,49186,494088
432,6,108956,40573,486744
432,7,105458,37268,486319
432,8,101273,47739,499850
432,9,105242,46173,495276
432,10,103713,53664,486179
432,11,103502,40454,498680
432,12,105654,38967,495738
433,1,69124,32021,307189
433,2,64261,45716,311672
433,3,64469,47337,314069
433,4,64177,31736,313734
433,5,71817,36913,306585
433,6,73810,34455,310964
433,7,73280,46542,308585
433,8,68744,32671,317848
433,9,70191,40964,304893
433,10,72341,41866,306642
433,11,73658,44657,319325
433,12,67987,39428,306156
434,1,31139,12101,98347
434,2,29126,13385,91238
434,3,32968,11691,96367
434,4,31095,9738,88453
434,5,29122,13035,104543
434,6,27830,13403,100373
434,7,29468,13903,103304
434,8,31253,10558,99135
434,9,32396,13145,94219
434,10,27202,11646,96870
434,11,27687,11688,106409
434,12,32652,11591,88732
435,1,64882,42835,236926
435,2,68443,48513,238431
435,3,74988,45973,247306
435,4,66188,40955,241074
435,5,65966,43160,235384
435,6,76839,46991,238800
435,7,72592,46017,248509
435,8,66412,38399,246039
435,9,69999,45425,243072
435,10,75115,48028,230427
435,11,67495,38236,241704
435,12,72129,48674,237638
436,1,106056,42338,250882
436,2,97816,40827,260345
436,3,91299,33258,243681
436,4,98896,43601,243700
436,5,92707,34272,247196
436,6,93490,42063,244987
436,7,91548,32180,251109
436,8,91283,41709,244071
436,9,92428,33654,248315
436,10,101709,46932,245153
436,11,109725,32227,260731
436,12,102366,34059,258101
437,1,52081,30283,251068
437,2,47562,36851,240409
437,3,46370,28614,234670
437,4,48175,27920,240648
437,5,47719,35152,232635
437,6,45393,33358,241562
437,7,47533,28915,251749
437,8,51300,36947,244751
437,9,54696,34515,248154
437,10,46887,31325,241452
437,11,48641,35119,234065
437,12,48401,32067,246154
438,1,195791,169308,519851
438,2,184235,167898,510830
438,3,186778,119952,510952
438,4,185518,128876,516236
438,5,191432,133643,512639
438,6,204322,122251,513799
438,7,196305,160698,522179
438,8,203882,135804,516354
438,9,193909,172321,511812
438,10,181156,172900,522451
438,11,200028,138231,512274
438,12,195204,136851,522249
439,1,107938,55768,218957
439,2,109665,59552,228718
439,3,104507,75531,229297
439,4,100335,65418,217462
439,5,95366,61810,231992
439,6,108839,68535,225389
439,7,101180,55134,231847
439,8,99859,76206,232209
439,9,102109,70330,221796
439,10,103979,65529,226653
439,11,109170,58770,228417
439,12,93951,55215,234968
440,1,31752,17479,84578
440,2,31194,14437,83118
440,3,28106,15141,87331
440,4,31131,15610,89952
440,5,29798,18487,77481
440,6,32419,19148,81357
440,7,31517,17462,73965
440,8,30442,13985,74528
440,9,30144,16357,86626
440,10,31987,16897,86653
440,11,32876,13902,78523
440,12,32751,15720,90747
441,1,208737,64056,1346714
441,2,197981,84877,1365088
441,3,185182,86690,1360109
441,4,215899,74049,1360808
441,5,181594,71376,1356803
441,6,218478,69308,1365602
441,7,196522,66312,1349929
441,8,186997,82512,1357166
441,9,187454,70399,1359588
441,10,214821,71938,1357538
441,11,216587,88414,1349392
441,12,188827,79956,1351640
442,1,148897,96333,1074056
442,2,161676,103740,1077626
442,3,139526,95357,1073624
442,4,164909,97522,1067901
442,5,136318,106273,1068221
442,6,157551,119154,1072457
442,7,140739,133409,1066671
442,8,136315,100259,1064327
442,9,147573,108655,1071352
442,10,151800,91767,1075448
442,11,143590,129318,1071860
442,12,152975,118265,1078293
443,1,29996,16959,228409
443,2,29986,16059,219941
443,3,32036,17191,231860
443,4,29484,14193,230451
443,5,31412,15877,216499
443,6,32777,18265,231061
443,7,30572,17580,227649
443,8,31373,18529,214598
443,9,30483,12610,221458
443,10,32913,18548,228262
443,11,32102,15970,229530
443,12,29373,12610,224179
444,1,103767,42248,254512
444,2,102774,36635,255037
444,3,106919,37605,255055
444,4,102148,41976,245172
444,5,103003,31278,239738
444,6,103548,42620,241850
444,7,108317,40316,250032
444,8,97967,40122,240347
444,9,95814,41523,240772
444,10,96457,29693,243030
444,11,95862,36712,243683
444,12,96793,33842,235864
445,1,46503,20466,195494
445,2,53320,14659,197528
445,3,53827,17878,189645
445,4,48201,16963,206588
445,5,53951,20388,196063
445,6,51103,21907,189988
445,7,45282,15259,197265
445,8,48503,17343,194015
445,9,47310,19373,194317
445,10,52129,20310,196534
445,11,46776,21031,202963
445,12,50075,17126,203832
446,1,150900,70816,788660
446,2,158182,94907,774162
446,3,135243,81199,786537
446,4,148981,81729,786062
446,5,139139,75062,790816
446,6,135814,90067,784252
446,7,145481,97272,784469
446,8,154405,79336,778167
446,9,141684,93143,786874
446,10,140762,75311,789765
446,11,153697,81092,788605
446,12,145522,89139,783062
447,1,32117,11692,68994
447,2,28689,10136,79834
447,3,27588,12844,78304
447,4,27193,10558,79002
447,5,31805,11778,75238
447,6,28754,12374,78564
447,7,30848,11535,84329
447,8,32979,9636,82330
447,9,32831,9405,74429
447,10,28437,12658,70255
447,11,31888,9992,77847
447,12,28453,12478,73554
448,1,52104,34702,215484
448,2,50487,34024,207662
448,3,47554,33238,212874
448,4,51308,39200,208503
448,5,54436,36128,205998
448,6,51920,33010,215278
448,7,52412,39089,207145
448,8,52612,41571,215321
448,9,45570,30571,218169
448,10,45501,37668,205045
448,11,45698,32389,214239
448,12,47190,43873,205890
449,1,46326,23393,165709
449,2,49446,25047,158166
449,3,49406,22727,165620
449,4,54518,20468,159098
449,5,46186,18342,162556
449,6,53919,20234,165121
449,7,53618,18833,153418
449,8,47891,22927,163549
449,9,46930,21892,164051
449,10,46039,17519,154174
449,11,45887,19128,153681
449,12,45864,23370,149537
450,1,76970,32510,442611
450,2,65888,33008,447368
450,3,63819,34048,455273
450,4,70086,30099,445234
450,5,75549,31854,459093
450,6,65269,28128,457678
450,7,70972,39408,445799
450,8,73441,29056,452147
450,9,75859,32350,444397
450,10,74177,37116,453239
450,11,66983,37571,459152
450,12,71442,32770,447670
451,1,92650,58791,258989
451,2,96333,56339,263437
451,3,100615,60695,265480
451,4,101452,70885,268713
451,5,106670,63153,256166
451,6,104018,59418,258031
451,7,94852,61952,259275
451,8,95156,49851,252159
451,9,107389,60383,260545
451,10,97277,58004,262357
451,11,102021,64257,267443
451,12,93409,69706,257607
452,1,142816,63487,596480
452,2,137880,60735,598412
452,3,147306,68804,589867
452,4,164450,71448,597333
452,5,147274,65961,598335
452,6,164486,49399,605383
452,7,153016,65147,592042
452,8,155004,61632,603828
452,9,147805,58034,600999
452,10,159876,63088,601685
452,11,144860,51475,594850
452,12,148723,72540,606220
453,1,208015,90659,1192856
453,2,189667,105034,1183191
453,3,198711,106472,1187045
453,4,191806,103271,1181844
453,5,203769,95969,1184617
453,6,196541,101198,1186580
453,7,198134,123192,1196404
453,8,184509,88686,1186155
453,9,205429,126345,1198010
453,10,182099,109956,1195000
453,11,203435,106318,1182252
453,12,200861,112926,1184525
454,1,43415,15764,143448
454,2,37334,22195,146322
454,3,40712,20913,151710
454,4,36743,20411,141002
454,5,37616,20940,150959
454,6,40457,20617,144067
454,7,43146,20335,159196
454,8,40087,19446,159885
454,9,40854,21868,149504
454,10,37623,22289,156304
454,11,43572,16133,152313
454,12,40055,17429,147248
455,1,37994,25726,219654
455,2,43442,22673,233663
455,3,41061,19233,219471
455,4,43507,24130,230083
455,5,39103,25571,216905
455,6,38598,28182,224660
455,7,37877,27434,232341
455,8,40350,28561,221164
455,9,37858,19692,226894
455,10,39102,20757,222783
455,11,42381,22586,222452
455,12,42197,27481,219735
456,1,94063,50208,771794
456,2,90161,66593,774881
456,3,101755,49610,770629
456,4,94181,70155,761948
456,5,104531,55314,764142
456,6,91693,66553,777410
456,7,102428,51058,779065
456,8,90127,63504,762319
456,9,99868,48330,764434
456,10,92063,50639,761080
456,11,93457,61000,762872
456,12,106511,54170,767892
457,1,200141,67039,458814
457,2,200549,63298,456927
457,3,218521,70696,461240
457,4,208262,84705,444958
457,5,201225,62046,453627
457,6,183426,83885,443756
457,7,188729,84741,457868
457,8,186992,77500,444130
457,9,182247,86179,442812
457,10,215416,70891,459885
457,11,218006,66966,447386
457,12,191005,82874,458996
458,1,155778,66062,375307
458,2,139062,72251,390154
458,3,153116,77145,387888
458,4,158968,76842,392408
458,5,161316,71476,374462
458,6,150662,64957,381237
458,7,162089,64057,385474
458,8,157146,67299,381899
458,9,155872,68741,377862
458,10,153132,64203,380240
458,11,161057,59808,386908
458,12,137700,72299,387083
459,1,202983,103356,1192508
459,2,213871,77081,1193818
459,3,215081,76667,1204452
459,4,200942,76658,1203551
459,5,209796,106303,1210176
459,6,206531,92972,1206938
459,7,205511,98552,1195665
459,8,189213,90439,1205020
459,9,195684,77527,1200198
459,10,193679,108610,1193108
459,11,218887,97353,1211874
459,12,193106,86894,1201111
460,1,41793,18557,195509
460,2,42501,20066,192986
460,3,36486,17721,196226
460,4,41675,17807,190078
460,5,38405,17585,190645
460,6,40128,22638,199699
460,7,42126,20010,205063
460,8,42425,20668,196326
460,9,37833,16675,197504
460,10,42211,17073,198911
460,11,36601,18030,193768
460,12,43359,18877,209460
461,1,94071,45819,451521
461,2,95719,53685,446955
461,3,94824,57744,442837
461,4,99447,45447,456867
461,5,91341,51689,444810
461,6,91401,53996,450068
461,7,101538,50009,461639
461,8,93857,60008,459049
461,9,102717,51533,458607
461,10,102527,44013,444164
461,11,105347,53185,442788
461,12,99168,60570,449681
462,1,139001,100066,604836
462,2,155859,71657,598428
462,3,163263,102126,596600
462,4,136495,97999,606703
462,5,149634,100546,605213
462,6,164323,103258,590122
462,7,159140,75228,601073
462,8,160354,72072,597687
462,9,162744,77120,601656
462,10,161519,71907,600557
462,11,146603,102893,598929
462,12,140707,85089,605114
463,1,39711,22438,296375
463,2,43910,21053,298316
463,3,37196,24227,296367
463,4,36185,23530,292056
463,5,40356,24755,282945
463,6,43778,25372,298544
463,7,37549,22586,294658
463,8,36323,20843,299198
463,9,36207,25211,286405
463,10,39306,29023,296997
463,11,36843,28420,298824
463,12,43225,25693,289456
464,1,48454,36810,371907
464,2,52546,31695,362018
464,3,51150,27565,371568
464,4,53623,34064,366382
464,5,53978,31172,364800
464,6,47280,26895,368699
464,7,46801,31007,370397
464,8,48273,36733,362407
464,9,48720,29979,364028
464,10,53773,36854,363956
464,11,47851,36287,357630
464,12,51698,31280,368829
465,1,102645,39985,436421
465,2,108964,45645,423711
465,3,104012,46004,435626
465,4,108545,36620,429628
465,5,96593,44912,432740
465,6,96561,42650,425886
465,7,93330,43240,428803
465,8,95473,40160,432685
465,9,95564,42636,432689
465,10,94536,39358,424799
465,11,104996,38023,426541
465,12,107229,50320,431274
466,1,76835,34654,514783
466,2,71696,30545,519424
466,3,66015,31237,530613
466,4,67529,27726,533432
466,5,68380,26296,517072
466,6,63050,34241,524832
466,7,66886,29148,520903
466,8,71512,30783,521471
466,9,72774,30370,523342
466,10,70288,29002,517295
466,11,71337,32116,525152
466,12,75412,33655,518894
467,1,52241,14556,350067
467,2,46127,20669,334850
467,3,47829,16485,345749
467,4,51018,20551,352622
467,5,53741,14830,350824
467,6,49231,15798,340058
467,7,49519,20625,340237
467,8,54896,14968,340670
467,9,54358,17618,351400
467,10,46263,16448,351941
467,11,47721,14076,343446
467,12,49531,18001,344580
468,1,154493,80854,809568
468,2,152333,77541,818287
468,3,143167,81282,815993
468,4,161491,80216,803895
468,5,141718,78645,803528
468,6,157799,62795,800986
468,7,156277,68780,818805
468,8,151753,60012,816891
468,9,154788,66176,811271
468,10,142343,77283,803409
468,11,153720,62716,803737
468,12,145859,69976,808530
469,1,63971,29672,222105
469,2,68717,36489,229402
469,3,68414,38003,222958
469,4,68344,34120,224984
469,5,70078,34342,213572
469,6,73842,41384,215074
469,7,75383,41006,227525
469,8,75033,43882,230531
469,9,66544,43147,215102
469,10,73940,36326,223865
469,11,68404,36104,223405
469,12,67137,36409,226217
470,1,53066,23449,252643
470,2,47005,21254,253569
470,3,52874,22226,243883
470,4,49836,25727,252712
470,5,52516,25254,241036
470,6,53539,25664,249652
470,7,50955,24689,243570
470,8,46312,24139,236173
470,9,51028,20762,242822
470,10,54509,19087,250590
470,11,49859,22001,254540
470,12,48861,24029,236146
471,1,28028,22032,181419
471,2,31593,20731,180813
471,3,30996,21420,175606
471,4,29976,16518,171335
471,5,29129,19930,176078
471,6,29542,19591,180868
471,7,31245,21248,185799
471,8,30171,17400,178554
471,9,30539,20418,172157
471,10,27218,14734,177114
471,11,31103,17693,174558
471,12,30371,17719,176601
472,1,69179,40020,187305
472,2,64917,44714,202927
472,3,71496,44166,196173
472,4,63622,42937,187012
472,5,69964,47452,202492
472,6,66146,40779,191709
472,7,70164,48220,202697
472,8,67832,41448,187599
472,9,69766,47865,189237
472,10,75051,43474,189400
472,11,74189,43097,198857
472,12,75843,42041,192670
473,1,145925,103598,1164346
473,2,162264,95057,1162241
473,3,143812,123387,1159318
473,4,153212,116745,1159316
473,5,161523,107876,1169234
473,6,146682,84061,1173408
473,7,146376,120743,1171396
473,8,163310,116630,1169853
473,9,148331,103707,1175530
473,10,139031,99064,1176196
473,11,144089,105878,1171180
473,12,159928,85257,1170901
474,1,158001,66469,1054308
474,2,159333,51022,1047380
474,3,164168,52253,1052561
474,4,141485,55111,1051556
474,5,150854,70982,1048886
474,6,146303,49570,1052066
474,7,140135,62763,1049633
474,8,139533,56474,1057298
474,9,146728,53558,1063514
474,10,152188,58949,1054541
474,11,151310,54276,1046445
474,12,152462,67937,1046871
475,1,40529,26547,298480
475,2,38804,25387,307464
475,3,40802,19417,300893
475,4,42198,22261,302195
475,5,36272,22068,311949
475,6,38380,23109,307210
475,7,36773,24946,305175
475,8,39862,22869,298484
475,9,39740,25839,299604
475,10,38336,23919,309075
475,11,40834,22248,316518
475,12,37855,27137,305927
476,1,180606,120552,944413
476,2,206174,127092,937822
476,3,192470,96547,929846
476,4,202397,101224,947334
476,5,187255,103894,938950
476,6,181675,100643,942286
476,7,195083,92162,948367
476,8,210083,104231,944891
476,9,219614,124790,945573
476,10,205531,94362,945084
476,11,193057,90542,930489
476,12,219359,96374,941686
477,1,200082,88721,747601
477,2,184143,92613,758548
477,3,204632,73865,749215
477,4,207188,79446,751730
477,5,194710,85696,750858
477,6,201839,75752,758613
477,7,180126,72810,749340
477,8,185032,79588,766144
477,9,193996,88993,765498
477,10,198035,81633,765869
477,11,194919,73099,747609
477,12,183378,87449,748786
478,1,64634,21184,354857
478,2,76865,28106,354812
478,3,74901,24160,351702
478,4,73646,26887,353549
478,5,75284,23896,364359
478,6,71752,30216,346368
478,7,74355,23104,352593
478,8,73667,30764,353973
478,9,71553,21233,355566
478,10,76971,25293,351482
478,11,69031,30465,364339
478,12,73647,30703,356303
479,1,101916,43468,337141
479,2,108645,49737,350333
479,3,95002,49964,347921
479,4,107642,44043,335828
479,5,93926,62262,351910
479,6,106655,57673,335280
479,7,93436,43722,351377
479,8,94882,60750,335158
479,9,106378,62332,345312
479,10,106609,46358,336175
479,11,104224,61752,349258
479,12,107707,56518,352712
480,1,70813,24580,551050
480,2,64448,27236,558984
480,3,63169,25785,558539
480,4,69492,25446,557025
480,5,75795,29456,557031
480,6,73041,22321,553999
480,7,65209,22392,551099
480,8,71973,31125,556147
480,9,76902,30630,548746
480,10,73294,25115,564950
480,11,70221,33098,565365
480,12,74702,31106,558840
481,1,32407,21888,174799
481,2,31295,18290,181656
481,3,27922,15432,175860
481,4,31152,16585,174027
481,5,31032,17824,179743
481,6,27612,21363,177355
481,7,31266,17812,168926
481,8,28889,17054,187818
481,9,32478,15311,187351
481,10,31365,19330,185414
481,11,29957,19874,177346
481,12,30135,18574,187790
482,1,187663,102916,1116565
482,2,181723,86984,1107689
482,3,190228,111469,1108318
482,4,182877,88592,1102356
482,5,199260,92956,1119158
482,6,217037,109573,1104394
482,7,208526,101814,1111857
482,8,215754,116883,1117931
482,9,195842,104412,1103095
482,10,207594,93135,1103240
482,11,219275,112823,1119218
482,12,190740,88376,1104326
483,1,210131,154994,1243150
483,2,182229,152985,1257086
483,3,202315,129296,1242906
483,4,214789,134863,1242846
483,5,218975,116838,1239506
483,6,219012,141872,1257666
483,7,203940,135258,1254037
483,8,191095,142078,1239965
483,9,185314,118108,1248557
483,10,182904,117602,1253344
483,11,183884,155964,1244837
483,12,197469,152710,1247677
484,1,46944,26030,342281
484,2,54115,23782,359961
484,3,51043,26140,349762
484,4,49080,29707,359372
484,5,49186,30571,344731
484,6,49513,30298,353895
484,7,46618,29996,354573
484,8,52266,26190,349016
484,9,45736,23740,360179
484,10,46810,27019,348819
484,11,47817,31066,345005
484,12,52984,32133,344496
485,1,140282,121798,596729
485,2,159184,86672,603783
485,3,158497,85225,598686
485,4,140722,102797,604938
485,5,146805,113673,598984
485,6,149931,95583,602690
485,7,136310,83390,605118
485,8,159340,109460,607237
485,9,140354,91250,600590
485,10,136956,85153,600092
485,11,152518,97672,611151
485,12,148719,90796,605135
486,1,41630,25481,120325
486,2,41615,28610,117504
486,3,38318,24363,112439
486,4,41094,25761,126132
486,5,38407,30989,110975
486,6,43789,28975,107932
486,7,42469,23137,124374
486,8,37112,27082,125139
486,9,36694,21355,120818
486,10,36952,25452,110580
486,11,37363,21565,109704
486,12,41774,22949,124222
487,1,148595,61553,1143272
487,2,155349,61488,1147329
487,3,148524,58189,1130617
487,4,154425,66602,1136355
487,5,136774,75584,1148956
487,6,156762,60169,1138240
487,7,151018,61262,1143732
487,8,146964,77463,1133625
487,9,135338,64269,1133034
487,10,163470,80353,1147202
487,11,148927,59542,1130932
487,12,158667,54807,1142213
488,1,39154,16708,155276
488,2,42014,15983,155500
488,3,39987,13541,149363
488,4,40723,16417,151069
488,5,40389,16064,148603
488,6,38133,17333,151507
488,7,41693,16134,154149
488,8,42212,17207,149552
488,9,36762,13972,152975
488,10,38697,13406,135949
488,11,42454,14088,155766
488,12,41994,16806,150499
489,1,106387,56305,684674
489,2,108254,54858,690058
489,3,105912,61033,688088
489,4,96898,47098,689815
489,5,101663,54302,700799
489,6,100617,65492,692481
489,7,90659,59755,682233
489,8,102499,48275,682239
489,9,108195,44418,692161
489,10,103721,44611,684104
489,11,96139,48956,687125
489,12,102650,56300,698270
490,1,65966,39496,153272
490,2,73314,42132,161080
490,3,76600,35340,161435
490,4,67815,40095,147405
490,5,67718,44607,161343
490,6,65361,36552,149074
490,7,70402,49722,151015
490,8,64096,44751,149694
490,9,69480,46342,161169
490,10,72047,51178,151904
490,11,64533,48565,146703
490,12,75055,47581,155575
491,1,90447,37110,324876
491,2,106959,38311,332801
491,3,109600,31607,335198
491,4,100573,32237,326136
491,5,101247,41656,325891
491,6,92571,32511,326932
491,7,104655,38500,325351
491,8,104534,33419,336194
491,9,109941,29858,330457
491,10,92950,31275,332029
491,11,92995,41523,327377
491,12,107235,29754,339232
492,1,149264,86518,1117280
492,2,161904,116794,1121630
492,3,162140,87415,1134690
492,4,141980,100109,1126997
492,5,156862,87988,1120004
492,6,138745,113462,1126881
492,7,139011,110211,1128160
492,8,137047,122245,1130576
492,9,154785,115673,1130632
492,10,142411,90961,1119336
492,11,145996,114110,1122373
492,12,145337,114918,1116283
493,1,101186,60845,400263
493,2,106945,51269,392331
493,3,109071,62455,382264
493,4,105098,53021,399136
493,5,104762,61484,387573
493,6,107798,46092,399783
493,7,108097,52797,396115
493,8,90049,64655,389923
493,9,107694,61445,386408
493,10,105238,50043,391109
493,11,93418,54157,385433
493,12,92464,65361,399767
494,1,31790,14109,71836
494,2,28056,14319,66668
494,3,31375,11559,70069
494,4,27234,12090,75266
494,5,29932,14031,71016
494,6,32144,13738,68857
494,7,31249,13824,74743
494,8,31050,12562,63936
494,9,30413,11075,65151
494,10,32975,10993,58807
494,11,27567,13294,67248
494,12,28801,14454,69872
495,1,54417,20194,211367
495,2,49703,20472,208750
495,3,52696,25256,199563
495,4,51256,18399,209818
495,5,46332,16997,195822
495,6,47208,23519,209976
495,7,46834,21933,191867
495,8,45980,24392,191972
495,9,51552,24393,196290
495,10,53716,21442,194328
495,11,52723,24907,202109
495,12,52275,17484,193996
496,1,38524,27122,171300
496,2,36125,28525,182458
496,3,37220,31769,169947
496,4,40568,30328,173216
496,5,42649,30796,183169
496,6,41022,32363,168650
496,7,41850,31485,168074
496,8,40957,30402,181051
496,9,36069,24855,170774
496,10,37503,25449,167820
496,11,43327,24863,172970
496,12,37752,34363,171991
497,1,155029,96478,374785
497,2,164062,120371,366066
497,3,157506,103190,372295
497,4,157998,90069,373919
497,5,163265,117092,364286
497,6,145802,108370,376544
497,7,141525,118639,377858
497,8,143024,97701,367867
497,9,143004,110931,372060
497,10,153634,108473,378758
497,11,140038,115472,368859
497,12,154547,100484,374303
498,1,64898,30715,219274
498,2,71415,26635,219071
498,3,75617,29965,215175
498,4,75109,36087,229166
498,5,63461,29530,220863
498,6,73948,28660,228182
498,7,65539,35368,233052
498,8,70287,33050,227532
498,9,72523,33840,216228
498,10,70081,34348,215787
498,11,66284,31632,217749
498,12,74739,38824,232003
499,1,146873,56636,946540
499,2,147269,44877,938728
499,3,148229,46676,946519
499,4,136449,56801,954585
499,5,145532,58310,949887
499,6,160185,61694,947261
499,7,161990,61727,949387
499,8,155790,55571,951034
499,9,140886,66166,952572
499,10,145969,57704,945371
499,11,148467,44653,949491
499,12,164517,55992,937570
500,1,151169,91892,687379
500,2,159212,71749,676368
500,3,146608,83845,687954
500,4,135949,99357,684638
500,5,142650,76013,688922
500,6,148960,97994,684758
500,7,138110,67983,670560
500,8,139422,75358,673097
500,9,156551,80498,678503
500,10,135947,88526,680639
500,11,152850,101791,683553
500,12,135387,90339,673213
501,1,63720,24190,268838
501,2,73891,31275,279972
501,3,72297,26577,275217
501,4,66110,23075,274836
501,5,69510,24133,281024
501,6,73947,22118,279452
501,7,72349,21643,265704
501,8,69824,22193,283331
501,9,71580,24214,274856
501,10,75545,22490,270538
501,11,65531,21255,266196
501,12,71461,30531,276058
502,1,91629,42521,304117
502,2,98495,47438,312426
502,3,105525,32114,312624
502,4,100566,32350,300513
502,5,109112,38462,312609
502,6,93610,46792,316468
502,7,100319,41128,308376
502,8,105251,33858,307792
502,9,90829,33320,313325
502,10,106854,39730,311147
502,11,107204,38773,312079
502,12,103057,36778,314493
503,1,52312,33415,277543
503,2,50489,32469,263296
503,3,54431,23975,264243
503,4,52190,26160,272885
503,5,54027,28343,266348
503,6,47133,24758,267155
503,7,45003,30680,282082
503,8,48343,25414,270315
503,9,52467,32502,270098
503,10,48460,25317,264291
503,11,45000,33464,278041
503,12,51203,30415,277812
504,1,50471,31587,282542
504,2,47390,31243,278497
504,3,46165,34321,271118
504,4,51290,25447,275154
504,5,47427,30975,282900
504,6,46269,25982,273208
504,7,51253,28767,283398
504,8,53441,34766,280218
504,9,50895,30927,282149
504,10,54150,28412,280786
504,11,50820,34999,278938
504,12,52692,27035,277245
505,1,163286,62177,702878
505,2,162208,65061,703890
505,3,150106,59126,700526
505,4,152199,51653,703620
505,5,155698,50868,704347
505,6,148143,75042,703068
505,7,163852,57914,693220
505,8,149579,71047,702290
505,9,147534,57781,690513
505,10,146248,56354,696855
505,11,136659,65703,702704
505,12,149220,64818,697212
506,1,37149,19331,174884
506,2,43126,18558,172213
506,3,42090,20227,167701
506,4,43327,23116,180083
506,5,39669,21841,170855
506,6,39417,23125,169839
506,7,39720,21154,181569
506,8,41489,24298,169712
506,9,41777,18598,168265
506,10,37289,20595,169863
506,11,40633,26283,163684
506,12,42966,20796,162844
507,1,144863,117483,1156725
507,2,149749,104670,1159904
507,3,142519,122329,1154373
507,4,147405,119927,1170697
507,5,156565,96389,1152362
507,6,151763,99397,1158485
507,7,156654,86773,1162191
507,8,160729,120745,1153507
507,9,156385,108715,1158942
507,10,148271,116786,1165686
507,11,162442,103985,1162306
507,12,159448,107727,1164382
508,1,32039,10809,164540
508,2,27789,12173,160842
508,3,27061,14095,153499
508,4,28787,11180,168702
508,5,29229,13411,157522
508,6,28745,13471,155077
508,7,29732,13619,167658
508,8,32463,12481,153351
508,9,32984,12387,160143
508,10,27276,11838,155677
508,11,31188,12406,166618
508,12,28038,10961,167054
509,1,104106,53405,549901
509,2,90949,61583,542989
509,3,105764,62138,536294
509,4,106906,58256,536357
509,5,95026,62995,533549
509,6,103851,48303,540045
509,7,91588,51353,546071
509,8,94603,57133,535364
509,9,97747,56414,550443
509,10,107375,56117,537929
509,11,92519,60944,546759
509,12,91128,52063,531369
510,1,91172,63698,487219
510,2,104114,59924,483249
510,3,91092,61172,489344
510,4,106360,46817,486653
510,5,97296,58715,491305
510,6,100168,61833,490399
510,7,104315,64183,496841
510,8,107802,67698,495525
510,9,95440,65001,496475
510,10,95531,67941,492111
510,11,96715,67669,486302
510,12,101655,65587,490812
511,1,27642,24056,177059
511,2,32857,25967,165489
511,3,27091,23517,176813
511,4,30904,24496,163992
511,5,30974,20268,180175
511,6,32301,23648,178066
511,7,31751,20167,161765
511,8,32982,23343,163425
511,9,30359,21036,165790
511,10,32135,22358,178046
511,11,32206,20823,179972
511,12,32054,21753,174749
512,1,39910,28184,246292
512,2,40999,23098,242810
512,3,39153,25367,253461
512,4,42094,23020,242589
512,5,40112,30800,246047
512,6,39324,25143,247495
512,7,37639,25490,258083
512,8,41091,26575,252774
512,9,36917,24525,243117
512,10,42663,20786,240761
512,11,37393,24900,251265
512,12,40011,23418,246456
513,1,63321,24781,518596
513,2,66948,31995,501585
513,3,75169,24223,518834
513,4,75722,31707,517551
513,5,68329,28363,514291
513,6,67662,29921,518803
513,7,76434,25288,517274
513,8,72987,24010,516940
513,9,64318,33377,502946
513,10,63561,33793,504339
513,11,75160,33064,505241
513,12,72532,31736,513492
514,1,30638,23341,136500
514,2,27034,21328,139788
514,3,29950,24322,146809
514,4,29469,24610,129344
514,5,32857,22346,143100
514,6,28717,23969,129265
514,7,28409,19593,136219
514,8,30901,21742,137834
514,9,32803,17152,144023
514,10,27487,24605,139618
514,11,32703,18290,147283
514,12,32001,19435,147286
515,1,51588,35944,118892
515,2,47824,29805,120214
515,3,50877,31965,123778
515,4,49277,37251,127759
515,5,49531,32264,135087
515,6,52977,30632,131316
515,7,46753,39140,121233
515,8,52721,32336,133162
515,9,48843,41403,121116
515,10,48858,39217,131897
515,11,54379,38517,127799
515,12,50624,31196,128893
516,1,75126,53614,460906
516,2,74884,51142,468431
516,3,74369,53102,462358
516,4,72524,49310,465873
516,5,63515,54951,469682
516,6,71803,57673,453671
516,7,74148,59825,466127
516,8,73572,54690,471179
516,9,72780,59458,456446
516,10,75147,61288,455559
516,11,67554,49879,458832
516,12,66540,57319,463417
517,1,49796,41828,406675
517,2,52571,32405,391324
517,3,49564,30616,389922
517,4,52981,30050,402133
517,5,51595,39457,394611
517,6,52606,31643,394823
517,7,51113,39753,405304
517,8,54162,29213,403044
517,9,49808,39525,394571
517,10,53523,41024,399858
517,11,54404,35551,393953
517,12,48904,34150,390500
518,1,32681,18016,195295
518,2,27230,13392,199918
518,3,29625,14769,187298
518,4,31168,15690,196271
518,5,28672,15339,188135
518,6,31192,16343,184629
518,7,28407,18236,203894
518,8,31661,16934,200045
518,9,29456,14740,187519
518,10,29982,19794,191612
518,11,28089,16059,203234
518,12,27237,19191,184741
519,1,42622,21077,192484
519,2,37636,17598,191998
519,3,42194,14061,183752
519,4,37881,20208,187324
519,5,38128,16564,180916
519,6,36753,20002,186964
519,7,41133,16359,194413
519,8,36488,20084,183535
519,9,41203,17563,197344
519,10,38849,16864,183786
519,11,43971,14169,197366
519,12,36948,17255,190355
520,1,91586,31869,216066
520,2,92328,35443,214263
520,3,94941,38079,202740
520,4,101450,40671,218916
520,5,93023,42047,211399
520,6,96936,42846,215893
520,7,104748,36019,202247
520,8,98086,35920,213246
520,9,95417,38475,203090
520,10,101477,34399,212455
520,11,107118,39726,202897
520,12,98692,38830,211968
521,1,146892,114831,1013578
521,2,146364,105051,1002064
521,3,152400,101907,1017174
521,4,138509,87194,1011530
521,5,141660,100178,1008064
521,6,152097,80128,1009538
521,7,137396,88242,1003686
521,8,141461,98747,1009889
521,9,161847,117123,1012007
521,10,143873,79231,1003292
521,11,145388,81969,1018295
521,12,136176,106728,999881
522,1,196724,72118,1184177
522,2,196770,89082,1171284
522,3,190173,89230,1189322
522,4,210848,89989,1189136
522,5,216035,66077,1171186
522,6,207885,84885,1177690
522,7,180279,81275,1185570
522,8,183017,88007,1181948
522,9,213678,90894,1181897
522,10,207050,77353,1182854
522,11,197410,75634,1185305
522,12,216709,72793,1182289
523,1,138930,65476,1144320
523,2,155209,69442,1131221
523,3,162799,79441,1141033
523,4,155893,81797,1137503
523,5,140733,76193,1137240
523,6,158775,65201,1129443
523,7,158320,69957,1143892
523,8,155556,83166,1146240
523,9,143719,65775,1140580
523,10,145767,61292,1129907
523,11,137835,70561,1147877
523,12,161764,69722,1138869
524,1,32082,14498,63733
524,2,27413,16998,72169
524,3,29303,17152,57328
524,4,31941,13579,56515
524,5,28143,17193,68751
524,6,28234,16087,66251
524,7,30757,18193,68457
524,8,28556,18388,53386
524,9,27410,16653,67224
524,10,31283,13101,67370
524,11,29144,17908,64559
524,12,30095,16512,56625
525,1,46275,25826,196308
525,2,51218,27930,190953
525,3,51514,22206,191368
525,4,48132,26361,199703
525,5,51933,28490,207818
525,6,46524,30426,192477
525,7,51125,22044,192889
525,8,46094,30572,198100
525,9,51537,24342,196833
525,10,54532,31603,192858
525,11,47949,21302,203901
525,12,54558,31749,197497
526,1,28817,19659,206970
526,2,29461,23763,208566
526,3,28634,19705,209782
526,4,27809,22986,209885
526,5,32393,18307,198036
526,6,27692,22449,208272
526,7,28015,22096,211530
526,8,29163,22621,198712
526,9,32255,26016,207522
526,10,30477,20507,203056
526,11,28492,24990,213448
526,12,32956,20505,212032
527,1,28763,13082,115737
527,2,28705,10898,118783
527,3,28924,15653,117302
527,4,27272,11133,118596
527,5,28367,14162,118175
527,6,32061,10889,124709
527,7,32555,12101,119274
527,8,31842,12030,111150
527,9,31579,14427,120493
527,10,32422,11090,125493
527,11,32726,10951,110193
527,12,30888,10985,109832
528,1,40033,32420,124896
528,2,36757,25227,125264
528,3,36972,30146,133212
528,4,38316,28090,132955
528,5,37274,24737,133129
528,6,37038,24162,125261
528,7,38215,24399,131572
528,8,37942,25675,132450
528,9,43979,29501,139156
528,10,37786,24956,135285
528,11,41912,22868,129327
528,12,42301,28276,122786
529,1,215734,76777,548725
529,2,203422,100782,553404
529,3,199418,104916,544216
529,4,202686,83101,539627
529,5,200729,95497,546453
529,6,214847,76062,548028
529,7,201850,77285,549845
529,8,180495,108183,553049
529,9,195648,89953,553974
529,10,208047,107606,548226
529,11,217148,106547,539948
529,12,206777,86386,541705
530,1,63266,31937,238406
530,2,66143,29363,231138
530,3,69067,35047,236156
530,4,67860,28105,229874
530,5,66561,35662,225082
530,6,68540,34419,240116
530,7,63184,32001,226824
530,8,64712,28728,238026
530,9,72660,34242,236972
530,10,64063,32875,227757
530,11,69708,32869,222716
530,12,73780,30576,226704
531,1,208356,127470,489947
531,2,213629,104246,487089
531,3,190427,104160,486771
531,4,199214,92242,474881
531,5,202974,96698,475765
531,6,195801,97842,488315
531,7,197994,110201,477112
531,8,208116,124105,475035
531,9,181665,120441,471411
531,10,187083,127925,476531
531,11,208321,90090,471873
531,12,211636,127817,484782
532,1,41452,26847,99394
532,2,41682,28658,84494
532,3,39326,25189,96855
532,4,36620,30503,94803
532,5,36166,24074,86676
532,6,38735,24548,93037
532,7,38173,26005,97379
532,8,43405,26009,100244
532,9,41828,30421,102604
532,10,38922,23854,100853
532,11,38314,31763,95729
532,12,37226,30028,100474
533,1,54941,16441,136112
533,2,45941,15687,138571
533,3,50653,14487,131061
533,4,45420,15111,142167
533,5,50888,15448,130385
533,6,48700,19809,136451
533,7,54613,20263,149321
533,8,49333,19734,138882
533,9,54472,20854,146779
533,10,54672,18804,146868
533,11,45808,15519,135662
533,12,54086,16409,144540
534,1,27894,21199,78180
534,2,29840,21007,66355
534,3,27708,19112,73833
534,4,31460,22150,82283
534,5,30066,17562,80120
534,6,28470,21850,69657
534,7,27436,18668,64137
534,8,27845,22284,75380
534,9,28993,25307,70815
534,10,28386,18523,70491
534,11,27739,21053,69087
534,12,31448,22193,82460
535,1,103756,76850,492551
535,2,107514,78512,496088
535,3,102941,56531,497017
535,4,104210,60794,483810
535,5,108577,73793,487837
535,6,91335,55396,490590
535,7,102417,66282,481599
535,8,103791,58566,491707
535,9,104912,77646,492956
535,10,102619,66504,490646
535,11,106175,58529,501194
535,12,100204,81659,496320
536,1,97168,50675,235448
536,2,109406,59946,235166
536,3,98770,51887,234545
536,4,107836,45642,242469
536,5,94079,48710,241101
536,6,104542,45730,233524
536,7,109436,63732,242296
536,8,95324,51591,234604
536,9,99202,47256,239828
536,10,109872,49545,236500
536,11,93101,57639,228956
536,12,90405,54307,239129
537,1,66699,57034,195181
537,2,73979,47557,176998
537,3,68785,52100,192861
537,4,69334,52508,181989
537,5,69695,60621,186874
537,6,73341,54764,183775
537,7,67471,55321,191653
537,8,76618,57383,181683
537,9,75758,53858,187198
537,10,74956,61872,189630
537,11,76911,51652,182058
537,12,64007,50668,180208
538,1,196673,146810,681164
538,2,193032,113339,687703
538,3,180766,160622,675777
538,4,218984,156218,681007
538,5,184115,154601,691965
538,6,205209,115365,693561
538,7,182248,161833,680647
538,8,197358,122200,673958
538,9,206091,158784,676748
538,10,207676,117195,676723
538,11,189974,112097,682787
538,12,188025,113377,681500
539,1,181231,93270,1176209
539,2,218840,102448,1171022
539,3,197619,85012,1167458
539,4,208494,98536,1167472
539,5,212801,105429,1160761
539,6,219387,79917,1165669
539,7,219956,82952,1174456
539,8,199070,100414,1159242
539,9,201467,94816,1156905
539,10,182687,79531,1170136
539,11,209098,89859,1170745
539,12,181775,85452,1173460
540,1,101430,72258,442542
540,2,91916,70870,443491
540,3,109865,77546,441262
540,4,90041,84953,432760
540,5,108658,59271,447307
540,6,94761,63967,433014
540,7,90092,75552,448805
540,8,109641,69765,447679
540,9,97662,74469,437842
540,10,101466,84937,435443
540,11,98012,59202,441925
540,12,96039,67886,447975
541,1,75794,40192,233192
541,2,70938,39904,236157
541,3,67142,38882,245485
541,4,76709,42087,241989
541,5,66546,39122,240723
541,6,72006,43201,242680
541,7,75046,50127,241279
541,8,68175,38727,232560
541,9,69934,50283,236259
541,10,70178,43775,241954
541,11,65067,39517,235216
541,12,74217,43678,235431
542,1,155682,59494,1067082
542,2,141420,57359,1082942
542,3,144639,64962,1081587
542,4,162459,57888,1068400
542,5,141918,75900,1067634
542,6,159737,72437,1064738
542,7,147242,57169,1078702
542,8,156082,77838,1083511
542,9,136458,68957,1068171
542,10,148836,66808,1064194
542,11,138181,74399,1072560
542,12,142274,57536,1071676
543,1,96415,76619,663261
543,2,108523,73759,667718
543,3,106604,60691,673546
543,4,98169,72635,669172
543,5,98042,55196,666369
543,6,102405,77692,677487
543,7,103067,67807,665711
543,8,97502,74786,668913
543,9,100206,66014,678026
543,10,102879,58621,670467
543,11,109558,81411,665473
543,12,105031,75091,679294
544,1,104749,62466,633169
544,2,92764,62981,625416
544,3,108819,49274,635092
544,4,109489,45054,624914
544,5,104662,56537,622624
544,6,99771,55092,628137
544,7,109365,60124,631365
544,8,93917,50080,639886
544,9,96155,43291,640922
544,10,101332,51791,635140
544,11,93930,60962,632050
544,12,107313,55743,633394
545,1,185799,127837,880157
545,2,201234,173300,899039
545,3,213619,127783,885407
545,4,188761,121730,883837
545,5,200138,150531,891802
545,6,192371,120547,899108
545,7,216570,118759,883582
545,8,189421,131038,887066
545,9,214374,139691,879313
545,10,189291,130037,892902
545,11,182474,120021,896709
545,12,202268,141488,893586
546,1,52876,31235,215274
546,2,46591,26390,205968
546,3,52199,25050,209269
546,4,54590,33814,215306
546,5,52723,29997,215064
546,6,53852,23760,213571
546,7,50947,26652,206364
546,8,46457,26397,217046
546,9,50245,29673,202022
546,10,50067,31473,203120
546,11,52341,31559,205844
546,12,45677,23281,205222
547,1,194962,120119,1311230
547,2,181857,119068,1326832
547,3,190562,115492,1322998
547,4,193961,124820,1329807
547,5,213604,146799,1322759
547,6,187793,141941,1316328
547,7,212455,146959,1322682
547,8,191776,107364,1310498
547,9,198751,155633,1322117
547,10,200903,138731,1314061
547,11,203132,116575,1327330
547,12,180674,141408,1325508
548,1,146569,91799,426899
548,2,152059,93603,423806
548,3,155504,104730,414043
548,4,146536,114726,411955
548,5,142773,107493,425935
548,6,138750,103967,422122
548,7,149427,102225,420160
548,8,144247,88349,423394
548,9,143596,115680,429255
548,10,152346,119483,430270
548,11,155234,80112,420747
548,12,136841,92410,422069
549,1,141817,103973,314465
549,2,136597,85883,313523
549,3,148876,93341,299699
549,4,142610,86009,313103
549,5,141967,79224,299241
549,6,136370,106637,310294
549,7,144249,98659,297536
549,8,142655,89189,315776
549,9,158933,114021,311031
549,10,156789,111107,309911
549,11,151571,106721,307421
549,12,135231,89867,300207
550,1,47396,25435,239977
550,2,49266,25562,236447
550,3,47249,21327,237498
550,4,47915,29662,223876
550,5,50337,23916,226932
550,6,54205,29508,231346
550,7,48082,31222,241389
550,8,47135,30393,227678
550,9,48482,28602,231340
550,10,45399,27265,235829
550,11,48445,24125,238442
550,12,48713,29877,225464
551,1,98620,74784,434454
551,2,100719,69568,423770
551,3,99121,80641,428114
551,4,90235,76905,433361
551,5,94350,62469,429926
551,6,95101,62718,428543
551,7,97850,82236,422630
551,8,96509,69728,425699
551,9,103416,68562,432547
551,10,92545,66448,429379
551,11,98421,58648,433617
551,12,93249,84593,430546
552,1,30073,12671,99391
552,2,27963,12008,88876
552,3,30082,11808,95178
552,4,28771,14797,85282
552,5,31158,10712,87971
552,6,30563,14930,100534
552,7,27527,14167,84601
552,8,31304,13075,92698
552,9,30017,15417,92265
552,10,29399,14468,98770
552,11,27472,11302,97576
552,12,27930,13635,91245
553,1,32346,13424,132274
553,2,29709,13382,126548
553,3,32545,12647,128511
553,4,28582,10826,124246
553,5,29228,12979,123860
553,6,31484,13571,133151
553,7,27010,12741,133110
553,8,32390,11132,140841
553,9,28548,11360,137865
553,10,30352,14255,128741
553,11,28183,9898,123992
553,12,30749,12550,131342
554,1,49250,16110,350817
554,2,50708,19649,366479
554,3,52190,15843,355972
554,4,49521,16863,367201
554,5,48999,20558,358672
554,6,53884,17642,356770
554,7,47428,16416,363726
554,8,46558,16902,362056
554,9,53009,17839,367669
554,10,54975,22572,363140
554,11,45200,19275,367601
554,12,45909,21043,364086
555,1,31984,13974,237537
555,2,27488,15335,218690
555,3,32022,19193,227277
555,4,31883,18440,235343
555,5,31245,15668,221070
555,6,29593,17190,231987
555,7,27328,19044,232316
555,8,32066,17060,221093
555,9,31421,15945,234163
555,10,32751,19053,225665
555,11,30269,16463,232386
555,12,27116,15194,233155
556,1,214444,115344,593806
556,2,215492,111821,602316
556,3,181099,101948,606023
556,4,186702,101679,604474
556,5,209351,101645,594814
556,6,217770,96663,593926
556,7,198217,114389,596027
556,8,190457,136007,607040
556,9,191428,108298,604336
556,10,187957,135696,600619
556,11,218473,110542,600796
556,12,190771,101886,597938
557,1,105833,39037,257645
557,2,93850,37456,268705
557,3,92964,37359,259952
557,4,101561,43077,273264
557,5,95038,36351,271337
557,6,90090,44521,266539
557,7,99011,38026,265719
557,8,96676,39271,265328
557,9,96009,36997,265839
557,10,93242,40213,262975
557,11,107689,31624,273557
557,12,101023,38037,261095
558,1,97337,41224,796290
558,2,106324,35778,793290
558,3,102923,33442,780422
558,4,108708,40034,785446
558,5,101403,41012,790737
558,6,107792,42712,786815
558,7,103408,35417,795437
558,8,108969,42670,783755
558,9,102236,42165,786301
558,10,109581,32535,787139
558,11,105837,36146,795568
558,12,91009,45663,780967
559,1,141609,98927,634158
559,2,142514,100862,633683
559,3,148448,90409,634604
559,4,159951,86091,641485
559,5,136207,80541,643792
559,6,140885,104889,638588
559,7,160212,92648,640839
559,8,151655,110081,645066
559,9,156515,100375,641250
559,10,162625,90541,637991
559,11,141930,111264,639260
559,12,148513,88056,630288
560,1,63079,43411,540613
560,2,75623,56984,538074
560,3,64937,47893,530898
560,4,74242,59823,546713
560,5,64900,56922,529315
560,6,76732,53846,545557
560,7,74289,51465,546586
560,8,66862,50939,529693
560,9,64510,41686,538164
560,10,74268,55465,541452
560,11,71475,45578,543569
560,12,65591,44522,546459
561,1,27281,17180,87194
561,2,29835,18929,87261
561,3,27834,15612,88561
561,4,29187,19977,84458
561,5,27601,16435,94598
561,6,31975,19581,88911
561,7,31410,18247,82080
561,8,30765,17130,79606
561,9,27299,20745,97219
561,10,29051,18092,96085
561,11,31169,20094,97365
561,12,28262,16275,80302
562,1,32492,18747,100587
562,2,32972,24753,81648
562,3,32183,18977,96178
562,4,32706,21516,89152
562,5,27884,18383,93784
562,6,30810,23602,97247
562,7,27427,22624,97825
562,8,32356,22419,93770
562,9,32817,23070,89172
562,10,27579,23558,97655
562,11,30502,19882,96964
562,12,32876,19787,87060
563,1,31669,16675,194875
563,2,27238,15611,191038
563,3,30582,20788,197878
563,4,29790,19346,191516
563,5,28545,21220,187983
563,6,29131,15736,189959
563,7,29186,20485,185740
563,8,31362,20298,197931
563,9,31772,17465,199751
563,10,32605,14691,188836
563,11,28605,15651,199947
563,12,29617,15828,193149
564,1,90091,69661,481972
564,2,109664,64322,483964
564,3,100624,61802,483946
564,4,98820,75767,490060
564,5,102149,63356,493292
564,6,90837,72447,479348
564,7,91257,68997,497664
564,8,94829,78289,480918
564,9,101133,82017,481462
564,10,108000,80711,481127
564,11,105552,73372,482112
564,12,99890,61566,483404
565,1,109007,51128,476696
565,2,100630,50700,472393
565,3,106662,49172,472924
565,4,90671,45115,473202
565,5,95094,50496,486688
565,6,96881,56227,482511
565,7,91138,47903,485522
565,8,107737,57834,467868
565,9,108534,46014,467842
565,10,91958,39630,474976
565,11,93703,47599,472937
565,12,101332,45770,472292
566,1,37422,25671,254390
566,2,43079,25928,266962
566,3,43921,28610,250336
566,4,41467,29804,255607
566,5,43832,30384,253263
566,6,39553,28776,253317
566,7,41579,27970,256871
566,8,40456,34687,254592
566,9,40087,30798,257779
566,10,42738,29194,262931
566,11,41495,32765,264531
566,12,40259,26008,264265
567,1,32601,15523,212802
567,2,31105,12809,209214
567,3,30401,16913,197808
567,4,31700,17928,210844
567,5,31510,15913,195877
567,6,31383,16284,202087
567,7,29692,12680,197589
567,8,28187,13418,213303
567,9,32041,12015,205560
567,10,30256,12013,205578
567,11,27404,17746,195932
567,12,32591,12201,201568
568,1,63518,31240,451446
568,2,76603,32655,450392
568,3,66371,26176,442511
568,4,72670,32100,440916
568,5,69485,28292,455229
568,6,76494,31821,458816
568,7,67667,33210,446466
568,8,73120,33303,459268
568,9,65808,35297,455526
568,10,67313,31288,442259
568,11,66927,29686,456825
568,12,75188,26845,454040
569,1,51768,33425,163401
569,2,52703,33841,163045
569,3,46996,29876,171266
569,4,49461,36535,154599
569,5,47233,37327,171897
569,6,53154,32302,160489
569,7,52086,31818,167831
569,8,45887,28239,163999
569,9,50079,38645,169341
569,10,54917,34542,159983
569,11,48210,30965,165172
569,12,48547,38110,160772
570,1,49593,28193,370440
570,2,51608,23144,370500
570,3,49450,24565,372015
570,4,48524,28151,356651
570,5,48425,22182,357916
570,6,46394,26523,363931
570,7,47668,22247,362100
570,8,47769,22375,363419
570,9,50037,22648,358794
570,10,53578,20231,367898
570,11,47812,29080,370744
570,12,53278,27327,373698
571,1,47348,17672,216088
571,2,48490,16063,219713
571,3,52030,21579,226096
571,4,45896,17727,227038
571,5,47779,19377,215632
571,6,46052,19745,209130
571,7,52126,16931,218908
571,8,48370,21353,213689
571,9,47298,15477,209452
571,10,51324,15995,209109
571,11,51513,16524,210413
571,12,50689,19718,213340
572,1,39902,12806,203583
572,2,43597,14597,187378
572,3,42481,13593,195757
572,4,37580,11692,192301
572,5,39650,12096,192711
572,6,42917,14510,192296
572,7,38472,14336,204111
572,8,36095,15361,199430
572,9,39067,12988,198011
572,10,42252,15297,204627
572,11,37360,11874,186001
572,12,37288,14505,197436
573,1,74525,49362,528724
573,2,72345,61785,530181
573,3,74127,50672,522537
573,4,71789,50965,521403
573,5,71154,57707,532604
573,6,66194,46926,516628
573,7,64795,45106,532573
573,8,63695,58918,516984
573,9,68364,50050,524356
573,10,63913,53232,514371
573,11,74922,56985,515471
573,12,69729,46917,523586
574,1,144824,103906,1034283
574,2,140749,99161,1024441
574,3,137771,78521,1027257
574,4,163983,95361,1028479
574,5,152489,91826,1039911
574,6,145135,77867,1024959
574,7,145338,87608,1029638
574,8,137015,78268,1038297
574,9,162255,98814,1041001
574,10,161334,107107,1031856
574,11,158687,90101,1025905
574,12,148305,87282,1027620
575,1,63717,23202,364750
575,2,72707,31099,373687
575,3,70297,29394,373661
575,4,63247,22706,364484
575,5,63766,26309,367048
575,6,76166,21921,375417
575,7,71343,27088,374247
575,8,63842,32360,356755
575,9,76144,25327,374167
575,10,69025,24986,368288
575,11,65796,29820,357822
575,12,76978,28616,366882
576,1,29208,10624,122876
576,2,30380,12450,113045
576,3,32224,9877,117495
576,4,27303,12716,125185
576,5,32932,13201,122721
576,6,28248,11287,117995
576,7,30704,12900,121724
576,8,31833,13311,117287
576,9,31392,13081,123323
576,10,32492,9079,112430
576,11,30336,11889,128356
576,12,30765,9274,127515
577,1,30134,15086,119584
577,2,27487,14970,120531
577,3,27589,12967,115064
577,4,31047,10648,127511
577,5,28466,15362,118155
577,6,32264,11090,131913
577,7,28009,12130,125981
577,8,28139,11610,124932
577,9,27922,10654,132166
577,10,30171,14876,126493
577,11,30231,15326,116053
577,12,31355,10886,131178
578,1,218265,83543,875867
578,2,190403,84486,886045
578,3,204924,118907,883065
578,4,198747,112354,886568
578,5,187650,112423,881482
578,6,199306,98444,891422
578,7,207034,112486,876042
578,8,200235,87626,880917
578,9,190797,102757,889247
578,10,191561,123481,877503
578,11,212269,115396,883743
578,12,209980,112348,880277
579,1,99721,59797,481059
579,2,108676,54962,484344
579,3,99793,66032,484705
579,4,102805,61469,489604
579,5,96536,53725,483896
579,6,105494,62051,492408
579,7,96524,50870,476870
579,8,92445,54363,493575
579,9,106090,58757,481821
579,10,102483,47804,489508
579,11,104138,66621,489136
579,12,91958,67189,477488
580,1,43423,16063,105784
580,2,41981,15299,103888
580,3,40220,13779,97985
580,4,38827,12924,106547
580,5,36265,15429,106128
580,6,41529,17442,102727
580,7,42688,13290,98954
580,8,39760,17809,107511
580,9,38509,13365,103717
580,10,40070,15339,91059
580,11,43743,16257,102606
580,12,36048,13315,107726
581,1,41439,22637,136950
581,2,40488,20206,142822
581,3,37757,22510,140577
581,4,40925,23571,130275
581,5,38352,17720,141620
581,6,37088,22218,140096
581,7,38887,22505,132317
581,8,37015,18555,132260
581,9,40107,16994,129873
581,10,37146,18929,137893
581,11,40523,22216,138415
581,12,41699,16670,128854
582,1,102146,45020,587517
582,2,102732,38931,593829
582,3,106766,34656,579385
582,4,103557,33939,583540
582,5,96105,41090,584367
582,6,91638,36492,584067
582,7,92009,39180,592869
582,8,94946,41611,590335
582,9,103329,36581,592039
582,10,104770,41949,578354
582,11,95904,40565,583964
582,12,93390,43567,584558
583,1,75337,35470,554567
583,2,68892,43522,560824
583,3,72761,46833,545615
583,4,72869,45267,556621
583,5,76468,38822,561020
583,6,76348,38440,550642
583,7,76317,47507,560916
583,8,72636,48766,551669
583,9,68695,38742,563284
583,10,75811,39829,562610
583,11,65327,35102,556930
583,12,68426,42726,551209
584,1,32604,11449,212961
584,2,31270,12150,225147
584,3,30724,12867,220762
584,4,27157,13875,214789
584,5,31541,12210,214027
584,6,32495,12887,212628
584,7,30594,13238,220552
584,8,27683,15442,220507
584,9,32834,11960,208279
584,10,27033,16032,206652
584,11,31177,15825,224955
584,12,28035,11703,222331
585,1,137843,63815,963627
585,2,158585,53483,957358
585,3,145980,54644,974254
585,4,159130,52022,973579
585,5,153004,64029,970596
585,6,142024,52026,959488
585,7,144555,52632,975111
585,8,141723,66766,970447
585,9,138700,60694,973943
585,10,147851,51641,958981
585,11,138672,63987,964191
585,12,139337,57876,969122
586,1,193647,95889,772381
586,2,188751,97230,762594
586,3,218326,95232,772232
586,4,189512,87632,768352
586,5,194022,74305,769705
586,6,207227,98620,767234
586,7,215418,83334,770814
586,8,188540,95828,768364
586,9,214446,74616,761630
586,10,207210,96974,776009
586,11,203458,88002,761011
586,12,180239,80254,771645
587,1,105944,70253,534154
587,2,102286,79826,535891
587,3,105979,85826,527338
587,4,96595,71857,527768
587,5,102843,71969,523574
587,6,102833,67753,537273
587,7,96510,58036,540487
587,8,95301,59308,529384
587,9,101895,69134,531110
587,10,96188,79177,531619
587,11,102863,83349,524332
587,12,97675,73155,526061
588,1,136609,91160,959269
588,2,163491,124658,949402
588,3,156815,118928,944560
588,4,137930,89812,949821
588,5,164294,117619,953699
588,6,135571,98507,949107
588,7,138242,91170,952589
588,8,140904,119497,960326
588,9,151389,106112,954435
588,10,159396,102258,957889
588,11,158756,105694,952655
588,12,156122,94069,945462
589,1,66685,49826,335013
589,2,65175,54528,328949
589,3,70701,47742,332010
589,4,69346,56826,332033
589,5,70122,51783,337853
589,6,68396,41357,330426
589,7,67362,51835,340260
589,8,64449,57446,330405
589,9,69746,60043,329671
589,10,69536,50859,332050
589,11,74666,46593,334913
589,12,65513,56373,342553
590,1,51554,28700,228526
590,2,48732,36054,228575
590,3,54647,31609,243970
590,4,48651,31574,232599
590,5,50363,32877,242441
590,6,52259,25798,242183
590,7,50327,30196,231727
590,8,54222,28192,232983
590,9,48355,29675,238838
590,10,54200,35288,234185
590,11,48732,36544,237737
590,12,52650,35234,228042
591,1,65539,23133,237075
591,2,69940,27262,231207
591,3,66605,23914,222808
591,4,63116,23886,229018
591,5,74931,21970,219964
591,6,63645,28069,221254
591,7,71547,26518,224057
591,8,73495,23307,231229
591,9,65537,29997,222658
591,10,66488,24193,236766
591,11,75364,27707,219619
591,12,75308,23926,219979
592,1,188700,151270,868223
592,2,181132,153218,866092
592,3,206318,136108,877461
592,4,203179,164174,869599
592,5,212963,124446,864664
592,6,218344,118871,875509
592,7,214628,143300,877009
592,8,214609,132436,876789
592,9,193891,156826,872549
592,10,189552,155286,881154
592,11,193755,151278,869929
592,12,207843,143961,870295
593,1,72507,34214,520410
593,2,65068,31563,510352
593,3,75089,23171,510000
593,4,72757,23042,504771
593,5,67324,31674,515831
593,6,67248,26077,519493
593,7,65724,30073,508773
593,8,64979,27447,517111
593,9,75693,33195,517895
593,10,72897,26596,513503
593,11,74938,28999,514907
593,12,74186,33822,506895
594,1,92775,67904,347124
594,2,108290,77827,337947
594,3,103062,81347,333658
594,4,92486,61266,337487
594,5,98453,61740,341228
594,6,107462,69508,339292
594,7,99712,81271,347505
594,8,106125,55594,344263
594,9,106420,56963,344763
594,10,107728,74761,330096
594,11,91367,67075,340575
594,12,101404,62600,335913
595,1,28730,16616,191091
595,2,29072,15859,188805
595,3,28550,11315,202138
595,4,31939,15474,197939
595,5,28276,14672,186737
595,6,29262,15079,195805
595,7,32947,16100,191426
595,8,30231,16698,198169
595,9,29814,11543,192934
595,10,28405,11681,198491
595,11,31556,11550,187511
595,12,29541,14187,190821
596,1,75057,41690,388771
596,2,76756,39913,399874
596,3,72963,28879,402091
596,4,75647,28781,401925
596,5,68955,36465,391569
596,6,65452,32786,395768
596,7,71857,40728,396795
596,8,70207,39992,394683
596,9,74693,40394,396898
596,10,72384,33190,403358
596,11,75848,28200,395050
596,12,76282,33894,401258
597,1,49359,23983,161005
597,2,45356,27937,142954
597,3,52470,23076,147775
597,4,53568,26236,149836
597,5,53435,23671,145174
597,6,46097,27755,157206
597,7,48541,29666,156256
597,8,52549,27711,143493
597,9,54470,24920,150634
597,10,48681,24228,142960
597,11,45146,26736,156842
597,12,45619,20439,148948
598,1,30043,14143,235386
598,2,27543,11374,235054
598,3,28556,12941,246155
598,4,32787,15123,229773
598,5,31542,12605,241274
598,6,31675,13845,232318
598,7,29333,12162,235724
598,8,32876,10883,240386
598,9,30763,12152,241868
598,10,27836,15626,246404
598,11,32325,11459,243913
598,12,31824,14807,232184
599,1,94615,77630,483265
599,2,102482,88319,480446
599,3,95182,86794,471274
599,4,97591,81264,485103
599,5,103896,87050,468909
599,6,91790,84638,475442
599,7,98311,69348,467724
599,8,91091,83200,468049
599,9,92635,74492,477864
599,10,105600,74911,482413
599,11,102914,67751,476989
599,12,92440,71584,477528
600,1,46363,28504,248921
600,2,54266,23187,239976
600,3,48824,19555,254383
600,4,46247,23537,242007
600,5,51438,27044,246560
600,6,47765,20463,246288
600,7,46689,19937,250341
600,8,50825,28065,248972
600,9,52957,22491,253144
600,10,48330,19777,258205
600,11,45623,20838,253275
600,12,50996,26087,255469
601,1,50925,21337,360294
601,2,46698,23598,355285
601,3,46730,19532,352598
601,4,52734,19838,360430
601,5,50442,21002,356774
601,6,45801,26050,359068
601,7,46512,25968,370383
601,8,49363,20937,365026
601,9,50798,25386,353536
601,10,51850,20735,367296
601,11,52429,23456,363744
601,12,49780,25932,365831
602,1,27892,24973,214832
602,2,29750,25371,225436
602,3,28492,19593,216825
602,4,32612,24754,216910
602,5,30803,21456,216067
602,6,31933,19076,224194
602,7,31724,21409,216041
602,8,29306,18154,220164
602,9,29143,20437,213068
602,10,31214,24250,207805
602,11,28031,22536,221232
602,12,28781,18342,217233
603,1,41145,15045,215028
603,2,42809,13628,222755
603,3,42169,12621,213611
603,4,42539,16109,206798
603,5,36346,13464,206988
603,6,41387,17744,219085
603,7,42979,17514,224490
603,8,43813,13292,213059
603,9,39203,16545,220477
603,10,39013,15426,217375
603,11,40392,13617,211530
603,12,40309,12874,221423
604,1,210142,112527,1165667
604,2,198967,125028,1173279
604,3,210702,141156,1173245
604,4,211895,143235,1172638
604,5,180047,113922,1181512
604,6,189745,119215,1177676
604,7,183274,137869,1176722
604,8,199669,104260,1177440
604,9,208386,118799,1172487
604,10,208506,118231,1180919
604,11,206689,113246,1174543
604,12,204073,154092,1169384
605,1,95166,83310,376756
605,2,105954,66377,388886
605,3,100770,89464,395200
605,4,98185,68759,391473
605,5,97937,63247,384972
605,6,94708,77887,378088
605,7,105875,73941,382259
605,8,102251,84829,391592
605,9,93608,65795,385461
605,10,103555,78692,377904
605,11,101284,71622,388602
605,12,92407,76096,384388
606,1,74897,45612,439845
606,2,64877,51892,434762
606,3,68948,56271,433949
606,4,70077,46946,444987
606,5,64211,56644,441361
606,6,69010,44476,434206
606,7,64069,52976,451876
606,8,74786,49502,440135
606,9,70544,47523,452838
606,10,71283,52405,444221
606,11,76164,48799,450357
606,12,69975,49730,440461
607,1,32167,16784,78181
607,2,29380,14876,63955
607,3,31806,13204,61335
607,4,28396,13185,69899
607,5,31889,14247,68171
607,6,32841,12298,68388
607,7,27887,16560,75536
607,8,32261,15151,61764
607,9,27372,15279,60547
607,10,31205,16895,61708
607,11,32542,15260,68792
607,12,32884,15327,69449
608,1,144601,73089,840917
608,2,153134,66723,837799
608,3,150565,64436,838323
608,4,163986,57543,828339
608,5,164974,61821,841612
608,6,143123,63266,827899
608,7,146060,78069,826865
608,8,141837,71211,830290
608,9,139394,79210,833403
608,10,155712,56631,828744
608,11,152852,61294,830420
608,12,147160,66187,839096
609,1,163252,98606,743113
609,2,139716,109313,730618
609,3,160094,86019,727542
609,4,152767,109375,728225
609,5,154332,83699,734975
609,6,146961,117223,736393
609,7,157074,109232,743764
609,8,139432,87932,738147
609,9,144838,93931,736920
609,10,135822,87640,724504
609,11,145216,111822,737028
609,12,139544,98453,727513
610,1,41594,32602,208986
610,2,39104,29397,192735
610,3,37834,29714,193401
610,4,42651,24937,197350
610,5,39463,23654,202369
610,6,41423,27730,200741
610,7,41874,23635,191351
610,8,42922,26466,199815
610,9,42467,32535,203460
610,10,38907,26994,200339
610,11,43126,32381,204962
610,12,43431,24272,196134
611,1,41555,26061,206381
611,2,38480,22604,194714
611,3,42034,22493,193123
611,4,39935,22363,196138
611,5,39769,20083,196619
611,6,39675,27392,206191
611,7,38651,24401,189873
611,8,40689,19800,195787
611,9,40988,25192,201171
611,10,40522,19210,193472
611,11,39097,27524,202976
611,12,42082,23808,191703
612,1,154913,75865,931141
612,2,154766,51721,943259
612,3,156561,52878,931393
612,4,153100,76345,940452
612,5,138267,58434,934838
612,6,140444,63860,933717
612,7,138077,70447,941059
612,8,161659,69055,932307
612,9,147757,62241,943874
612,10,161606,57321,943505
612,11,154851,59317,929920
612,12,147568,63825,936494
613,1,31081,9003,180779
613,2,29285,9230,169044
613,3,30952,10371,177952
613,4,32093,10568,179211
613,5,29320,10858,170853
613,6,29603,10717,179900
613,7,27308,9561,170860
613,8,31349,11483,181496
613,9,31498,9675,183080
613,10,30952,9804,182764
613,11,29510,10176,172648
613,12,32436,11138,180553
614,1,54176,42719,239240
614,2,50182,35564,235005
614,3,51775,37193,247431
614,4,50839,35751,236950
614,5,45570,31817,245688
614,6,54714,37961,237148
614,7,51913,38556,233005
614,8,46758,35410,235429
614,9,49990,40298,239242
614,10,48267,39553,247366
614,11,45921,35230,236987
614,12,48490,32508,234295
615,1,153584,51826,1010508
615,2,140027,53937,1004642
615,3,163571,54496,995898
615,4,155024,66942,1007644
615,5,160074,56787,1005804
615,6,154624,49724,997050
615,7,152959,57524,998151
615,8,158686,46495,1012016
615,9,145752,56347,1004094
615,10,154524,47648,995040
615,11,142568,56038,1002604
615,12,140613,56241,1005600
616,1,210491,142329,912256
616,2,186103,134406,919186
616,3,197676,155474,909568
616,4,190049,148493,911535
616,5,185040,141182,921574
616,6,182610,116026,917301
616,7,181240,155598,916476
616,8,202464,137085,916957
616,9,211163,130530,914305
616,10,191835,161639,908892
616,11,184923,158265,914493
616,12,216822,111509,905897
617,1,104406,77293,371676
617,2,105651,72455,387511
617,3,92488,68342,377426
617,4,101849,61376,373393
617,5,96704,56643,379815
617,6,103952,56911,376820
617,7,106085,58625,380002
617,8,103787,75272,384280
617,9,106502,57393,383287
617,10,98868,60890,378233
617,11,93288,66480,384454
617,12,90353,72208,386649
618,1,63494,40458,345984
618,2,75135,41493,356051
618,3,72501,51720,347813
618,4,72574,43606,341242
618,5,71195,45522,346799
618,6,75080,56167,357966
618,7,75107,50037,341640
618,8,74788,49022,348374
618,9,70714,41106,348401
618,10,68623,49825,343602
618,11,65666,44232,343383
618,12,65910,40261,346432
619,1,47497,26956,392140
619,2,47286,27221,395677
619,3,52805,30912,388012
619,4,46067,25260,393856
619,5,49818,29031,394875
619,6,53109,31594,400438
619,7,45310,25380,387093
619,8,54704,32401,385720
619,9,50328,35680,395251
619,10,47140,37045,385876
619,11,46991,29704,390401
619,12,53894,25960,392231
620,1,164096,94081,937657
620,2,154397,74447,935826
620,3,135433,76231,936171
620,4,135915,104871,942750
620,5,142079,85140,930049
620,6,161013,82639,943355
620,7,145650,92655,934545
620,8,162329,84609,933845
620,9,157704,75828,932516
620,10,163340,76696,933122
620,11,153912,96611,935428
620,12,147014,88095,934030
621,1,46939,33845,303509
621,2,46064,35935,306929
621,3,47160,33212,305396
621,4,47474,43068,301148
621,5,51735,42106,306832
621,6,52542,29408,301222
621,7,52739,41941,319709
621,8,48550,29409,304051
621,9,53478,32508,300911
621,10,46857,34897,308983
621,11,51970,33061,308971
621,12,52132,34208,307957
622,1,47745,37256,313539
622,2,51248,29611,327424
622,3,50988,43308,321984
622,4,48186,30331,326017
622,5,45564,32703,321568
622,6,46233,32950,329314
622,7,52184,40014,320823
622,8,45737,31363,316455
622,9,50165,35673,320154
622,10,53990,41635,323693
622,11,45602,33202,319070
622,12,53874,38638,331092
623,1,42876,25597,243484
623,2,43914,21198,241953
623,3,37271,20536,228669
623,4,39932,19487,243415
623,5,40523,22910,240875
623,6,37079,20130,228203
623,7,42668,19917,229944
623,8,37994,20634,233680
623,9,37973,19655,228783
623,10,40445,18658,229884
623,11,42733,23738,243944
623,12,37237,18083,245810
624,1,161468,102103,361385
624,2,154949,79196,368007
624,3,155145,95963,357488
624,4,158214,86691,359156
624,5,148885,85977,357563
624,6,162112,94621,355243
624,7,149795,81572,354244
624,8,137434,97081,369505
624,9,148729,90432,357124
624,10,158414,71235,365632
624,11,151507,69360,357946
624,12,157519,100055,362796
625,1,143258,79250,450761
625,2,138330,91950,452396
625,3,158234,78384,451949
625,4,148925,99067,455341
625,5,160099,94289,461929
625,6,150474,105256,452954
625,7,139223,96799,469066
625,8,136305,71463,454187
625,9,150320,101420,463719
625,10,136839,86344,457699
625,11,139019,82447,459575
625,12,163193,85034,452975
626,1,90643,73789,215600
626,2,92442,77822,224672
626,3,93609,55975,219024
626,4,99514,62696,229481
626,5,99027,58302,214332
626,6,93431,71146,219996
626,7,107649,73357,226295
626,8,102880,78018,213283
626,9,90267,63265,216621
626,10,96404,72916,226740
626,11,108417,57076,226953
626,12,109078,81899,212517
627,1,29993,19651,171362
627,2,31199,24950,160189
627,3,29783,20295,160957
627,4,30002,23867,172210
627,5,32417,25436,172027
627,6,29761,19842,172611
627,7,27146,18639,159673
627,8,29303,21613,157731
627,9,30896,19457,174320
627,10,31760,21752,172539
627,11,31520,26084,167752
627,12,28743,21854,160689
628,1,45419,36826,255977
628,2,46880,36853,260686
628,3,48056,38604,252698
628,4,46884,33424,255612
628,5,47802,37666,266011
628,6,52343,32076,265681
628,7,50515,40729,260511
628,8,45588,39212,254890
628,9,53747,34122,270081
628,10,54575,40417,263475
628,11,51510,40561,269694
628,12,52256,33824,251109
629,1,163505,105177,954493
629,2,162664,80741,959494
629,3,135754,116180,961243
629,4,142209,95539,954891
629,5,143524,85914,955019
629,6,161612,103594,967494
629,7,163288,91558,971062
629,8,160978,94977,963990
629,9,140286,98211,967046
629,10,142321,93482,966018
629,11,145089,101117,966100
629,12,157432,89431,967549
630,1,201099,140755,1174084
630,2,207086,127964,1176393
630,3,183626,126691,1178503
630,4,205768,154525,1173674
630,5,182950,116464,1178750
630,6,205790,158303,1181167
630,7,210335,143451,1174566
630,8,192652,119431,1169164
630,9,191123,163298,1176042
630,10,187869,116338,1173780
630,11,204626,148468,1169881
630,12,186759,153801,1172283
631,1,46880,31026,133042
631,2,51763,34763,123643
631,3,54718,39160,128655
631,4,54750,29876,121014
631,5,47910,41341,126413
631,6,45115,35475,116190
631,7,47900,38841,124371
631,8,52998,37153,121335
631,9,46351,37109,129430
631,10,47355,33262,118811
631,11,51477,37569,130996
631,12,48478,43801,125508
632,1,40789,30792,73276
632,2,36390,27639,92040
632,3,40528,25071,91527
632,4,39291,27206,78161
632,5,40738,31292,85188
632,6,43631,29311,90976
632,7,39501,22921,74065
632,8,43636,26675,77631
632,9,36510,30414,89356
632,10,38803,26900,83307
632,11,41745,30742,89990
632,12,40185,22947,79551
633,1,39452,25449,246324
633,2,41525,18684,240653
633,3,40931,26124,258091
633,4,37233,27075,248367
633,5,40978,22205,247654
633,6,43519,20649,245682
633,7,37784,22486,249502
633,8,43440,26469,243967
633,9,38548,23237,255042
633,10,43079,25589,242742
633,11,38047,21878,251794
633,12,41537,25865,244972
634,1,36591,25449,240029
634,2,37798,18084,237861
634,3,39848,24569,244349
634,4,40426,24141,247202
634,5,42330,24128,231324
634,6,43179,25002,235053
634,7,37704,19589,234821
634,8,41654,21235,237410
634,9,41217,23714,238798
634,10,38299,23012,238071
634,11,37161,26311,247311
634,12,36074,20387,229859
635,1,140275,107172,765968
635,2,159987,110603,773058
635,3,137018,90815,773968
635,4,149978,125898,780268
635,5,136795,104346,774771
635,6,144196,131498,774707
635,7,144148,102518,779053
635,8,142116,116325,780927
635,9,137532,105893,775555
635,10,141034,118086,779940
635,11,144322,118204,769828
635,12,154049,115898,768802
636,1,194017,83976,574684
636,2,192970,112704,579043
636,3,209923,94955,569510
636,4,181698,94992,569912
636,5,205525,83871,585418
636,6,197886,122997,585356
636,7,186852,112551,572903
636,8,213152,120043,584445
636,9,201895,84011,588273
636,10,206886,103885,586421
636,11,212695,111377,582638
636,12,214108,83892,572877
637,1,45138,26416,219284
637,2,48091,25611,215348
637,3,52802,30026,231121
637,4,50465,27438,212115
637,5,50319,30959,230404
637,6,51817,27434,218168
637,7,53307,32130,220360
637,8,49952,24688,222240
637,9,53135,32879,211639
637,10,45111,26164,221903
637,11,45769,27490,215914
637,12,46814,33302,229815
638,1,37864,26890,148399
638,2,39075,21723,154233
638,3,42875,29100,163787
638,4,41191,24374,147561
638,5,39683,24473,149103
638,6,41852,20671,156766
638,7,42042,25095,149348
638,8,43191,22093,159086
638,9,36220,26266,161815
638,10,42382,25965,165497
638,11,41605,20980,165649
638,12,38123,20366,158733
639,1,65377,58156,471763
639,2,71557,58128,458388
639,3,65324,43991,473871
639,4,65196,58188,467133
639,5,64253,59454,472532
639,6,67170,42309,473262
639,7,66407,50160,473768
639,8,64776,44726,472953
639,9,64613,60468,464151
639,10,64806,57126,458073
639,11,68831,46956,471524
639,12,76538,46192,468372
640,1,52945,38549,298513
640,2,46206,30978,296441
640,3,53033,37400,292026
640,4,46131,41201,303823
640,5,49858,41904,297268
640,6,52782,29443,301875
640,7,49387,42911,296790
640,8,54897,42441,294985
640,9,54466,38513,290683
640,10,54001,31187,288671
640,11,47858,29935,287681
640,12,52083,39356,294159
641,1,63916,35669,286254
641,2,65136,28556,296104
641,3,74644,27386,298184
641,4,76831,36389,298042
641,5,64596,33474,287057
641,6,74518,35648,286386
641,7,71856,32638,297266
641,8,64590,33631,297166
641,9,68729,38819,291915
641,10,68833,30985,293424
641,11,66995,32187,285966
641,12,70810,28958,297924
642,1,102168,79668,324885
642,2,104614,61102,319377
642,3,90555,62921,313034
642,4,100344,59394,312494
642,5,95977,69406,328062
642,6,108617,67993,314603
642,7,107810,80419,325238
642,8,106161,69042,324421
642,9,98163,71397,319461
642,10,98420,73261,324966
642,11,105060,78589,312532
642,12,106546,78151,315806
643,1,52539,32516,205435
643,2,50753,32279,209833
643,3,52988,42575,207918
643,4,53102,33366,215469
643,5,47216,42892,212899
643,6,51541,39451,216265
643,7,46872,35773,209603
643,8,54473,33908,221184
643,9,47174,40103,218056
643,10,51973,42738,214808
643,11,51138,31953,205541
643,12,52988,35512,215797
644,1,139863,108059,559483
644,2,157383,93481,559103
644,3,153989,107644,554881
644,4,135694,111999,560423
644,5,164009,104605,549731
644,6,135307,94374,562824
644,7,142982,119713,550742
644,8,142186,102195,554226
644,9,158647,102836,547905
644,10,140811,113635,543606
644,11,139791,93196,554670
644,12,151369,91934,560489
645,1,50112,32077,188428
645,2,45694,25917,189786
645,3,52119,29560,204041
645,4,47843,29562,195540
645,5,52852,23518,192989
645,6,54184,23785,197943
645,7,45674,24607,195930
645,8,54041,27255,203842
645,9,50440,25338,204811
645,10,50758,26435,203275
645,11,54923,27768,190771
645,12,52345,23428,188616
646,1,93012,60228,220551
646,2,108680,54973,222156
646,3,93385,46945,213052
646,4,95663,53283,220772
646,5,93718,54975,217531
646,6,92456,51446,217918
646,7,107673,42608,224039
646,8,98167,44730,228239
646,9,101587,47704,222327
646,10,97579,53551,222300
646,11,98534,44796,211753
646,12,92585,59754,210392
647,1,108469,73747,630560
647,2,90207,80644,641117
647,3,106677,62832,648045
647,4,109100,83119,636948
647,5,94674,58934,636875
647,6,109718,65382,632322
647,7,106832,65344,643664
647,8,91376,87527,637756
647,9,108059,62244,642740
647,10,98160,81344,648420
647,11,109861,61686,631698
647,12,96728,82252,635004
648,1,43041,21614,224114
648,2,36909,17010,215918
648,3,37238,22368,209479
648,4,36870,15873,215581
648,5,43856,21645,210333
648,6,37709,18874,215817
648,7,40940,19802,221893
648,8,36495,17971,220898
648,9,43352,18517,220005
648,10,37296,15750,225725
648,11,38285,16554,226500
648,12,39688,17458,225183
649,1,161791,71386,608577
649,2,140694,84650,612313
649,3,160209,72670,607386
649,4,164677,78946,593473
649,5,152751,96452,593577
649,6,145066,79019,606682
649,7,148855,81210,597751
649,8,161691,70771,606199
649,9,150004,91121,598072
649,10,164142,67382,593042
649,11,143588,72170,595941
649,12,140854,84969,605010
650,1,109152,59213,594708
650,2,94579,63037,590822
650,3,101935,50585,595321
650,4,104460,56692,599097
650,5,102771,58406,580590
650,6,102805,59328,593869
650,7,106616,51816,584127
650,8,104916,46654,590642
650,9,95800,53391,584896
650,10,90360,57647,597442
650,11,97574,61084,588713
650,12,103458,58078,597090
651,1,37071,26885,313032
651,2,40927,22538,311201
651,3,37016,24539,310023
651,4,41558,21857,309585
651,5,36896,26547,310417
651,6,39385,27684,310721
651,7,41915,26629,310288
651,8,43242,19117,306055
651,9,40875,26656,321904
651,10,39279,22835,315657
651,11,37633,21317,313995
651,12,40083,21637,319644
652,1,66843,39014,148747
652,2,76185,35591,151778
652,3,76702,51484,149779
652,4,66797,43095,148976
652,5,67983,42925,148383
652,6,73059,46892,149039
652,7,72651,38722,153398
652,8,67687,36408,155378
652,9,63065,50571,145768
652,10,73997,52261,157634
652,11,74102,41731,158138
652,12,64394,42804,157058
653,1,138346,84039,586044
653,2,154537,74683,576623
653,3,143914,60760,582293
653,4,143821,81417,575185
653,5,145905,66352,579023
653,6,140906,58541,584690
653,7,152590,67524,588114
653,8,139940,63781,592120
653,9,151260,66492,572741
653,10,163961,59439,576408
653,11,150050,60937,584715
653,12,159358,80300,587620
654,1,46964,24746,367691
654,2,47531,27201,375112
654,3,52579,20986,376666
654,4,49057,21010,381498
654,5,49913,24565,367289
654,6,47365,22291,371278
654,7,46079,25258,380851
654,8,51983,27799,382730
654,9,49420,28977,381535
654,10,51085,20848,381052
654,11,46305,20459,378385
654,12,52676,24263,371222
655,1,47248,29914,375474
655,2,49515,30914,383934
655,3,51750,24411,372675
655,4,47257,24488,370632
655,5,54468,32887,379413
655,6,52978,28826,366328
655,7,50714,29261,382156
655,8,46669,26267,366233
655,9,49027,28156,375118
655,10,52772,31305,371774
655,11,53606,34568,374448
655,12,46989,24083,375839
656,1,184141,70808,1372178
656,2,207385,71498,1376025
656,3,186691,84463,1367823
656,4,182092,87144,1368656
656,5,199108,84518,1375054
656,6,185929,76089,1370669
656,7,202321,73857,1370647
656,8,182518,76700,1367227
656,9,208863,64830,1373390
656,10,219271,83816,1372620
656,11,212458,65712,1363107
656,12,195455,80815,1377152
657,1,72059,29044,255344
657,2,75050,33378,262504
657,3,67619,33336,253420
657,4,72037,24582,248442
657,5,74008,25920,248474
657,6,64979,24661,260349
657,7,76464,26396,257947
657,8,68937,28999,251342
657,9,70600,33044,247606
657,10,75563,26335,260670
657,11,64631,32160,254466
657,12,68842,32939,262736
658,1,50184,36915,378812
658,2,54273,37406,390076
658,3,52497,33573,386487
658,4,51326,39829,374616
658,5,53681,40007,386147
658,6,45769,36443,379490
658,7,53401,35665,384852
658,8,48756,31857,387635
658,9,50502,36781,378103
658,10,46166,28388,373789
658,11,47196,39824,381058
658,12,54644,35712,385402
659,1,188715,152507,1003089
659,2,207686,128615,999105
659,3,200661,112384,998639
659,4,203085,113829,1011503
659,5,193020,149420,998942
659,6,186171,137952,1009617
659,7,190362,147660,999210
659,8,192528,122101,999357
659,9,207449,113694,1012227
659,10,204152,165185,1002464
659,11,213166,125079,994812
659,12,207576,140965,1012312
660,1,145658,93097,709473
660,2,164163,71340,715018
660,3,163061,70145,708409
660,4,158074,93753,721567
660,5,149536,94849,722842
660,6,142857,70188,717827
660,7,135431,74838,710547
660,8,156440,72625,716786
660,9,155055,98727,711214
660,10,145506,92275,710861
660,11,150173,91488,715119
660,12,140768,72855,704756
661,1,199303,114262,1041911
661,2,197864,135614,1029549
661,3,211653,108653,1024290
661,4,191181,108630,1035342
661,5,202604,105699,1040827
661,6,182871,113954,1029303
661,7,190266,132150,1034654
661,8,208976,130076,1041052
661,9,212028,128237,1034680
661,10,200057,110554,1030540
661,11,197090,104786,1031828
661,12,203759,135966,1041132
662,1,146529,95388,888673
662,2,142843,93801,876453
662,3,151925,105764,882671
662,4,164078,99385,874551
662,5,146888,103275,871519
662,6,157390,83371,877290
662,7,148474,85713,878277
662,8,146473,106544,885917
662,9,162809,83370,883855
662,10,154892,93779,890291
662,11,138469,78200,875829
662,12,157990,86620,883779
663,1,182481,148932,912133
663,2,198855,160262,904788
663,3,192086,114282,907955
663,4,202931,128361,901734
663,5,195928,125936,901614
663,6,206054,134161,921071
663,7,206290,163634,915360
663,8,197044,139054,902389
663,9,219314,145165,906967
663,10,196631,129389,917912
663,11,215048,143833,911298
663,12,185181,149641,911428
664,1,180551,97192,1113530
664,2,208714,71687,1097572
664,3,197585,91769,1112287
664,4,196636,89407,1112976
664,5,191029,88329,1099246
664,6,215191,92519,1113172
664,7,201950,80142,1110491
664,8,214716,89243,1101987
664,9,218612,94562,1105629
664,10,217718,89211,1098505
664,11,181301,78741,1112842
664,12,181591,96429,1101058
665,1,29123,17025,209028
665,2,31363,12676,217492
665,3,30683,11655,203567
665,4,30038,12458,205549
665,5,29540,14623,219919
665,6,31229,15396,207880
665,7,28112,12643,203940
665,8,30429,14853,220550
665,9,30840,16363,215500
665,10,30599,15657,202379
665,11,28517,15790,204586
665,12,32340,13381,210473
666,1,105189,73175,622947
666,2,105280,67209,616590
666,3,92696,64335,614214
666,4,91393,66189,611285
666,5,92384,65831,618697
666,6,91360,56402,615242
666,7,98887,73193,626846
666,8,109958,61575,625722
666,9,92009,60941,624165
666,10,109238,53697,620782
666,11,104035,68085,622183
666,12,107190,60881,611208
667,1,76636,38350,356298
667,2,73654,32146,366373
667,3,65668,35066,364170
667,4,64037,33007,367087
667,5,73625,31592,362626
667,6,73330,37217,368290
667,7,67604,32559,351543
667,8,73355,35247,369323
667,9,65962,33581,357836
667,10,74386,32278,356701
667,11,72589,38912,357909
667,12,70447,37815,368884
668,1,38346,22723,83871
668,2,40600,19226,84363
668,3,40523,17191,90104
668,4,42447,20804,75601
668,5,40873,20917,88015
668,6,39145,21067,81222
668,7,41321,23150,90484
668,8,42743,23378,84804
668,9,42880,24269,72755
668,10,40907,19951,82592
668,11,39779,24652,77879
668,12,43693,20104,75576
669,1,67451,39057,536724
669,2,67389,33252,543737
669,3,69831,36595,533550
669,4,73140,35361,541479
669,5,67859,37302,540066
669,6,68956,27265,530209
669,7,74752,28626,532180
669,8,65077,30151,530381
669,9,66622,27931,539591
669,10,74040,35647,531107
669,11,66270,38726,531024
669,12,74585,29794,547036
670,1,37666,22049,91383
670,2,42998,24566,96051
670,3,43917,20351,90498
670,4,43839,19885,98133
670,5,38870,20946,88985
670,6,43022,22250,98182
670,7,40217,18644,87667
670,8,39045,21766,91832
670,9,36701,22709,104667
670,10,37442,19812,101811
670,11,40714,21060,91817
670,12,42087,24812,103381
671,1,204186,99140,1442710
671,2,212368,96012,1459452
671,3,182137,96005,1445863
671,4,200704,126613,1460369
671,5,185776,119266,1460040
671,6,189111,128202,1458942
671,7,193299,97234,1450267
671,8,184070,132790,1447733
671,9,193331,114541,1445683
671,10,194091,96277,1444838
671,11,183681,100094,1446587
671,12,191539,111113,1445812
672,1,49749,18942,314886
672,2,53548,22866,325184
672,3,50375,23574,332878
672,4,45469,19557,316904
672,5,49431,22188,331783
672,6,50739,18512,320762
672,7,47582,18616,316746
672,8,46970,21446,313281
672,9,47727,24221,314897
672,10,45785,24780,316441
672,11,46170,23531,313195
672,12,51322,20353,323367
673,1,135113,95813,737023
673,2,136314,65245,723840
673,3,156877,82874,733222
673,4,137334,93113,722694
673,5,152041,68303,727135
673,6,142732,85966,742275
673,7,153500,72875,729469
673,8,160891,64705,740119
673,9,148283,72574,724664
673,10,135392,76869,735744
673,11,140653,90512,728700
673,12,156240,71014,737977
674,1,37909,25119,174774
674,2,41312,28181,165322
674,3,41189,24444,174097
674,4,43299,26028,180555
674,5,38959,24139,178782
674,6,40336,21520,166346
674,7,40966,28066,178449
674,8,41345,28463,178778
674,9,41964,23245,178665
674,10,40054,23277,179875
674,11,39541,22721,163963
674,12,41906,22252,169497
675,1,37657,15519,102469
675,2,37484,15788,112780
675,3,36469,15704,99159
675,4,38265,15215,114701
675,5,39600,13965,112284
675,6,36540,12097,110495
675,7,40232,11954,117459
675,8,43190,13376,115989
675,9,39947,12813,99236
675,10,38343,13189,104389
675,11,43729,12324,106859
675,12,41318,16043,112696
676,1,103088,61521,403225
676,2,91980,56053,402803
676,3,91462,55029,406929
676,4,100431,66428,408146
676,5,109184,67997,402089
676,6,108117,68336,399164
676,7,109942,51912,409995
676,8,101441,60034,405543
676,9,104876,58458,398290
676,10,95730,64253,391960
676,11,103189,66377,410311
676,12,103821,58516,402714
677,1,64585,34224,467489
677,2,69366,27457,460399
677,3,65431,32147,468404
677,4,67608,38764,471798
677,5,63569,26708,468233
677,6,64150,35015,462284
677,7,66631,35502,477748
677,8,63200,37167,471969
677,9,68076,35573,463725
677,10,69555,28751,474193
677,11,73129,30763,473851
677,12,74613,29862,461081
678,1,63027,38777,331219
678,2,72503,27410,332341
678,3,65122,39369,332255
678,4,70023,28913,339657
678,5,66735,33049,343019
678,6,67631,28115,332938
678,7,74902,36451,329330
678,8,74286,28645,327744
678,9,73443,33178,333495
678,10,69648,38033,332200
678,11,71836,37295,325069
678,12,70532,38163,334818
679,1,137350,90310,563826
679,2,150217,112636,552243
679,3,159401,104218,564438
679,4,144129,103334,563873
679,5,158962,107909,566153
679,6,158087,104090,565350
679,7,142548,110267,559437
679,8,145785,89417,550055
679,9,160731,113162,559981
679,10,139423,110137,555909
679,11,143009,78782,551357
679,12,143917,93168,554400
680,1,97391,42182,379859
680,2,91962,42549,384192
680,3,109768,44663,375083
680,4,109133,46185,385493
680,5,99857,53394,375677
680,6,101877,37584,373525
680,7,107493,41040,373011
680,8,108487,45950,376998
680,9,102857,46608,378987
680,10,106989,53376,386943
680,11,102525,45947,370481
680,12,92898,40328,385845
681,1,40285,27873,255349
681,2,41794,24216,249067
681,3,40390,24631,242465
681,4,39247,29605,252918
681,5,41013,29338,258505
681,6,39069,25266,250013
681,7,38245,29967,258875
681,8,42311,29532,250665
681,9,41111,29830,251678
681,10,38261,22481,251435
681,11,38193,28463,244663
681,12,36450,23063,256206
682,1,91318,54820,346649
682,2,92661,41354,345776
682,3,92240,51376,350627
682,4,103736,55903,356457
682,5,95274,47932,363713
682,6,108410,44857,350290
682,7,108426,42981,361413
682,8,103159,45337,359217
682,9,93976,47660,359276
682,10,94507,40913,360635
682,11,95035,48721,362577
682,12,95695,50255,349456
683,1,50826,40572,316081
683,2,53971,37406,317929
683,3,46060,31511,305720
683,4,49631,42666,321994
683,5,50098,37977,317342
683,6,48122,32458,315488
683,7,46388,40525,316711
683,8,51774,38915,319237
683,9,45748,30510,325261
683,10,50183,30956,317842
683,11,52144,36636,306096
683,12,53737,40071,306074
684,1,36810,14569,309053
684,2,39948,15791,315025
684,3,37415,13350,321174
684,4,43204,14105,315516
684,5,38452,13268,325837
684,6,43431,11944,321530
684,7,41157,15731,316460
684,8,40164,15418,312298
684,9,36411,17362,321027
684,10,41398,15868,311380
684,11,39452,12853,316665
684,12,39492,14863,317194
685,1,204612,118596,1139842
685,2,199881,98252,1135375
685,3,192848,104744,1129270
685,4,182907,98241,1128990
685,5,192108,110075,1138936
685,6,218018,91600,1146944
685,7,216058,88502,1137778
685,8,209538,109613,1140161
685,9,194908,101856,1137851
685,10,192932,113994,1147963
685,11,215166,109147,1131016
685,12,192598,85092,1145783
686,1,36143,18449,118449
686,2,41309,19036,127736
686,3,39275,19057,128079
686,4,43424,16279,117876
686,5,43281,16650,117149
686,6,38492,20125,116339
686,7,40062,17825,122531
686,8,38648,19621,118680
686,9,43108,18366,119268
686,10,38936,18817,132648
686,11,43840,16821,121282
686,12,36541,18288,121645
687,1,36856,23334,159243
687,2,36666,24024,156662
687,3,41057,21595,163854
687,4,42285,23453,166665
687,5,43046,24288,155718
687,6,43997,20339,153764
687,7,37133,19414,164069
687,8,43095,21020,161102
687,9,38725,24569,147429
687,10,37779,20020,160177
687,11,41546,22997,158698
687,12,38246,21975,158455
688,1,40839,23972,184367
688,2,41341,25306,183400
688,3,40930,24420,167057
688,4,41918,24730,175289
688,5,40220,22792,181392
688,6,41940,21339,176123
688,7,40832,27193,177384
688,8,43529,23467,164822
688,9,40099,26038,166295
688,10,36070,23544,177990
688,11,42252,19946,173087
688,12,40623,27928,179146
689,1,143488,52082,375646
689,2,150147,56075,379447
689,3,141466,62606,375500
689,4,135287,61102,366236
689,5,144161,64048,373391
689,6,147935,66304,374797
689,7,142645,71371,382365
689,8,146593,50534,375021
689,9,142303,62601,382262
689,10,146636,68026,382191
689,11,145797,59818,383207
689,12,137717,58718,375273
690,1,30828,15546,157183
690,2,28313,16359,159647
690,3,31953,15215,156845
690,4,31555,16533,163393
690,5,32373,18648,151027
690,6,28514,15166,153017
690,7,31043,14256,152461
690,8,31105,16596,157141
690,9,28567,15911,152977
690,10,28284,17531,152067
690,11,28652,16454,152357
690,12,27542,18783,168189
691,1,38620,18145,122696
691,2,39301,21962,115013
691,3,43319,18371,118692
691,4,40054,19123,123542
691,5,36216,21193,112023
691,6,41011,21193,110851
691,7,41061,15688,109187
691,8,41547,16008,114184
691,9,42398,17944,116616
691,10,41066,23122,114008
691,11,40681,16548,110827
691,12,42689,19167,109695
692,1,185002,103630,777062
692,2,199826,110837,773297
692,3,210389,101284,776595
692,4,206695,110327,776454
692,5,203124,107143,779446
692,6,214890,100269,776358
692,7,186222,79804,772370
692,8,210164,84351,777300
692,9,195890,93660,779852
692,10,184013,98162,777795
692,11,207164,78556,785328
692,12,194759,85721,780938
693,1,30574,19208,223628
693,2,27746,14723,223213
693,3,31856,20802,225275
693,4,28635,20934,217975
693,5,32542,17972,224030
693,6,28105,17592,232173
693,7,29513,19578,223401
693,8,31725,20502,220936
693,9,27733,16511,231739
693,10,30495,20591,233261
693,11,31850,20116,233454
693,12,28527,17814,233576
694,1,192360,130087,587527
694,2,188689,117674,592707
694,3,193368,99565,584757
694,4,202496,128336,586443
694,5,183833,125869,588932
694,6,184582,118046,579366
694,7,197813,120470,584193
694,8,194511,98638,584069
694,9,215219,110419,590045
694,10,215849,124801,588013
694,11,197476,128116,591423
694,12,204862,129161,580902
695,1,27235,9416,91997
695,2,27084,10783,99120
695,3,27135,9942,99646
695,4,27419,11150,86282
695,5,32099,12149,94950
695,6,32994,12953,93565
695,7,29966,10073,88682
695,8,28527,9248,90887
695,9,29941,9001,93104
695,10,29076,12868,95455
695,11,32290,12988,95472
695,12,30186,12019,84804
696,1,92768,60765,727072
696,2,95963,50946,724385
696,3,98556,66129,712941
696,4,108674,56491,716511
696,5,92116,72137,717868
696,6,101956,50467,719246
696,7,106727,56049,724615
696,8,96595,67209,726997
696,9,96332,66579,708580
696,10,101207,53877,718875
696,11,105445,56301,712749
696,12,104600,54140,715444
697,1,194326,123786,1393831
697,2,200770,101116,1386298
697,3,191205,94664,1400228
697,4,192854,115692,1394132
697,5,198683,120826,1405167
697,6,190164,99898,1398376
697,7,180284,93519,1399866
697,8,198653,120370,1389990
697,9,186238,94806,1394311
697,10,218442,99689,1397182
697,11,205691,95404,1400030
697,12,205160,122749,1390372
698,1,50299,30295,124982
698,2,51588,31324,113995
698,3,51092,24646,106796
698,4,46150,26317,110532
698,5,52132,24564,110343
698,6,45555,28613,111618
698,7,50592,31113,120971
698,8,53411,27287,120691
698,9,48854,27460,106856
698,10,52185,24957,105340
698,11,46797,28131,108990
698,12,46193,24406,110219
699,1,54234,22813,120469
699,2,51194,21921,133866
699,3,50897,20382,121609
699,4,50471,21843,122873
699,5,45077,16294,125634
699,6,48693,17257,124682
699,7,51172,16000,127808
699,8,47894,17093,121231
699,9,53490,18457,129259
699,10,51421,21714,125871
699,11,52196,22356,129170
699,12,52993,16051,128962
700,1,109853,69059,625190
700,2,105604,60226,614499
700,3,102427,72195,611862
700,4,99843,86094,615238
700,5,106610,81138,622495
700,6,101973,77686,615560
700,7,95771,87676,626732
700,8,100391,86361,620989
700,9,101542,63603,611718
700,10,91141,81772,629989
700,11,105020,65458,618449
700,12,93765,72997,621973
701,1,182867,119704,539157
701,2,202416,113962,536864
701,3,180661,89141,521790
701,4,219648,123295,526117
701,5,201820,116451,527030
701,6,197682,118948,534590
701,7,195087,97986,527637
701,8,211230,94993,531437
701,9,194099,96728,528547
701,10,204967,109893,527022
701,11,182641,86596,529762
701,12,182023,105711,528027
702,1,29257,12765,72500
702,2,31628,12587,74386
702,3,30006,14482,66961
702,4,27479,14283,67628
702,5,32588,12916,65439
702,6,28975,13827,76550
702,7,28516,14232,72351
702,8,28711,14484,77129
702,9,31837,12050,79523
702,10,27042,12203,80276
702,11,29797,9951,82286
702,12,29513,11824,77207
703,1,136770,65439,767913
703,2,161763,55933,775468
703,3,159436,70040,775226
703,4,151597,67201,761120
703,5,161784,62356,760917
703,6,159343,71987,771125
703,7,161244,52478,765313
703,8,164681,64460,757766
703,9,152424,73000,766148
703,10,161109,62789,765570
703,11,158714,61113,767599
703,12,162939,68654,770021
704,1,144582,76443,755565
704,2,158579,89620,748908
704,3,162941,96060,758719
704,4,150360,98521,759125
704,5,162220,105836,751776
704,6,156004,99731,763954
704,7,143494,84832,746795
704,8,161426,81382,755284
704,9,136192,85267,748447
704,10,159387,105076,754485
704,11,136543,107852,747865
704,12,137650,97350,752390
705,1,42650,17838,251465
705,2,38017,17791,254559
705,3,41412,18488,251733
705,4,39058,17803,244162
705,5,43540,18300,251645
705,6,41100,23618,253546
705,7,36575,23457,248956
705,8,37183,21337,251269
705,9,43487,20938,238220
705,10,41988,18510,257635
705,11,38184,23291,256033
705,12,38964,22243,246378
706,1,99630,75151,793840
706,2,103453,73203,778763
706,3,105594,59031,790451
706,4,102321,73170,796391
706,5,94439,63723,786148
706,6,106410,58975,794812
706,7,94827,72412,788693
706,8,94487,54622,778435
706,9,109737,74935,794298
706,10,103278,71723,788586
706,11,107965,56766,783994
706,12,94001,73973,782901
707,1,38783,29577,135250
707,2,40118,31519,134350
707,3,42149,35778,136232
707,4,41085,35135,132822
707,5,42208,24356,133737
707,6,43503,28649,137679
707,7,37810,29877,144574
707,8,41471,33869,147909
707,9,43724,24033,132451
707,10,37135,32468,129935
707,11,38223,26144,134187
707,12,37468,24476,142671
708,1,67808,32377,261136
708,2,73158,28665,262667
708,3,69194,25337,270073
708,4,65502,28970,254386
708,5,71793,25496,268251
708,6,63169,31785,264514
708,7,63778,29473,261099
708,8,65050,26514,269069
708,9,65187,31896,257491
708,10,67708,33506,254302
708,11,65519,26082,263311
708,12,72261,29222,259767
709,1,159337,93221,608200
709,2,155791,91057,627718
709,3,156780,84664,617644
709,4,147205,86339,619455
709,5,143290,103885,625893
709,6,153224,118193,618461
709,7,149611,80671,625754
709,8,135230,111874,614958
709,9,150716,89069,610113
709,10,142734,94844,608391
709,11,137007,83342,612752
709,12,141614,108082,626090
710,1,188706,80134,660522
710,2,203785,76560,659846
710,3,193141,71660,668521
710,4,214416,98036,655139
710,5,210485,82472,670879
710,6,201702,82622,661892
710,7,211147,92915,669244
710,8,214111,96911,651669
710,9,203371,99374,661440
710,10,211323,75563,651948
710,11,184043,98966,659264
710,12,202010,89586,664644
711,1,52520,33603,191910
711,2,53347,31536,191542
711,3,52977,30048,194932
711,4,54691,25701,203612
711,5,49862,25311,198785
711,6,51803,25914,197049
711,7,53203,28808,188047
711,8,50193,37841,193568
711,9,45886,26302,194790
711,10,45359,31621,202476
711,11,49186,35570,199153
711,12,48347,27761,199293
712,1,30231,22043,176812
712,2,31652,18502,182124
712,3,31067,22317,184309
712,4,31708,18322,184129
712,5,29193,21584,186889
712,6,28393,17126,195758
712,7,31579,23577,190503
712,8,29004,19746,179260
712,9,28173,24308,189970
712,10,27985,18392,184167
712,11,31732,19941,186386
712,12,32594,19454,179638
713,1,63351,37935,253522
713,2,71771,36181,251767
713,3,65859,48462,244627
713,4,67983,44661,251973
713,5,73105,35862,252432
713,6,66856,43721,253855
713,7,75634,39233,252945
713,8,71877,41145,243210
713,9,67197,38568,254457
713,10,72656,37866,248011
713,11,67828,49611,245813
713,12,73506,36894,258068
714,1,51802,24925,221709
714,2,46841,29153,223049
714,3,49328,28864,219015
714,4,52001,24543,208538
714,5,48936,29947,219111
714,6,48750,26819,225219
714,7,50727,28445,213684
714,8,52212,26959,223152
714,9,52144,27711,225532
714,10,53159,28596,219389
714,11,46809,30911,220813
714,12,51228,29460,220137
715,1,45669,21468,282755
715,2,53023,22993,281489
715,3,48021,26391,281707
715,4,49538,23809,292061
715,5,52705,22266,293922
715,6,45798,25675,290427
715,7,47240,25163,283523
715,8,45951,26585,280931
715,9,48644,24590,280268
715,10,53133,24665,283332
715,11,47917,27004,291338
715,12,45238,25555,285950
716,1,65495,39472,272274
716,2,65264,36762,276556
716,3,67958,30379,276908
716,4,72868,35567,277779
716,5,68533,29790,272234
716,6,63223,37762,277847
716,7,75309,40782,265890
716,8,66882,40831,274547
716,9,63188,29450,278683
716,10,73243,32975,274637
716,11,75757,38875,270550
716,12,64358,31450,270448
717,1,52074,37210,169044
717,2,54472,35184,163497
717,3,45094,34203,151224
717,4,51299,36613,150627
717,5,52372,32582,162532
717,6,51540,30090,160431
717,7,45722,34641,165070
717,8,47614,31750,168296
717,9,52431,26552,154609
717,10,47128,35124,150698
717,11,53458,31534,168508
717,12,50523,36235,154618
718,1,54370,23726,263009
718,2,51024,20922,265000
718,3,52014,24799,254630
718,4,48004,22823,260760
718,5,46233,28296,266764
718,6,46303,28324,262949
718,7,51593,26538,252020
718,8,53089,26320,264383
718,9,47468,21187,265230
718,10,52593,24147,263500
718,11,45473,27960,255469
718,12,48327,26011,259074
719,1,67088,42617,376311
719,2,68342,48025,364274
719,3,71786,47019,366917
719,4,76945,41130,365668
719,5,66203,46083,366021
719,6,66812,44345,367064
719,7,73745,46592,371840
719,8,76539,48249,362022
719,9,63282,35633,371312
719,10,71778,44621,371663
719,11,64591,50602,372503
719,12,63614,48518,376820
720,1,72274,31205,339836
720,2,65837,30133,340902
720,3,65064,35608,345824
720,4,67231,36645,339211
720,5,63974,38114,343289
720,6,68842,35489,356912
720,7,70615,31620,342966
720,8,67309,32695,339943
720,9,66726,38689,351699
720,10,65782,42977,344499
720,11,65668,34077,351635
720,12,74408,31996,344459
721,1,75768,51949,424181
721,2,73865,47390,432090
721,3,76761,54655,429080
721,4,70085,57949,440826
721,5,74920,44778,433969
721,6,63898,52892,422378
721,7,75385,41857,435191
721,8,75573,53000,437265
721,9,68751,61052,435510
721,10,68561,61171,437294
721,11,64483,58062,424624
721,12,76317,50210,435356
722,1,40097,16136,278228
722,2,42630,16935,288490
722,3,39577,19197,294106
722,4,36277,19913,289924
722,5,39150,16626,282755
722,6,38780,14521,287601
722,7,42544,14357,278022
722,8,37466,14665,291956
722,9,40204,20152,288958
722,10,36656,14877,296301
722,11,38115,20789,281799
722,12,38908,17304,291597
723,1,146812,45369,734062
723,2,160397,61741,730700
723,3,163317,58218,726414
723,4,135446,61979,735748
723,5,140327,53804,733793
723,6,156985,51829,720621
723,7,141832,61589,727809
723,8,141087,51386,720364
723,9,137058,61062,734358
723,10,153050,56772,732690
723,11,141774,57473,733745
723,12,145032,57016,730997
724,1,48318,22394,116874
724,2,45628,26329,123561
724,3,50109,19067,114778
724,4,54849,27946,115872
724,5,46460,23255,128139
724,6,54106,25022,111015
724,7,45464,28019,116084
724,8,53504,28111,109755
724,9,50802,23772,124832
724,10,50757,21820,128970
724,11,45212,26548,127339
724,12,45712,19922,126049
725,1,160686,83371,421159
725,2,153056,78019,413516
725,3,135988,79059,417448
725,4,150519,71956,413745
725,5,136302,62650,409868
725,6,164810,72989,422014
725,7,149524,76573,414958
725,8,137205,91256,426214
725,9,164104,78422,415536
725,10,144471,80597,424052
725,11,135311,62773,425105
725,12,142997,63228,412802
726,1,32739,18317,101045
726,2,27622,21640,99057
726,3,29752,21693,110263
726,4,29180,21927,108147
726,5,29325,19313,102322
726,6,27058,22189,104906
726,7,30918,24015,109580
726,8,31678,18752,100551
726,9,30817,21355,96854
726,10,31404,24343,107182
726,11,31257,19748,107736
726,12,27221,24344,112492
727,1,45489,25784,204761
727,2,49527,22731,213498
727,3,54424,25876,212956
727,4,51108,23334,204521
727,5,47827,23979,219999
727,6,45045,28476,215724
727,7,54006,29435,206623
727,8,52439,23911,213851
727,9,53171,20087,210059
727,10,47595,21567,216705
727,11,52007,26422,207759
727,12,54811,22387,214010
728,1,46786,35583,224497
728,2,48896,32154,241069
728,3,50355,38347,237408
728,4,45517,28091,226897
728,5,45227,38055,226863
728,6,48832,37823,238101
728,7,53073,37527,226613
728,8,47466,35585,227083
728,9,52527,28628,240950
728,10,45418,31653,225839
728,11,53422,29026,242884
728,12,47980,33851,238955
729,1,43905,16819,168245
729,2,38896,20016,168633
729,3,42385,22532,168674
729,4,42199,18626,177860
729,5,40916,22503,184754
729,6,36748,17480,172862
729,7,43426,22182,176624
729,8,38310,23839,172243
729,9,37373,24685,186785
729,10,40540,21241,181004
729,11,39079,17443,178400
729,12,42638,24589,175437
730,1,38330,15818,277825
730,2,39828,17476,284337
730,3,39245,16002,267700
730,4,43583,15606,281147
730,5,41895,14793,274870
730,6,41328,17955,276350
730,7,41868,19154,271285
730,8,42299,18473,283393
730,9,43573,18369,282622
730,10,41910,20424,265287
730,11,39813,18790,282611
730,12,41117,13782,284281
731,1,46777,41909,117757
731,2,48937,30817,114469
731,3,49152,33326,120425
731,4,49073,34675,124010
731,5,46880,42786,116716
731,6,53966,33981,121118
731,7,49933,39193,120834
731,8,46021,32090,107302
731,9,54107,29403,118462
731,10,54702,36990,119010
731,11,47630,37282,107630
731,12,52911,33736,106771
732,1,105911,47333,620737
732,2,104718,44142,617725
732,3,103353,55198,615606
732,4,92375,43470,605111
732,5,91554,50772,605730
732,6,90208,39117,608341
732,7,104977,55807,613613
732,8,98280,55674,605839
732,9,90020,49222,608618
732,10,95644,48466,617047
732,11,94602,40711,616626
732,12,97811,39607,610760
733,1,40387,26893,192846
733,2,39651,25905,200406
733,3,37794,21113,186873
733,4,40620,25637,188299
733,5,37343,28258,203770
733,6,41154,22501,198648
733,7,41813,22383,203898
733,8,37515,27053,185656
733,9,38105,27790,189272
733,10,39082,28035,196602
733,11,38140,30435,202590
733,12,42995,23266,196940
734,1,37595,20486,313580
734,2,36795,16949,300399
734,3,43072,20379,303085
734,4,43812,22885,319360
734,5,40956,22268,303497
734,6,43987,18500,314567
734,7,37396,21263,319719
734,8,40106,22686,314995
734,9,40469,20631,310436
734,10,39687,19823,307721
734,11,38521,19833,315994
734,12,36539,21510,310350
735,1,32343,20502,192932
735,2,27603,24067,204597
735,3,31189,16788,195605
735,4,32293,24899,199758
735,5,31131,20757,193604
735,6,30758,23135,194410
735,7,31959,18178,198702
735,8,28875,18327,193456
735,9,32687,21199,203825
735,10,29124,21826,192902
735,11,28473,16928,199024
735,12,29075,22600,188799
736,1,74953,50772,183423
736,2,63005,43665,169548
736,3,63357,57593,169501
736,4,73485,42487,180166
736,5,66715,58305,167103
736,6,76579,54375,176018
736,7,67977,50149,180494
736,8,66721,54989,166379
736,9,73791,52118,171781
736,10,72462,49923,176244
736,11,76488,58917,171504
736,12,75727,58801,182033
737,1,147633,53969,330756
737,2,140136,52486,320028
737,3,159561,51938,338097
737,4,160793,57986,320520
737,5,144704,51286,339246
737,6,143620,63480,323496
737,7,161921,52873,323184
737,8,147672,67405,331427
737,9,158191,59474,329947
737,10,145550,66443,332886
737,11,153476,65192,325266
737,12,156501,74420,331387
738,1,70358,26286,482286
738,2,69615,29646,474426
738,3,67087,26490,467709
738,4,72130,28080,479628
738,5,74206,28788,474997
738,6,63462,29107,465860
738,7,69851,25960,482965
738,8,69562,36934,483904
738,9,72006,32365,484920
738,10,65433,26783,466996
738,11,66075,30478,466797
738,12,70793,31852,479661
739,1,90127,38886,559979
739,2,92345,38477,559683
739,3,96762,32404,557529
739,4,98232,35465,572171
739,5,102996,39299,562288
739,6,95356,33497,558678
739,7,109051,39969,569657
739,8,105174,37375,566346
739,9,91136,37288,561725
739,10,91706,42504,575072
739,11,101140,41460,569115
739,12,95906,43503,559560
740,1,68993,33422,297910
740,2,71358,28096,307503
740,3,72995,26082,303581
740,4,75887,28152,295718
740,5,76737,23602,305721
740,6,75645,25941,297250
740,7,64264,26391,303899
740,8,70139,28657,307214
740,9,68532,31533,301153
740,10,72726,34156,301544
740,11,75229,33023,308213
740,12,63549,29368,296554
741,1,47055,21440,173578
741,2,49189,23420,175016
741,3,51603,24117,162817
741,4,54590,21124,169870
741,5,51824,22629,165821
741,6,47973,26608,161642
741,7,51127,25459,166875
741,8,45109,27455,169773
741,9,48509,25683,171628
741,10,51385,24318,163193
741,11,45873,27101,176585
741,12,52003,19760,168505
742,1,45861,25469,394885
742,2,46786,26932,383524
742,3,50439,23728,382808
742,4,47525,23222,388341
742,5,52235,31715,387722
742,6,50932,28556,381130
742,7,52547,31221,381479
742,8,49512,25173,394380
742,9,51190,30226,397407
742,10,48140,30615,383671
742,11,54818,27552,385380
742,12,49124,24462,397570
743,1,43238,21881,138822
743,2,36624,28162,150118
743,3,40491,22822,135367
743,4,40367,28800,148162
743,5,37393,27345,134777
743,6,39754,21886,145151
743,7,36185,21500,138877
743,8,38727,26577,146937
743,9,40210,22981,133510
743,10,41965,23039,135312
743,11,42132,27221,133606
743,12,36787,25637,141497
744,1,47389,31652,212233
744,2,53813,33644,204272
744,3,51199,32964,194489
744,4,51281,37174,203134
744,5,49542,33254,201462
744,6,50086,28258,202881
744,7,51514,36678,201374
744,8,46673,34021,197201
744,9,53364,34685,202583
744,10,45649,34062,207906
744,11,54486,27946,199031
744,12,51680,32393,202913
745,1,153026,58169,732460
745,2,144816,58118,722752
745,3,151323,52241,731828
745,4,164091,46024,722183
745,5,146444,59020,734105
745,6,147275,57395,728881
745,7,138436,59342,725578
745,8,154093,62101,725536
745,9,160221,49439,725523
745,10,141930,54316,736937
745,11,143317,49428,730783
745,12,144565,57630,727556
746,1,63916,42053,523993
746,2,71162,32209,520732
746,3,63126,39674,531629
746,4,73755,29594,524257
746,5,68203,39874,524529
746,6,65595,36588,529451
746,7,66166,32608,515260
746,8,68809,30215,525438
746,9,66379,40450,532033
746,10,67803,30874,520632
746,11,72932,35905,515556
746,12,73382,30941,528123
747,1,69018,22387,374288
747,2,63839,27130,372724
747,3,69378,28677,356029
747,4,69800,20351,355718
747,5,70132,23837,365346
747,6,75123,23379,364200
747,7,73636,25535,366035
747,8,68685,20446,361867
747,9,63804,25235,361387
747,10,72117,28250,359549
747,11,67039,29106,361624
747,12,64674,28114,354732
748,1,38442,22053,172195
748,2,40264,15486,172167
748,3,42163,20791,179090
748,4,36792,16730,181141
748,5,36502,21126,181579
748,6,41566,19286,184468
748,7,39226,21648,178090
748,8,42599,17845,186655
748,9,36825,22423,185113
748,10,40896,18358,180134
748,11,39063,20504,180234
748,12,43906,22358,179482
749,1,40083,14190,278962
749,2,37631,14258,280451
749,3,43204,16248,276972
749,4,39018,12352,275043
749,5,43244,13579,291871
749,6,36117,14176,285802
749,7,40025,11966,276003
749,8,42936,16264,289332
749,9,43111,16968,276467
749,10,42576,15435,276721
749,11,39185,16747,280480
749,12,37375,16376,280647
750,1,142217,108151,762612
750,2,149829,75522,769846
750,3,152869,86336,778778
750,4,158112,80596,764766
750,5,150960,97735,769282
750,6,136897,76295,772154
750,7,135670,95522,772694
750,8,139933,102594,769380
750,9,148784,74611,775424
750,10,150644,99908,781783
750,11,145855,108118,769867
750,12,152831,109068,780820
751,1,100331,33156,627246
751,2,101858,38662,624141
751,3,94375,38156,628409
751,4,106796,31411,628175
751,5,94324,34610,630104
751,6,92968,35230,625972
751,7,102969,42550,623920
751,8,106537,31891,625324
751,9,101273,39328,633529
751,10,91203,33609,634558
751,11,101962,34356,631291
751,12,109189,36973,637869
752,1,49613,34186,209556
752,2,51560,29583,199939
752,3,54277,24602,208222
752,4,47622,29783,201439
752,5,45798,30458,206207
752,6,53709,27751,203562
752,7,49936,23951,195567
752,8,46482,31279,200047
752,9,47104,32455,210652
752,10,47365,31023,195785
752,11,52576,31749,207898
752,12,47733,29617,199555
753,1,28887,14516,222595
753,2,32381,17880,229678
753,3,30023,14446,225814
753,4,29510,14784,233410
753,5,29844,18174,232659
753,6,31174,15450,229371
753,7,32875,18606,232902
753,8,27490,14872,216895
753,9,30930,13507,215068
753,10,27107,15574,226875
753,11,32563,16374,226831
753,12,27734,13739,219312
754,1,105497,57585,283633
754,2,103254,76941,283213
754,3,97576,62547,285298
754,4,93218,62071,283092
754,5,93788,68135,279974
754,6,104680,66656,269970
754,7,105917,56888,280554
754,8,91298,66653,280709
754,9,106382,59570,271315
754,10,93121,77389,268546
754,11,93740,63030,280502
754,12,94156,73080,271633
755,1,67877,42213,498681
755,2,64405,46609,502122
755,3,63906,42554,493527
755,4,75529,39352,494261
755,5,65502,39773,488601
755,6,75622,32234,485627
755,7,67699,45972,494033
755,8,74672,42776,491620
755,9,68357,41455,498158
755,10,75335,38510,488276
755,11,64882,37803,488438
755,12,64684,44017,495067
756,1,47698,19464,152655
756,2,46106,22391,140448
756,3,51670,23926,145177
756,4,46031,24429,153480
756,5,48936,19591,157093
756,6,45159,20157,153256
756,7,49760,19381,149641
756,8,49340,22305,152585
756,9,48521,21732,157094
756,10,53959,21710,152125
756,11,52002,22303,142310
756,12,45771,19930,154528
757,1,142422,57889,930976
757,2,152736,63184,943052
757,3,152059,79680,934960
757,4,139081,66765,932756
757,5,160489,76657,948943
757,6,158728,76681,949655
757,7,150037,70083,934474
757,8,162134,79961,941592
757,9,135816,73537,937854
757,10,144181,80398,931791
757,11,136242,65699,944740
757,12,155444,65655,938082
758,1,42853,16904,176288
758,2,40629,22330,174067
758,3,41563,21406,175698
758,4,40216,17722,164443
758,5,38884,17409,177530
758,6,37956,22242,162409
758,7,41721,19427,178934
758,8,38985,17468,178727
758,9,41139,19843,166771
758,10,38686,16833,162843
758,11,40193,21228,179420
758,12,42062,21976,162423
759,1,50077,28013,298978
759,2,46106,26067,283718
759,3,49423,23901,283604
759,4,51088,23959,287490
759,5,47593,23592,288166
759,6,53640,23297,289717
759,7,47048,21778,293386
759,8,52623,24426,287062
759,9,54550,20836,294022
759,10,52207,26688,298996
759,11,54354,27065,282693
759,12,46307,22011,287390
760,1,67555,35891,490668
760,2,73861,48482,487075
760,3,64723,44018,493854
760,4,69772,44781,502281
760,5,75820,52836,493352
760,6,66653,46340,501681
760,7,75268,42917,498992
760,8,68116,38317,485618
760,9,63345,37108,503497
760,10,69298,42715,496224
760,11,74096,49705,499562
760,12,76176,36809,495539
761,1,90150,76418,742556
761,2,96079,66493,738574
761,3,99415,72061,743770
761,4,96407,68134,748764
761,5,107973,69633,749419
761,6,106801,53270,757569
761,7,100773,56491,744091
761,8,107518,62329,746638
761,9,92464,61149,756139
761,10,105320,76049,744712
761,11,96723,59279,748559
761,12,91942,67004,742270
762,1,54371,30789,258588
762,2,50484,32442,250447
762,3,52357,29302,249802
762,4,50091,30205,257775
762,5,45008,28906,259909
762,6,47598,36461,256788
762,7,46386,28271,258138
762,8,48261,29740,242261
762,9,53445,26232,250364
762,10,48778,31878,254224
762,11,53340,33337,258732
762,12,46813,27833,245482
763,1,151281,61550,354628
763,2,143048,63328,352274
763,3,138873,70466,352386
763,4,152399,75332,347220
763,5,147260,62343,351415
763,6,158117,77047,362407
763,7,164662,63727,360530
763,8,152844,86676,352650
763,9,141422,77756,350699
763,10,146287,84766,355219
763,11,164746,61352,359609
763,12,155549,79329,346392
764,1,65194,30679,262163
764,2,73115,31602,255937
764,3,74477,28963,271694
764,4,70563,27784,266770
764,5,64840,30687,256920
764,6,74199,26042,265771
764,7,64946,27062,258223
764,8,68993,35068,272649
764,9,73960,27513,272441
764,10,68627,27636,256346
764,11,70357,30473,254514
764,12,76839,27724,255988
765,1,64963,26684,525575
765,2,66890,35294,523267
765,3,73644,37077,535390
765,4,75828,35694,525971
765,5,71688,26639,531377
765,6,75348,27472,522928
765,7,75204,35037,524327
765,8,68508,34081,523982
765,9,71497,26421,535142
765,10,72879,33565,524500
765,11,65119,38883,517446
765,12,75420,31400,521625
766,1,154816,84026,959295
766,2,137148,88411,951910
766,3,159062,78742,945131
766,4,151357,78223,947283
766,5,150396,114448,948377
766,6,145206,97495,960130
766,7,144168,112498,951168
766,8,135749,112857,946581
766,9,153951,89201,941156
766,10,144236,100671,947382
766,11,156984,88366,942848
766,12,138303,102855,955435
767,1,50294,40231,187918
767,2,46564,43906,199784
767,3,51756,29831,187371
767,4,53776,38221,202327
767,5,46271,38445,202895
767,6,52529,33034,190854
767,7,53056,33434,190162
767,8,45805,34585,194709
767,9,46968,32079,190483
767,10,53546,37927,198605
767,11,53486,41219,194291
767,12,52218,39942,194374
768,1,202657,59243,1088759
768,2,217458,83621,1076543
768,3,206413,63294,1088150
768,4,183972,66226,1075679
768,5,219730,69402,1086895
768,6,190793,66121,1089778
768,7,210669,80634,1093199
768,8,203151,85466,1079809
768,9,184828,76337,1076122
768,10,214593,84336,1086297
768,11,207290,81496,1079255
768,12,195158,79656,1085091
769,1,136382,88293,1015048
769,2,160930,75334,1016691
769,3,145211,82618,1013553
769,4,139800,96976,1011889
769,5,139143,75282,1006511
769,6,148895,90558,1015229
769,7,139994,75954,1007039
769,8,147297,86828,1006559
769,9,135861,88246,1020615
769,10,135535,93513,1009565
769,11,145594,80254,1023172
769,12,148934,81779,1018175
770,1,28726,10982,152672
770,2,32431,10656,145138
770,3,29197,15286,154039
770,4,30847,13923,139581
770,5,28267,10752,142412
770,6,31419,14008,156948
770,7,29956,15315,146654
770,8,29595,13458,147548
770,9,31498,15431,147771
770,10,31291,15364,147553
770,11,31400,15345,144039
770,12,27120,12995,146096
771,1,94875,56555,428900
771,2,102583,55553,438159
771,3,97386,63955,434911
771,4,102029,64570,430607
771,5,93905,63458,425052
771,6,93967,69402,432645
771,7,93636,54753,443850
771,8,100139,59452,427398
771,9,97149,66556,436147
771,10,102758,65006,425387
771,11,92561,67427,434669
771,12,91008,73095,440154
772,1,46633,19954,378136
772,2,47445,21700,387359
772,3,45812,19964,386313
772,4,50469,17751,388186
772,5,46825,16726,386249
772,6,45384,23594,386006
772,7,50666,20621,384596
772,8,54550,22944,382010
772,9,54782,22921,386338
772,10,49372,18727,391919
772,11,49449,20788,378268
772,12,47256,18738,380668
773,1,188634,109546,675449
773,2,183224,116315,669583
773,3,195499,122495,678837
773,4,194222,94227,664984
773,5,185065,84608,679736
773,6,191810,100361,675304
773,7,193605,112747,667795
773,8,189891,117446,660632
773,9,184642,118763,666934
773,10,209557,114765,669333
773,11,201915,114021,661286
773,12,210463,111461,674361
774,1,151268,68968,860905
774,2,157504,80177,864614
774,3,140453,60732,864534
774,4,144710,73212,860446
774,5,162982,56763,877276
774,6,161929,57934,869997
774,7,160956,80013,864235
774,8,148855,61864,875046
774,9,152601,58589,874731
774,10,151195,72118,863163
774,11,140944,78151,871730
774,12,150851,64683,866774
775,1,99537,51154,544643
775,2,91729,56214,541299
775,3,109035,56921,536947
775,4,107499,61099,543638
775,5,96050,55747,543011
775,6,93965,59010,540314
775,7,99652,48178,547212
775,8,98773,49895,548567
775,9,91268,66193,544526
775,10,100758,63305,537208
775,11,91666,46366,539520
775,12,93914,57802,534591
776,1,76461,33606,421233
776,2,65825,37374,423519
776,3,75518,30338,421742
776,4,67582,32098,433768
776,5,64911,30625,422015
776,6,64231,31169,427182
776,7,68924,35780,434282
776,8,68234,31084,419691
776,9,72160,30339,432777
776,10,67983,26586,427095
776,11,70533,33804,424198
776,12,71668,35411,435065
777,1,42577,21143,181838
777,2,38069,17808,181203
777,3,40176,17950,180513
777,4,38368,22778,169117
777,5,40343,26497,171945
777,6,41883,19547,165238
777,7,38346,22445,166647
777,8,40323,21542,180699
777,9,42419,26051,163932
777,10,41836,22584,165432
777,11,37078,22253,175380
777,12,36547,22809,170194
778,1,154020,75670,898725
778,2,149284,89377,908145
778,3,146622,97292,902803
778,4,137847,94132,897408
778,5,159170,97066,903068
778,6,156258,104308,915290
778,7,144283,85129,911939
778,8,155769,94801,907859
778,9,155344,109037,898060
778,10,135242,76577,910614
778,11,138537,98725,903814
778,12,144859,82358,909933
779,1,188425,113474,1046205
779,2,190954,143000,1045233
779,3,195603,135008,1046889
779,4,203740,137287,1049589
779,5,215544,156697,1041173
779,6,202758,140417,1042561
779,7,193320,123665,1036288
779,8,194203,106676,1047454
779,9,211317,150194,1036926
779,10,209469,126411,1051463
779,11,209686,143553,1032249
779,12,181730,143069,1036722
780,1,54858,30036,267018
780,2,48320,29972,254566
780,3,50695,29149,266482
780,4,51772,29909,267563
780,5,54612,26264,258257
780,6,52327,29271,272994
780,7,45551,25299,273989
780,8,48865,31296,269332
780,9,47754,31690,265746
780,10,53547,27049,260054
780,11,45947,23883,271524
780,12,47803,28908,258095
781,1,52837,36009,230806
781,2,54575,43264,244416
781,3,52278,36946,237012
781,4,50155,31788,231116
781,5,46585,32368,231670
781,6,46156,32965,245450
781,7,47206,40599,235367
781,8,52256,43368,231110
781,9,50024,39956,244629
781,10,46090,38981,240527
781,11,52986,34773,234854
781,12,54293,40459,248373
782,1,29023,13273,229310
782,2,32958,12274,241758
782,3,28119,9916,245668
782,4,31293,12616,247298
782,5,31959,11875,238700
782,6,28037,13546,248413
782,7,31613,13470,244011
782,8,28823,10624,247694
782,9,27775,11391,247798
782,10,31235,13623,247995
782,11,27891,11450,244025
782,12,28707,11274,242772
783,1,27113,23415,190009
783,2,30565,26242,198568
783,3,31272,25658,198959
783,4,32524,19597,198471
783,5,32237,18480,200763
783,6,32586,21977,196602
783,7,29722,23881,185162
783,8,32681,21916,195286
783,9,28496,22587,204043
783,10,28060,21076,194152
783,11,29531,23237,198192
783,12,32665,21153,189480
784,1,38227,24310,100116
784,2,43515,31591,98872
784,3,39118,28100,93061
784,4,40168,33035,106706
784,5,36818,29675,94296
784,6,40743,24721,97348
784,7,39255,25253,106231
784,8,42518,23590,105310
784,9,43705,24238,100562
784,10,37865,25105,95113
784,11,37189,30371,94983
784,12,42150,24388,102488
785,1,29680,10711,135879
785,2,31875,13993,146668
785,3,28186,11694,146671
785,4,31720,12394,134891
785,5,27373,12496,146167
785,6,29959,10737,145597
785,7,27968,11240,142490
785,8,30567,12369,132288
785,9,29530,14124,130335
785,10,31641,10781,132686
785,11,27670,10632,137309
785,12,27806,11893,140920
786,1,203510,91427,593265
786,2,187852,71619,591651
786,3,198844,99497,593576
786,4,208357,88077,597634
786,5,183279,78705,595815
786,6,216402,76183,600285
786,7,198257,67985,600492
786,8,184035,74277,591697
786,9,189769,89436,603572
786,10,194439,85958,594294
786,11,194609,67908,609446
786,12,188876,79079,591158
787,1,53970,25770,346841
787,2,53269,21760,340864
787,3,54751,26006,333727
787,4,49921,22760,347163
787,5,48781,20463,346712
787,6,47112,18041,347629
787,7,48935,21294,333644
787,8,49958,19026,346615
787,9,51429,19410,333531
787,10,49433,17930,341651
787,11,47499,19103,341569
787,12,48416,21400,346166
788,1,28408,21892,70163
788,2,32568,17215,67263
788,3,30803,17909,58651
788,4,31676,20665,56268
788,5,29599,18006,64383
788,6,30512,21622,69959
788,7,31998,15461,54559
788,8,28750,20210,72793
788,9,27334,20551,65481
788,10,31066,17868,56596
788,11,31861,17306,60046
788,12,29973,18660,57773
789,1,29744,9063,144349
789,2,30551,8951,147868
789,3,29791,11148,163012
789,4,31215,9486,146567
789,5,31949,9516,159254
789,6,29231,12264,161237
789,7,32330,8667,160126
789,8,29499,12276,162503
789,9,28021,9625,159545
789,10,30030,11576,152011
789,11,30437,11235,159174
789,12,30734,12293,163280
790,1,36516,21864,147084
790,2,39337,16728,136820
790,3,39084,17861,136344
790,4,36481,16104,150017
790,5,37801,14963,147021
790,6,41777,16725,150945
790,7,36838,17129,150937
790,8,36304,21163,133436
790,9,38307,17258,143514
790,10,38030,15355,138205
790,11,38852,17595,145612
790,12,43002,15582,151754
791,1,191053,117695,1376376
791,2,208640,127483,1379764
791,3,185656,110214,1377604
791,4,216204,136334,1368542
791,5,181102,150052,1386224
791,6,210572,148737,1387415
791,7,216178,117907,1379597
791,8,204383,113296,1387758
791,9,205889,113459,1369415
791,10,180889,105232,1378701
791,11,180866,111588,1369984
791,12,212496,109229,1381022
792,1,53521,28246,287325
792,2,53737,26863,271728
792,3,46117,28344,268924
792,4,51796,34720,282610
792,5,46043,33472,283908
792,6,53645,32408,286733
792,7,51262,32269,273235
792,8,52919,29550,279752
792,9,51424,37955,272636
792,10,47341,32678,271232
792,11,47060,27730,268106
792,12,54894,34337,283592
793,1,39271,14767,290175
793,2,40784,12293,302648
793,3,43834,14465,294933
793,4,37530,14092,296640
793,5,38668,14621,296736
793,6,40639,17431,296663
793,7,42854,17238,301477
793,8,40422,14924,291163
793,9,41881,14976,300020
793,10,43684,15319,302212
793,11,37707,16673,289300
793,12,41260,15482,304253
794,1,36737,22720,236041
794,2,41783,21881,231585
794,3,39106,23421,223160
794,4,42360,22677,237046
794,5,41527,21504,230460
794,6,40115,17376,236437
794,7,43933,23386,240883
794,8,38148,17308,227852
794,9,38961,21571,225912
794,10,41973,20772,224037
794,11,38848,21863,223484
794,12,38686,17918,237945
795,1,47405,16290,379173
795,2,53554,19261,377531
795,3,51043,20364,376149
795,4,46167,17396,365506
795,5,53558,20858,369629
795,6,46306,19196,370780
795,7,52029,18618,371300
795,8,50114,20863,367058
795,9,52309,17688,378805
795,10,46065,19723,363057
795,11,54239,17330,377507
795,12,51798,21514,365688
796,1,54536,30950,229958
796,2,51510,26631,225156
796,3,46088,31501,225531
796,4,53415,39855,233897
796,5,45248,31502,237315
796,6,54192,35685,234157
796,7,51224,27404,224852
796,8,45019,37156,232133
796,9,54621,29502,236937
796,10,51062,33889,239032
796,11,47684,33069,240640
796,12,48020,30105,242886
797,1,48549,36740,297768
797,2,54131,28884,296091
797,3,45576,35115,294963
797,4,52877,33739,301410
797,5,48624,31975,302111
797,6,52590,38282,286084
797,7,47744,28245,298224
797,8,53578,28601,284466
797,9,46416,31287,293689
797,10,52831,39497,285559
797,11,51273,38081,301959
797,12,54637,27018,296119
798,1,68285,33444,321011
798,2,70399,40567,328499
798,3,68348,42127,326496
798,4,71140,34734,337152
798,5,76717,42268,334059
798,6,64560,41342,328598
798,7,73218,35668,336310
798,8,70858,37207,319263
798,9,70998,40267,318050
798,10,64867,42835,335987
798,11,75925,38746,331348
798,12,64727,45008,321271
799,1,41257,21503,181957
799,2,37909,20378,191939
799,3,41282,16311,192387
799,4,42627,17166,187023
799,5,36248,20405,182318
799,6,42019,21426,194826
799,7,43328,21440,188102
799,8,37047,23226,180315
799,9,38342,17197,181614
799,10,39102,22502,192105
799,11,40136,19585,185790
799,12,37879,21592,188070
800,1,103385,59417,544338
800,2,93053,52462,547633
800,3,100078,72673,561066
800,4,94870,58507,554808
800,5,95897,74912,543887
800,6,97774,70779,558262
800,7,100323,64323,553192
800,8,100433,62538,550280
800,9,105004,60726,549015
800,10,102700,72344,549204
800,11,103522,63015,550822
800,12,107817,69328,549898
801,1,139094,81300,480709
801,2,151359,69200,479005
801,3,144505,63729,467257
801,4,155007,72755,484245
801,5,158455,58130,481163
801,6,145804,66879,484957
801,7,137868,65489,474744
801,8,139521,77995,473327
801,9,146530,61740,473144
801,10,161224,81398,471146
801,11,138202,64722,479057
801,12,161219,84921,467406
802,1,75743,40520,425260
802,2,71154,38556,424112
802,3,69036,41982,424430
802,4,71888,31052,428259
802,5,75870,46471,423934
802,6,76313,44563,433826
802,7,67875,37717,423193
802,8,71801,41549,424729
802,9,66487,43476,425508
802,10,70723,38630,431390
802,11,65736,32708,436720
802,12,72552,32973,432297
803,1,52321,20458,292263
803,2,49225,23944,290665
803,3,51750,24172,293053
803,4,48300,21472,279417
803,5,51581,19752,295281
803,6,49339,24313,286063
803,7,53720,21333,282178
803,8,49730,24340,282234
803,9,47502,21008,299172
803,10,47929,20053,284656
803,11,46369,19289,287422
803,12,54647,26675,292691
804,1,42964,25689,314579
804,2,37855,23239,299773
804,3,36275,26028,305560
804,4,37566,26532,318035
804,5,39697,22966,311901
804,6,38517,24502,309037
804,7,43194,25989,318223
804,8,40237,31037,301820
804,9,40875,21324,304547
804,10,43175,27954,306859
804,11,39741,29827,304192
804,12,39336,25734,302574
805,1,50280,28916,149759
805,2,46155,35700,144908
805,3,47632,31406,141561
805,4,47982,42416,156549
805,5,51126,38120,151803
805,6,53064,29630,142014
805,7,46692,33698,158359
805,8,51927,40670,140947
805,9,53676,40033,145552
805,10,49895,29721,141739
805,11,48974,42446,159682
805,12,54957,40130,145226
806,1,73528,40478,169859
806,2,75858,37437,179427
806,3,72059,32969,175711
806,4,71894,34704,167062
806,5,73302,36666,183180
806,6,70927,29411,171507
806,7,64911,36296,170987
806,8,67353,30157,175206
806,9,64740,37186,175860
806,10,67238,37278,183617
806,11,71484,36346,184838
806,12,69338,31238,178257
807,1,32192,20029,104823
807,2,28261,19890,103061
807,3,29176,21449,109816
807,4,31271,16263,105413
807,5,28381,20042,100826
807,6,28656,18458,100806
807,7,30884,18394,99061
807,8,29202,16655,103806
807,9,29522,17602,100253
807,10,28573,22166,100766
807,11,29689,22846,111888
807,12,32777,18674,110372
808,1,143524,57913,340784
808,2,137047,61501,353205
808,3,141837,60385,346404
808,4,162757,44960,353736
808,5,159848,58045,359277
808,6,136967,52891,344937
808,7,138764,51866,353413
808,8,144713,52498,351665
808,9,164209,42394,351877
808,10,154109,47446,356655
808,11,153961,46969,352331
808,12,162363,54200,355056
809,1,71638,37467,258499
809,2,74406,42005,263685
809,3,71228,29963,266975
809,4,64574,42195,260185
809,5,73701,34014,261102
809,6,75208,30029,257063
809,7,66877,43183,274981
809,8,73775,38009,262725
809,9,69810,42850,264487
809,10,68337,42235,274834
809,11,70403,34098,265079
809,12,65228,33436,274072
810,1,162143,91793,1154832
810,2,150270,112571,1143591
810,3,151926,104477,1157601
810,4,160133,89227,1149485
810,5,154016,97329,1141917
810,6,152437,115540,1161680
810,7,155805,113821,1151217
810,8,137682,131991,1160274
810,9,145992,121855,1157765
810,10,150129,99381,1156371
810,11,152801,126182,1142952
810,12,137234,112738,1161699
811,1,28203,15002,166633
811,2,29363,15999,178732
811,3,27477,21039,172772
811,4,28775,18990,173148
811,5,28182,17231,177642
811,6,30024,21199,168484
811,7,27454,18514,175622
811,8,30992,14974,172001
811,9,28079,14697,164258
811,10,28327,16076,175963
811,11,27088,14688,173986
811,12,29243,18876,169682
812,1,107143,32907,734798
812,2,90482,43764,730831
812,3,93908,39239,737642
812,4,106211,40952,735967
812,5,91003,34614,740633
812,6,95143,36808,739337
812,7,100919,39379,747374
812,8,93887,40118,728865
812,9,95877,32076,746209
812,10,107861,40463,735820
812,11,108447,36333,728722
812,12,106916,40218,742340
813,1,162768,55628,1110842
813,2,164883,52732,1099516
813,3,150900,44406,1101800
813,4,164268,53660,1094970
813,5,152269,63882,1108639
813,6,143999,60685,1110057
813,7,158375,53332,1108317
813,8,140626,61943,1094996
813,9,139863,58753,1108863
813,10,146367,61815,1112338
813,11,149320,52990,1113137
813,12,145353,45274,1108372
814,1,141204,94526,789656
814,2,152075,82629,788877
814,3,155817,79669,804366
814,4,139374,85049,795143
814,5,164780,80503,802833
814,6,140117,81125,788827
814,7,145418,91416,798464
814,8,160678,88712,796045
814,9,158016,71550,791968
814,10,150778,75617,797295
814,11,141248,90953,799185
814,12,153370,77132,790618
815,1,70079,38046,503850
815,2,74654,44162,496712
815,3,73394,36283,514443
815,4,67435,42120,497474
815,5,66620,34103,500313
815,6,70221,32427,496190
815,7,73239,30136,507075
815,8,65117,44948,510737
815,9,64528,33249,496056
815,10,64886,43498,501776
815,11,69723,33918,506156
815,12,70265,44161,496629
816,1,27384,8886,228896
816,2,31357,8443,232907
816,3,31075,10749,235831
816,4,31905,10748,227229
816,5,27788,9069,237200
816,6,32093,8896,233722
816,7,31358,11608,228114
816,8,29060,8700,235856
816,9,32456,10002,236328
816,10,31877,11090,236319
816,11,31393,12498,237218
816,12,27248,9175,230786
817,1,207823,75325,892423
817,2,206319,71369,897609
817,3,180281,89449,892560
817,4,182039,85922,901497
817,5,190061,93788,896249
817,6,182385,79530,889619
817,7,215609,96163,890359
817,8,182617,87185,898334
817,9,193966,72830,901018
817,10,191790,85914,889083
817,11,190397,98681,899575
817,12,204425,69080,897261
818,1,54329,19794,151306
818,2,53241,17342,140210
818,3,48715,17995,147385
818,4,47652,19528,138063
818,5,45200,19573,145934
818,6,46009,22844,157030
818,7,45823,18425,150035
818,8,54053,15625,145101
818,9,54160,19580,138459
818,10,47188,22811,142972
818,11,45984,17651,142591
818,12,53380,19339,141202
819,1,95150,39752,678892
819,2,103314,41388,693064
819,3,102408,37464,674572
819,4,98128,46160,680552
819,5,93252,38084,678661
819,6,94913,51024,681187
819,7,90064,42097,689413
819,8,93225,50965,680987
819,9,100870,37875,692495
819,10,109265,45758,678747
819,11,103239,44569,681709
819,12,98503,51672,690501
820,1,209593,92159,416464
820,2,192351,80205,406043
820,3,194256,95255,408137
820,4,211689,113559,413883
820,5,208305,96397,411877
820,6,215183,108409,415206
820,7,217195,113122,410926
820,8,201570,87519,421267
820,9,185861,95030,419067
820,10,190550,115596,424015
820,11,185177,83191,421285
820,12,187013,95045,417515
821,1,90528,62488,782129
821,2,93464,61824,789172
821,3,104221,64503,795997
821,4,98956,64223,795105
821,5,106257,60941,785963
821,6,100390,57828,781450
821,7,108749,66428,790725
821,8,92804,53122,786449
821,9,106227,60256,785691
821,10,102542,73292,786278
821,11,99404,69449,798784
821,12,100796,61865,782215
822,1,72958,28968,323939
822,2,64158,30884,321903
822,3,73101,21831,316503
822,4,69653,24482,313101
822,5,68592,21212,317869
822,6,64771,31363,320824
822,7,70489,22581,318606
822,8,69933,29060,324179
822,9,73810,21837,317181
822,10,63792,29746,317418
822,11,73442,24181,306101
822,12,68430,31330,314748
823,1,100098,44208,322419
823,2,97540,44772,334821
823,3,95205,40302,322020
823,4,109116,36885,326261
823,5,96712,35053,329437
823,6,102647,36263,330981
823,7,90820,45968,321370
823,8,96395,38467,326601
823,9,104878,40485,332470
823,10,101412,37517,322486
823,11,98688,35804,327909
823,12,95867,36008,328005
824,1,40840,22825,316718
824,2,42230,27059,308038
824,3,43788,29748,314281
824,4,42353,30564,318361
824,5,41835,23500,318625
824,6,39328,25380,322453
824,7,41558,25035,320269
824,8,43258,29403,305905
824,9,40035,23884,309660
824,10,41805,25487,304188
824,11,36256,22594,321078
824,12,40345,26992,308031
825,1,32176,9857,121680
825,2,32499,13811,134194
825,3,28512,10758,132528
825,4,30392,13759,124335
825,5,27916,12578,131584
825,6,30885,13817,122734
825,7,28508,10746,127163
825,8,32267,9863,136090
825,9,32015,11325,133288
825,10,28814,13835,129821
825,11,30313,10918,121726
825,12,31413,11149,128895
826,1,93132,62393,614529
826,2,95011,61070,614466
826,3,107212,49757,620140
826,4,104745,70590,624695
826,5,103214,58888,608002
826,6,104609,65912,622975
826,7,104276,50397,620959
826,8,108831,71654,613959
826,9,97642,55379,610561
826,10,101944,66977,606062
826,11,103472,71922,619940
826,12,108865,69714,617091
827,1,29510,15200,157379
827,2,29188,12510,157956
827,3,32246,11056,171188
827,4,31360,11683,175847
827,5,31688,13073,170145
827,6,28902,14842,161440
827,7,31845,14926,167694
827,8,29153,12844,162001
827,9,32673,12109,170905
827,10,32423,11939,160379
827,11,30507,14562,173884
827,12,32064,14488,166919
828,1,151955,50295,679816
828,2,142046,67547,685969
828,3,139080,61747,671732
828,4,162862,73160,686742
828,5,146689,71444,679652
828,6,139697,63370,672403
828,7,136262,61684,683901
828,8,149774,63636,679286
828,9,156698,59395,678706
828,10,147735,63908,685323
828,11,155255,66251,681759
828,12,158538,53143,682802
829,1,40819,26132,153247
829,2,40980,26427,145214
829,3,39986,24287,154254
829,4,41672,24521,142850
829,5,37750,26186,160544
829,6,37690,21747,142946
829,7,37417,31895,157381
829,8,42862,23175,142960
829,9,40818,28771,157145
829,10,38401,26576,142157
829,11,39217,24531,145441
829,12,40283,32369,151869
830,1,53203,26577,173859
830,2,51400,24992,170586
830,3,52634,25895,184154
830,4,45943,23279,185432
830,5,54359,23044,177269
830,6,46916,32849,188338
830,7,45783,30332,182314
830,8,54092,23023,188876
830,9,48560,24055,186111
830,10,50145,28616,171325
830,11,45230,29658,188173
830,12,49443,23904,184762
831,1,140925,106315,930807
831,2,164645,128324,938455
831,3,142823,123819,927625
831,4,152042,126348,933908
831,5,150074,123943,940606
831,6,141363,106501,940253
831,7,156697,102976,928284
831,8,154292,97093,936550
831,9,161885,114501,936169
831,10,145705,108438,931745
831,11,155852,125943,929872
831,12,160353,102156,934419
832,1,31504,16434,55687
832,2,28367,18436,56081
832,3,31888,16484,69857
832,4,27427,15305,60136
832,5,29063,13195,71669
832,6,29315,19141,71911
832,7,31700,15960,73735
832,8,30610,18095,70660
832,9,30744,13063,58930
832,10,31284,18424,73517
832,11,27509,17827,69592
832,12,27676,16298,60327
833,1,210825,90697,796337
833,2,192430,76954,802368
833,3,216699,91480,802269
833,4,184274,66572,798751
833,5,188870,87949,804055
833,6,188866,95375,810050
833,7,207792,77991,797674
833,8,213746,82861,806579
833,9,187354,87956,798771
833,10,202288,89082,802177
833,11,189558,82707,809482
833,12,214911,74029,815069
834,1,138309,83044,455188
834,2,155717,73290,446553
834,3,138644,76586,453341
834,4,148610,92799,455282
834,5,152660,75897,453798
834,6,162904,77140,452919
834,7,145213,94226,442078
834,8,146975,78520,458659
834,9,149348,93415,460110
834,10,157390,94510,460610
834,11,162665,96172,457148
834,12,155633,88801,456014
835,1,48951,30012,353911
835,2,47532,27028,361366
835,3,46436,33637,364470
835,4,50644,38374,353835
835,5,45230,34578,355905
835,6,47806,32004,364337
835,7,45209,38552,365510
835,8,47149,30330,358908
835,9,50023,31101,372765
835,10,45842,29824,372359
835,11,46930,28743,369714
835,12,49095,36193,356232
836,1,102658,41261,626583
836,2,95511,38337,623374
836,3,105184,29308,619327
836,4,92580,32079,636233
836,5,95034,36100,632782
836,6,109038,36926,625138
836,7,109600,35948,636257
836,8,104010,35917,621762
836,9,94449,41960,635201
836,10,101168,40039,625938
836,11,96557,31009,623040
836,12,108878,35866,631449
837,1,108266,46906,465008
837,2,109606,61464,473197
837,3,105864,65898,468525
837,4,90279,61964,472923
837,5,104901,64426,466562
837,6,109976,61000,475309
837,7,108271,54528,470138
837,8,101755,47103,471699
837,9,91030,68164,463999
837,10,90308,55951,467986
837,11,92350,65588,475441
837,12,109720,67396,472825
838,1,96473,64910,406753
838,2,93657,47268,402789
838,3,92399,48655,407015
838,4,94218,61649,401166
838,5,93069,64372,410339
838,6,106880,59136,418986
838,7,95226,58233,401647
838,8,101731,67446,419951
838,9,106381,59949,419571
838,10,100805,55442,410531
838,11,92385,52329,405555
838,12,90704,50470,419561
839,1,27346,18656,139919
839,2,30466,15420,132348
839,3,28033,17428,142423
839,4,30958,17722,126667
839,5,28276,17642,140196
839,6,29592,20648,139860
839,7,32597,18851,132353
839,8,28224,15814,138304
839,9,32690,17761,131089
839,10,28892,17671,131492
839,11,31715,22158,138494
839,12,29548,18792,130908
840,1,210373,62025,496714
840,2,200713,79557,496548
840,3,196754,82403,502635
840,4,201108,67038,488164
840,5,201289,67689,497430
840,6,185471,79014,496213
840,7,209313,58716,502061
840,8,201193,60752,499521
840,9,180613,83763,502658
840,10,204395,77741,493868
840,11,190195,79483,504890
840,12,196110,77706,489850
841,1,91175,58197,763766
841,2,99661,58122,775309
841,3,96172,47953,763825
841,4,107897,54296,771368
841,5,92748,55661,780775
841,6,101995,49919,766638
841,7,96920,53939,774507
841,8,105161,52129,762867
841,9,101607,57786,777616
841,10,91886,53537,780568
841,11,92577,45774,766315
841,12,109721,56936,772728
842,1,46611,37071,242968
842,2,51885,34232,244885
842,3,53741,35946,241411
842,4,52145,33997,232934
842,5,53553,37087,242745
842,6,53123,31132,226434
842,7,45340,29390,229574
842,8,46132,38299,227822
842,9,45282,32950,237966
842,10,51430,32045,238447
842,11,50310,30898,227761
842,12,46705,29552,240723
843,1,161336,104798,552401
843,2,163032,108983,544863
843,3,158983,95872,542531
843,4,143609,84750,548197
843,5,151246,82405,539543
843,6,147328,91610,551865
843,7,143516,108174,540073
843,8,148808,86153,544609
843,9,145828,101776,536272
843,10,152903,107001,535310
843,11,142131,96726,551612
843,12,142424,100595,543815
844,1,95613,64754,331948
844,2,102657,65281,330955
844,3,97013,69616,325904
844,4,108299,73452,327389
844,5,91504,62551,326369
844,6,101894,57279,330257
844,7,109848,53960,328076
844,8,103081,76181,325561
844,9,95327,53485,326951
844,10,104659,52768,331312
844,11,107525,52539,325940
844,12,98111,75481,330580
845,1,28647,15601,85841
845,2,29610,17114,93665
845,3,32242,21151,90573
845,4,27407,15023,79211
845,5,32717,14923,76194
845,6,28655,19623,82545
845,7,31107,19380,83917
845,8,31983,16233,88364
845,9,29570,20092,76235
845,10,30677,15470,87618
845,11,27954,20522,87187
845,12,31490,15559,90431
846,1,107795,74174,367926
846,2,103166,70765,365718
846,3,105343,63782,372399
846,4,91643,78388,362349
846,5,108235,68114,358140
846,6,101124,56890,369353
846,7,93990,72496,362447
846,8,94207,75941,366714
846,9,109430,75405,356111
846,10,91490,67384,366465
846,11,99146,67500,354922
846,12,93261,77664,366142
847,1,218221,100411,612762
847,2,219212,91725,604002
847,3,218869,94946,608649
847,4,190189,75124,613162
847,5,184105,101162,600137
847,6,195490,74587,607263
847,7,212111,75209,594689
847,8,203110,78077,602390
847,9,192509,72689,601876
847,10,185159,74319,599682
847,11,208786,69840,595918
847,12,202376,94333,604927
848,1,184004,142448,678759
848,2,188106,171369,684235
848,3,188861,145405,684458
848,4,196303,152283,671258
848,5,192422,139040,674590
848,6,215570,162465,681881
848,7,197749,133560,673898
848,8,205488,131874,684775
848,9,214093,158436,670159
848,10,210906,124373,688644
848,11,188559,157495,688147
848,12,190895,138230,683562
849,1,72204,26753,328906
849,2,75740,38533,327617
849,3,70514,38499,324908
849,4,63717,38491,334513
849,5,67466,31666,328211
849,6,70761,28001,337202
849,7,63606,30798,336633
849,8,64323,33839,334166
849,9,76561,32976,333333
849,10,71670,28031,319500
849,11,74219,32558,323535
849,12,65266,29912,334517
850,1,43057,23664,237035
850,2,39447,26878,229095
850,3,39169,27446,232854
850,4,43994,19475,230133
850,5,40123,21074,228602
850,6,40953,20839,240933
850,7,43036,20236,227888
850,8,37648,25007,231203
850,9,38402,28024,232682
850,10,41271,24174,235734
850,11,39564,26862,224893
850,12,41045,23524,230155
851,1,98933,54544,390744
851,2,97341,50786,387843
851,3,105976,56096,387680
851,4,109753,40678,393834
851,5,90819,41065,392060
851,6,97117,53993,380596
851,7,97421,46640,386813
851,8,91581,54603,393161
851,9,108757,54480,379937
851,10,96384,45151,384538
851,11,104591,41659,391801
851,12,109406,40632,382302
852,1,71129,51321,361671
852,2,75080,40958,347110
852,3,64845,42624,366283
852,4,75730,39812,353832
852,5,64189,52947,364251
852,6,73871,51930,351924
852,7,67600,41792,365876
852,8,66833,51962,365476
852,9,66343,40891,359111
852,10,69370,47291,359156
852,11,70785,44398,353761
852,12,71316,50065,349549
853,1,36039,23286,289706
853,2,40111,21197,288754
853,3,42889,17103,282751
853,4,39836,18273,291405
853,5,37064,23622,289057
853,6,41014,20448,293607
853,7,41082,22412,290895
853,8,40327,19788,278388
853,9,37944,16976,296019
853,10,43243,24506,285077
853,11,40029,23087,285093
853,12,37310,16977,294520
854,1,208226,163510,1221810
854,2,192083,149228,1208819
854,3,194067,157105,1207039
854,4,205442,155611,1204167
854,5,183594,119245,1204463
854,6,195553,149780,1211805
854,7,211225,116537,1218822
854,8,219865,133737,1221619
854,9,201547,127814,1207736
854,10,181984,122187,1214023
854,11,182608,148030,1209516
854,12,204304,162916,1222506
855,1,37912,20939,185149
855,2,39612,23303,185925
855,3,38844,18556,188064
855,4,37791,20413,183622
855,5,40089,20911,177738
855,6,42564,21250,184087
855,7,39649,16209,187124
855,8,41456,16648,184969
855,9,40285,22932,187038
855,10,42431,19048,177582
855,11,37324,20069,183255
855,12,40289,17737,173947
856,1,71267,43829,513620
856,2,76615,57624,513169
856,3,73913,58672,522414
856,4,75822,41706,524143
856,5,63463,47450,509550
856,6,67264,51872,510667
856,7,75842,44158,523203
856,8,71298,55919,506336
856,9,65000,50186,519568
856,10,71173,48437,517363
856,11,65748,45153,512484
856,12,69478,43184,505199
857,1,213484,153809,828887
857,2,189898,107412,825890
857,3,194233,126030,837265
857,4,214610,129756,835785
857,5,206682,147685,825027
857,6,181061,134540,833972
857,7,185660,130807,826495
857,8,218992,130658,839547
857,9,206057,120257,840256
857,10,218158,131064,833688
857,11,185883,123858,837879
857,12,180636,127882,841328
858,1,32199,17929,195621
858,2,28266,18766,202259
858,3,31265,17717,196604
858,4,30713,16652,185842
858,5,27700,14598,194427
858,6,31351,14437,192972
858,7,32982,14557,196989
858,8,28265,16379,202251
858,9,31554,19018,204373
858,10,28345,19730,186618
858,11,32050,18789,197193
858,12,30583,16311,201397
859,1,49547,17143,126264
859,2,49380,21948,118148
859,3,46917,21908,117137
859,4,47952,19787,125836
859,5,49460,16351,128140
859,6,51756,20825,129974
859,7,51373,21071,125917
859,8,48995,22690,129172
859,9,47168,20832,136098
859,10,50054,19160,133449
859,11,45262,17960,120153
859,12,52378,18855,131314
860,1,158748,51911,859366
860,2,146788,67457,864275
860,3,147317,48776,868733
860,4,160445,52480,862510
860,5,145960,55572,867237
860,6,143262,46509,859312
860,7,135545,66295,863977
860,8,141802,45464,857465
860,9,142334,59728,868905
860,10,139196,50105,868905
860,11,151934,55672,861947
860,12,139735,65209,866505
861,1,151668,62039,327869
861,2,152864,52192,333824
861,3,145996,63588,319580
861,4,147129,61396,332084
861,5,148968,56047,333782
861,6,136640,58851,321798
861,7,164629,56150,318905
861,8,155001,48248,318196
861,9,147201,58014,319973
861,10,157526,59199,322987
861,11,137409,53850,319635
861,12,145147,59032,326838
862,1,148787,113433,1169625
862,2,139827,91864,1162789
862,3,139148,119628,1171566
862,4,152250,94922,1174687
862,5,154157,115043,1177662
862,6,157386,99298,1165286
862,7,136676,112893,1165583
862,8,150296,109471,1176893
862,9,149786,119548,1172381
862,10,140136,106641,1166660
862,11,151097,110828,1161731
862,12,140276,86386,1167026
863,1,42732,20695,130998
863,2,42163,18340,133092
863,3,41825,18360,136659
863,4,42629,18137,138626
863,5,39302,16300,131796
863,6,39300,18580,122048
863,7,36475,18066,128362
863,8,38493,21210,127501
863,9,43724,18445,137337
863,10,36015,21219,129706
863,11,42857,20170,134332
863,12,39672,20566,123928
864,1,149600,78973,1063709
864,2,137020,74381,1061172
864,3,154423,66496,1059734
864,4,159881,70431,1061855
864,5,137125,75390,1063832
864,6,155499,59552,1044589
864,7,144688,70596,1055327
864,8,163773,71963,1052535
864,9,144753,72144,1051977
864,10,160464,85567,1055581
864,11,154571,74487,1052484
864,12,143239,62812,1047791
865,1,37945,30614,280546
865,2,42468,32084,294276
865,3,39476,24838,280263
865,4,37850,29814,296173
865,5,42304,25864,290916
865,6,38104,31012,291302
865,7,40175,24307,299265
865,8,36663,22678,287246
865,9,38696,33145,285236
865,10,38527,24867,287185
865,11,42652,29408,281033
865,12,42057,23885,290928
866,1,45348,22262,288554
866,2,52297,15527,295055
866,3,47202,22038,301221
866,4,53570,20150,299972
866,5,49129,19419,292167
866,6,47102,21328,306897
866,7,48071,21081,294927
866,8,47420,15198,288232
866,9,54532,16072,293833
866,10,45249,18963,306369
866,11,52904,20561,291971
866,12,50646,17423,297041
867,1,30430,16491,180578
867,2,32295,16061,188950
867,3,32933,17742,190857
867,4,29826,17020,192965
867,5,31813,19570,192219
867,6,27524,14510,174387
867,7,28831,13679,174241
867,8,31336,15345,186186
867,9,28534,18077,179161
867,10,27188,16194,188045
867,11,27643,13536,190016
867,12,30735,15576,178890
868,1,69880,23721,213805
868,2,70700,26756,199007
868,3,76521,32951,203946
868,4,73655,33048,203046
868,5,69756,25241,203024
868,6,69587,25170,205571
868,7,66575,28178,211314
868,8,73581,33108,200341
868,9,72497,33898,203958
868,10,75050,25470,202724
868,11,72546,25365,211422
868,12,64843,27062,211403
869,1,54578,25979,289118
869,2,49827,21810,289691
869,3,46969,30934,304977
869,4,50227,28290,299396
869,5,46810,28200,297413
869,6,45259,27413,290550
869,7,50903,30422,292923
869,8,48265,31441,302549
869,9,45731,25223,299244
869,10,49950,24323,290794
869,11,47850,30771,296772
869,12,52181,22779,298635
870,1,40978,27046,152301
870,2,38930,19644,145960
870,3,36322,25948,143686
870,4,43256,24002,156218
870,5,36181,21663,156144
870,6,41243,24658,157508
870,7,36171,22894,139270
870,8,36662,19153,143670
870,9,40731,19440,148168
870,10,36730,19922,144523
870,11,39907,27944,144535
870,12,42300,21068,155174
871,1,65754,39819,161998
871,2,66502,35785,170215
871,3,76672,47892,170202
871,4,65170,40139,174915
871,5,72463,34961,161687
871,6,70597,40221,164196
871,7,74158,49032,159604
871,8,64594,40855,168523
871,9,71287,45153,168769
871,10,75439,40501,160540
871,11,70663,39178,162166
871,12,65446,48909,174433
872,1,30477,15509,188328
872,2,31134,14855,181058
872,3,28481,15416,193386
872,4,28004,11087,184222
872,5,27248,11768,192607
872,6,29651,14823,184009
872,7,27268,11317,183601
872,8,31579,11679,180599
872,9,32325,15795,188477
872,10,29953,15928,187358
872,11,28355,13851,184472
872,12,31701,14792,184284
873,1,180989,119968,1213578
873,2,201690,123954,1220488
873,3,184697,121418,1222533
873,4,210364,119899,1223780
873,5,204372,154606,1227213
873,6,190799,151775,1231950
873,7,182552,165973,1223554
873,8,187411,161648,1231019
873,9,213274,164194,1217114
873,10,214031,149108,1217145
873,11,217006,116027,1227176
873,12,186984,115601,1215390
874,1,73810,30944,549601
874,2,75729,36394,544666
874,3,75489,41272,547360
874,4,73126,30998,546084
874,5,76248,40407,540864
874,6,66354,41441,546243
874,7,75137,42845,546854
874,8,66402,37735,543373
874,9,68834,29759,556838
874,10,72082,32113,553374
874,11,76039,32821,540382
874,12,76908,40783,554774
875,1,91379,36172,707102
875,2,94766,33070,703916
875,3,98267,30884,714195
875,4,98598,44299,719764
875,5,109169,35200,717854
875,6,102136,42305,702916
875,7,98390,34708,715248
875,8,100833,40055,705356
875,9,100743,37305,702269
875,10,107212,35553,705964
875,11,96958,33435,714892
875,12,105824,38444,715617
876,1,158565,92399,537427
876,2,159533,91317,545297
876,3,136937,94045,553072
876,4,147165,75509,536096
876,5,142609,82985,549234
876,6,151800,80762,540940
876,7,153718,98410,543849
876,8,138068,95127,550944
876,9,142065,98231,540427
876,10,138377,75125,552940
876,11,164729,104087,543407
876,12,153116,79404,552726
877,1,53507,32207,151711
877,2,54937,30400,147339
877,3,53714,31750,152569
877,4,50310,25519,166066
877,5,52241,29350,149743
877,6,50701,28478,163926
877,7,54356,28950,155282
877,8,51645,29052,156819
877,9,48858,28731,153828
877,10,53684,25939,163752
877,11,49941,32835,159765
877,12,47713,32157,154225
878,1,142684,109246,1174118
878,2,154978,84292,1175468
878,3,154467,92373,1171357
878,4,159168,99946,1178334
878,5,160467,101933,1166895
878,6,152827,103373,1175189
878,7,147139,80545,1167975
878,8,147325,111772,1179005
878,9,152200,90836,1175043
878,10,153193,92750,1163033
878,11,136350,86624,1162787
878,12,150166,91829,1171342
879,1,108315,70507,640655
879,2,94288,63120,632895
879,3,106989,61598,637485
879,4,109629,60245,628457
879,5,97199,57593,645167
879,6,103393,62246,633460
879,7,108271,67471,629022
879,8,108430,80305,641228
879,9,100310,57520,644914
879,10,96745,74593,644901
879,11,95679,77411,642495
879,12,91629,56124,645588
880,1,91998,42574,787842
880,2,100830,47589,796956
880,3,95414,35857,799935
880,4,99109,41600,798963
880,5,97114,42830,794259
880,6,100283,37044,792249
880,7,99310,48402,792196
880,8,92352,34362,796289
880,9,90397,41887,801995
880,10,105472,47122,784842
880,11,91314,49426,784430
880,12,106887,45032,798366
881,1,37925,15363,226686
881,2,40821,16726,227591
881,3,40346,14091,215714
881,4,39998,12952,228264
881,5,39242,16502,225701
881,6,43551,14156,221928
881,7,37620,14511,218975
881,8,37428,14916,223001
881,9,38178,15034,218173
881,10,36350,16944,220778
881,11,37262,13444,229433
881,12,37872,17917,222401
882,1,66650,41905,545524
882,2,65527,44997,542209
882,3,63125,43558,554370
882,4,64188,50763,561642
882,5,72371,55331,545807
882,6,64183,38245,554720
882,7,68607,43551,559033
882,8,64013,45530,552610
882,9,70860,43111,560721
882,10,73588,47594,549020
882,11,69675,50464,544385
882,12,71699,50490,557530
883,1,43668,33107,178748
883,2,39173,29454,181928
883,3,41533,32332,183612
883,4,38951,26899,176678
883,5,36411,26191,171777
883,6,40986,29479,169090
883,7,40462,34479,178212
883,8,37632,30109,177149
883,9,41151,28511,184316
883,10,39452,30280,182660
883,11,41632,31250,185615
883,12,38208,30772,169204
884,1,46580,22205,339049
884,2,50168,22416,344430
884,3,45969,23437,340328
884,4,52303,24748,337797
884,5,45098,18053,338669
884,6,54577,19805,337199
884,7,47564,22043,330567
884,8,49120,22778,329188
884,9,52177,24416,330754
884,10,45471,23184,325836
884,11,54734,25644,343072
884,12,49395,24018,337207
885,1,27840,19871,128927
885,2,30463,15429,134607
885,3,32892,17811,138856
885,4,30079,21798,127633
885,5,29015,21126,124162
885,6,28746,21197,133823
885,7,32692,21977,141054
885,8,27307,21361,138292
885,9,31048,16373,126602
885,10,29644,17217,128680
885,11,27651,21232,132603
885,12,31102,21812,130663
886,1,48509,33856,212166
886,2,52188,36351,213516
886,3,51201,29276,226203
886,4,54791,40212,229171
886,5,45554,33222,228437
886,6,51850,29478,229771
886,7,46436,37975,213105
886,8,49978,35603,229894
886,9,50177,43151,214675
886,10,54857,31316,226576
886,11,46915,29217,216643
886,12,49855,29253,228178
887,1,91537,59499,702608
887,2,103729,68184,704312
887,3,107918,52245,712373
887,4,91231,63548,714969
887,5,99505,51252,712381
887,6,91189,71610,702674
887,7,104746,50007,711256
887,8,92967,60555,711207
887,9,105513,62375,719645
887,10,94575,67910,715801
887,11,105127,59254,713628
887,12,106611,69909,707168
888,1,31554,11842,200763
888,2,28337,11288,195272
888,3,31418,11585,194424
888,4,32758,12163,197819
888,5,28301,11339,201517
888,6,30159,10075,198190
888,7,31982,12282,187607
888,8,27426,11786,186059
888,9,30437,12824,183686
888,10,27871,11428,195135
888,11,30084,9786,200516
888,12,31608,8867,191391
889,1,212219,131089,1192731
889,2,202190,168538,1186613
889,3,216741,118209,1198901
889,4,208351,118392,1197682
889,5,198726,165467,1203516
889,6,208126,163054,1191152
889,7,209338,153370,1199145
889,8,186599,171261,1203014
889,9,217111,138977,1198889
889,10,200518,122858,1198091
889,11,205220,157602,1204460
889,12,197644,136595,1191241
890,1,70228,24555,419691
890,2,65743,24273,415192
890,3,75893,23679,402073
890,4,63278,24590,407749
890,5,68306,26140,420042
890,6,70791,21746,417218
890,7,76591,29104,419126
890,8,74245,29344,418096
890,9,72201,25210,409966
890,10,75981,30901,413203
890,11,66602,22661,410647
890,12,70227,29637,401820
891,1,144023,45871,939302
891,2,162692,52945,944117
891,3,139463,55605,937041
891,4,149959,59754,928596
891,5,139619,52869,933703
891,6,154788,46705,937825
891,7,158053,61706,943641
891,8,163554,65503,944308
891,9,152951,66877,944974
891,10,140258,65811,932197
891,11,141102,67729,926319
891,12,161485,48489,940300
892,1,30822,18625,146511
892,2,31873,13742,151582
892,3,28296,14157,146103
892,4,30780,14872,149728
892,5,29014,16826,151224
892,6,27066,16817,154696
892,7,32030,17042,160491
892,8,31658,16369,159660
892,9,29485,17587,153584
892,10,29411,20338,150714
892,11,31831,14184,156784
892,12,28055,16314,159802
893,1,36785,13184,106236
893,2,40527,17094,106045
893,3,37446,15138,101886
893,4,36495,14709,108910
893,5,40223,16261,110142
893,6,39372,14641,107917
893,7,42652,12238,106457
893,8,38700,13582,119959
893,9,36322,11793,112772
893,10,41638,12313,110034
893,11,38480,13918,108005
893,12,41873,13655,103022
894,1,214699,111483,1343185
894,2,188386,126120,1353659
894,3,186878,99631,1343914
894,4,214209,100660,1356544
894,5,210370,85550,1343451
894,6,198522,115826,1345450
894,7,193621,92687,1341000
894,8,185031,86331,1352501
894,9,206892,104660,1356954
894,10,186196,107638,1349514
894,11,210000,96658,1351504
894,12,208920,108617,1339253
895,1,100717,40938,618143
895,2,99085,36051,621018
895,3,106603,37885,632781
895,4,109233,38627,621160
895,5,107425,46563,617485
895,6,99385,44818,623373
895,7,109455,40774,620818
895,8,102002,38487,614817
895,9,92386,45200,621703
895,10,106316,36924,625046
895,11,104960,38961,619843
895,12,108138,53743,624856
896,1,52300,26716,255296
896,2,51207,23441,255837
896,3,54134,26815,250202
896,4,53069,20759,249968
896,5,51441,25326,245624
896,6,52032,27626,253260
896,7,54226,24157,258741
896,8,49892,19990,252945
896,9,46009,23807,254832
896,10,46617,27124,246791
896,11,54186,21306,248336
896,12,54322,19840,260120
897,1,68742,34410,265561
897,2,73594,36278,269138
897,3,70706,30079,263072
897,4,72733,38321,259425
897,5,63809,34703,260536
897,6,73196,38852,257072
897,7,67756,33013,253951
897,8,63009,37835,263872
897,9,65934,36955,264762
897,10,72405,28015,259525
897,11,70254,27676,268449
897,12,67452,37098,269938
898,1,69200,32093,331564
898,2,66487,32841,329728
898,3,68642,34175,325689
898,4,75305,28892,332545
898,5,76249,36524,330525
898,6,76516,36194,318570
898,7,69325,29809,323604
898,8,72661,36214,322224
898,9,73753,27949,322666
898,10,73311,36998,333049
898,11,63944,31812,328388
898,12,70404,27484,329931
899,1,109734,44308,421847
899,2,109128,32069,438614
899,3,90735,46797,421422
899,4,94602,44230,423247
899,5,102206,33004,424672
899,6,105467,35082,421565
899,7,94443,42561,431038
899,8,102157,41304,433879
899,9,99875,46129,422862
899,10,102346,35761,437863
899,11,101144,37605,428934
899,12,97203,42872,420291
900,1,190002,131599,460971
900,2,186533,142330,455754
900,3,200179,158611,455774
900,4,184389,153945,455706
900,5,190541,125275,455135
900,6,218587,132821,470107
900,7,184823,149171,468519
900,8,186742,110846,459373
900,9,205853,152607,455392
900,10,192440,154842,471342
900,11,196599,139659,471647
900,12,203270,155561,472233
901,1,93083,70102,688720
901,2,97054,78408,701195
901,3,95305,68544,692947
901,4,94009,67682,686745
901,5,92622,74074,690588
901,6,101435,72490,700854
901,7,103610,62641,704452
901,8,104936,77778,687900
901,9,94788,75242,689122
901,10,97777,66525,700809
901,11,102217,61547,687700
901,12,102320,60199,689460
902,1,51068,31144,236078
902,2,49568,27726,251260
902,3,48365,35179,245109
902,4,53070,27022,247173
902,5,52787,29569,251772
902,6,52805,24917,246121
902,7,52180,34826,251268
902,8,52404,24261,237974
902,9,47868,34817,249190
902,10,46037,24168,244525
902,11,45718,32347,246821
902,12,49816,31045,242982
903,1,65100,29516,152682
903,2,69292,27222,149412
903,3,73407,27792,138996
903,4,70432,25320,148959
903,5,65307,26142,150279
903,6,63226,27874,145282
903,7,76695,23644,148791
903,8,63182,26523,148008
903,9,68065,32148,149952
903,10,71405,28469,139976
903,11,74823,31810,144046
903,12,64105,32632,150475
904,1,52231,19166,285596
904,2,54266,25644,299064
904,3,53191,20353,300650
904,4,52072,26769,289285
904,5,52678,22333,299880
904,6,53483,24356,304412
904,7,49339,22548,300078
904,8,45766,25376,301659
904,9,54936,22200,293863
904,10,48539,24619,296599
904,11,48441,25030,304670
904,12,53590,27753,293663
905,1,54221,23014,275486
905,2,50570,18610,279695
905,3,49641,20572,278905
905,4,54781,23540,271543
905,5,54460,22216,279357
905,6,52006,27378,272204
905,7,51143,24022,283434
905,8,49758,21271,275434
905,9,45203,21665,280797
905,10,52040,26075,281279
905,11,45226,26479,282053
905,12,47584,19803,269671
906,1,65511,32366,283347
906,2,68335,33663,287857
906,3,71221,31840,290017
906,4,65676,35117,286517
906,5,76500,39803,289720
906,6,73490,39449,291526
906,7,71510,43681,295526
906,8,68197,44645,299092
906,9,64708,37476,287695
906,10,64170,46328,292496
906,11,64022,42399,290732
906,12,64694,35802,293616
907,1,36097,30359,257645
907,2,39179,22408,254232
907,3,40572,23316,259528
907,4,42480,25787,246303
907,5,39429,25266,248904
907,6,42375,23763,261335
907,7,43806,26215,248615
907,8,39950,22645,258197
907,9,43582,24376,255746
907,10,43898,30626,265806
907,11,37971,24141,256370
907,12,36102,31849,248693
908,1,104996,48377,518096
908,2,103340,45498,523475
908,3,104098,39883,523180
908,4,107769,53556,531490
908,5,109069,37584,527520
908,6,109215,47558,517687
908,7,101114,38525,521848
908,8,107043,45719,536443
908,9,92350,44011,531294
908,10,104631,46865,522299
908,11,103232,36510,523955
908,12,96081,38096,518623
909,1,76649,41190,263210
909,2,69338,46070,253138
909,3,73064,43782,262762
909,4,70832,38398,259708
909,5,75537,38829,266045
909,6,69362,45034,258137
909,7,73437,43221,255632
909,8,74648,44077,267930
909,9,71287,44968,257398
909,10,68043,43522,258218
909,11,65590,36370,262085
909,12,75178,41076,250469
910,1,43149,13569,172822
910,2,41796,13025,162057
910,3,42818,15294,170600
910,4,43525,16885,169106
910,5,39234,12421,176201
910,6,37520,15678,160412
910,7,42555,11986,165495
910,8,43460,12895,172334
910,9,38121,16255,168488
910,10,40948,15795,169303
910,11,36938,11747,166787
910,12,36826,13752,177028
911,1,36900,27321,242455
911,2,36373,23636,250035
911,3,38455,25543,240655
911,4,39929,22496,244084
911,5,36643,30414,244352
911,6,43885,24853,241234
911,7,37983,30218,246232
911,8,40448,30541,243528
911,9,37504,29155,236824
911,10,43119,26649,240960
911,11,40133,28066,250209
911,12,37514,27889,239862
912,1,100004,55999,670760
912,2,104017,57082,672804
912,3,99998,55671,684348
912,4,103874,69811,684867
912,5,90988,51751,669932
912,6,107400,59330,682294
912,7,98415,59220,682706
912,8,99813,74397,681954
912,9,102241,72933,668961
912,10,96317,69891,674260
912,11,99632,73787,670315
912,12,104040,57164,681119
913,1,69380,22679,355905
913,2,64036,27455,345403
913,3,70313,26523,342035
913,4,63555,25633,353064
913,5,74138,21509,357002
913,6,69603,25009,341218
913,7,71332,26763,353106
913,8,74972,22466,352850
913,9,72174,24835,356372
913,10,69277,23083,341123
913,11,68247,28003,339414
913,12,69751,29843,349365
914,1,106768,43687,288158
914,2,100421,33720,300991
914,3,96949,39622,290408
914,4,105520,34584,297864
914,5,104833,46424,297157
914,6,102539,41118,293482
914,7,104249,47959,285349
914,8,98221,35091,300729
914,9,107120,42362,287422
914,10,95325,34029,300046
914,11,91923,36331,298036
914,12,98959,36974,282705
915,1,45219,41514,167683
915,2,50928,33535,157158
915,3,53767,35038,158314
915,4,53175,30191,160365
915,5,47576,42145,158290
915,6,52865,35567,159487
915,7,50749,30114,152360
915,8,45709,28815,152949
915,9,47715,33993,160889
915,10,51588,35678,164051
915,11,53566,32540,164315
915,12,47431,32291,154408
916,1,53049,36347,220620
916,2,54781,43258,229876
916,3,46359,33572,220477
916,4,46059,44567,218937
916,5,45974,38462,222035
916,6,46439,40454,229371
916,7,53949,38600,226965
916,8,48644,30623,219492
916,9,45733,31159,225331
916,10,51928,41510,222146
916,11,54377,39827,220761
916,12,49555,35724,222500
917,1,36192,17676,78750
917,2,40959,14962,89834
917,3,36915,12958,77917
917,4,41838,18460,83908
917,5,42302,16717,83127
917,6,38330,14630,77964
917,7,38067,13426,89358
917,8,39100,18039,78827
917,9,37145,18832,81248
917,10,38223,15915,94163
917,11,39906,17657,92088
917,12,41457,14295,92616
918,1,51558,29457,293176
918,2,47115,22125,304668
918,3,53504,24181,301265
918,4,54743,22278,308287
918,5,50128,23003,300842
918,6,54724,27144,299778
918,7,53494,25045,308374
918,8,54235,30804,296597
918,9,53548,31679,291625
918,10,51608,24544,303206
918,11,54680,21881,295758
918,12,50901,27155,302453
919,1,194953,70448,483648
919,2,210161,78710,479479
919,3,206813,58377,495700
919,4,191956,59642,484444
919,5,183504,66613,482286
919,6,200382,65737,484447
919,7,184171,83510,487679
919,8,186525,69125,498703
919,9,194178,57196,482477
919,10,196693,76195,481407
919,11,210918,73457,498083
919,12,184939,75380,493004
920,1,217715,99058,1405014
920,2,212756,84684,1409145
920,3,206722,89314,1416780
920,4,217970,90850,1406306
920,5,185100,101138,1418875
920,6,183052,89108,1415670
920,7,187603,81002,1419824
920,8,194298,109898,1412667
920,9,192480,111652,1412631
920,10,209963,112922,1413081
920,11,198938,94590,1404139
920,12,197089,119325,1402371
921,1,71881,43720,521865
921,2,67949,50691,508524
921,3,73159,45161,521689
921,4,69478,55467,511647
921,5,65824,47864,520645
921,6,66933,40965,511052
921,7,75976,59526,517132
921,8,71390,55629,516216
921,9,73231,56245,517278
921,10,75321,59768,513378
921,11,75640,60473,527222
921,12,68313,58766,518954
922,1,108425,76537,776064
922,2,104436,70017,776075
922,3,104696,78711,775756
922,4,94301,73081,785962
922,5,90795,64790,771698
922,6,109122,78386,782550
922,7,99626,55253,771008
922,8,109287,69331,777795
922,9,103664,55931,781567
922,10,98172,60714,780373
922,11,107514,63420,771341
922,12,100176,64675,787074
923,1,108299,49521,508013
923,2,103962,67328,508013
923,3,98755,53182,499964
923,4,108105,59713,498537
923,5,95457,68957,510959
923,6,107361,51864,504358
923,7,106151,60721,501849
923,8,105224,65242,492635
923,9,94039,70605,503097
923,10,96450,57912,506126
923,11,91990,56091,506010
923,12,109852,64927,494656
924,1,70584,45814,418814
924,2,64125,40756,411997
924,3,75533,57895,402780
924,4,75141,46395,402207
924,5,72064,41337,414581
924,6,75936,52822,404756
924,7,65884,49487,413453
924,8,66807,54590,416604
924,9,74963,51377,411479
924,10,67370,58978,411978
924,11,71219,57237,419328
924,12,74297,55160,409710
925,1,30688,16887,111921
925,2,28680,15458,116296
925,3,29372,17543,116111
925,4,28797,13142,101240
925,5,28329,16343,106499
925,6,31083,16290,117204
925,7,31834,12254,113701
925,8,32413,12390,108224
925,9,31409,12592,116624
925,10,29353,15471,102412
925,11,32681,13815,116724
925,12,27210,12171,117439
926,1,28931,13417,204647
926,2,32629,13825,197120
926,3,32875,12310,208291
926,4,27551,9665,205240
926,5,27365,11434,198668
926,6,32302,11223,196155
926,7,31089,11916,202913
926,8,27142,13436,199432
926,9,31861,13560,203333
926,10,30329,9706,208964
926,11,27182,13680,208425
926,12,29612,10607,195082
927,1,64836,33695,440795
927,2,66098,39791,438775
927,3,69229,35452,452545
927,4,67954,37495,438632
927,5,67153,30619,446775
927,6,76479,40161,451922
927,7,73930,37151,452356
927,8,71384,32964,437282
927,9,67333,37981,440787
927,10,73084,35247,434544
927,11,74986,42772,436746
927,12,68297,41874,449849
928,1,30584,15550,71835
928,2,28620,15365,57845
928,3,32323,11784,71428
928,4,31136,15988,66838
928,5,31148,15996,74803
928,6,32802,11686,60774
928,7,31439,16198,58969
928,8,28781,13131,65547
928,9,28461,14894,72150
928,10,32463,14964,55498
928,11,31253,13875,69658
928,12,27642,12236,69673
929,1,46469,37073,280015
929,2,49813,31839,291472
929,3,52569,36456,285890
929,4,51380,25640,288362
929,5,52203,32806,291313
929,6,54071,26214,278001
929,7,51850,29514,285792
929,8,46721,25069,279231
929,9,47353,33903,275787
929,10,54027,35460,284456
929,11,50560,33799,287865
929,12,53885,36271,290764
930,1,50727,25961,290111
930,2,54596,24930,289919
930,3,45569,25214,292202
930,4,45296,23469,288958
930,5,51413,28605,279126
930,6,50805,30929,280595
930,7,54747,28904,297424
930,8,54907,29199,287466
930,9,54176,24749,296044
930,10,48342,29075,287331
930,11,49542,24946,291199
930,12,49186,28936,279137
931,1,155649,114544,607241
931,2,142500,90556,597578
931,3,140797,87511,604061
931,4,161520,108350,604183
931,5,136330,83390,606884
931,6,160948,84124,592750
931,7,138291,86349,603745
931,8,150148,85722,601556
931,9,153814,118124,590056
931,10,142640,88825,602162
931,11,149443,98780,597881
931,12,139704,86173,598733
932,1,47526,19867,228840
932,2,45867,21030,227395
932,3,52532,21497,236607
932,4,51466,23897,238985
932,5,52867,17816,236591
932,6,51203,19477,240452
932,7,45890,22234,221608
932,8,50724,20317,226060
932,9,54806,23949,237915
932,10,53098,16691,231699
932,11,48762,17688,238600
932,12,49236,22342,234396
933,1,96588,53187,334008
933,2,99586,43211,322317
933,3,90633,56091,325587
933,4,93825,54272,333194
933,5,107133,59343,332628
933,6,91953,57170,333091
933,7,105977,43959,332086
933,8,106604,47193,333704
933,9,103517,43944,321737
933,10,103921,61106,337026
933,11,109770,56750,332636
933,12,100307,60301,330525
934,1,71972,32363,311614
934,2,66044,35402,311953
934,3,71553,32547,298247
934,4,74353,35025,307313
934,5,70843,37779,312575
934,6,75469,41179,306660
934,7,70906,43772,310826
934,8,76918,33532,310688
934,9,65283,36193,311139
934,10,67259,32453,310412
934,11,63735,43021,299074
934,12,67146,45537,299599
935,1,54264,17784,201754
935,2,46077,18377,199994
935,3,47783,20108,215746
935,4,46883,15791,219216
935,5,50598,16218,213046
935,6,47333,19877,205989
935,7,50040,17237,218667
935,8,50360,20140,204938
935,9,51329,18074,203653
935,10,53211,18103,217131
935,11,51658,20472,217280
935,12,48245,19014,214739
936,1,200442,137137,1101396
936,2,181346,129682,1102773
936,3,199676,123986,1100033
936,4,187418,159573,1102901
936,5,212904,163184,1104983
936,6,212633,144261,1092598
936,7,215851,169792,1104992
936,8,207736,168274,1102136
936,9,204602,163214,1102270
936,10,186343,162417,1098862
936,11,183524,148864,1090278
936,12,184272,149102,1088392
937,1,92992,37576,606719
937,2,99119,42002,613385
937,3,107631,40842,605389
937,4,107724,42706,605160
937,5,104824,31167,614220
937,6,90586,37428,616890
937,7,95397,37040,605186
937,8,107625,36679,621843
937,9,105653,32143,624589
937,10,93226,37192,615707
937,11,98567,34051,612667
937,12,98939,29942,606340
938,1,96004,42240,413010
938,2,93327,31917,406214
938,3,102314,28609,412806
938,4,108895,33299,403211
938,5,93897,32363,419057
938,6,105341,36476,408684
938,7,101790,34667,417002
938,8,96029,35397,410432
938,9,107396,38793,410673
938,10,90075,33604,416148
938,11,95031,41540,420926
938,12,109068,30577,410710
939,1,181894,104053,972708
939,2,192856,74936,978230
939,3,211275,92660,965718
939,4,192661,85679,974052
939,5,191113,92151,966338
939,6,215468,75442,966592
939,7,216550,84829,959864
939,8,180690,76502,976018
939,9,215640,69936,962851
939,10,194771,98611,962369
939,11,196717,91945,975185
939,12,218222,76724,961388
940,1,140085,107448,388217
940,2,145639,119294,390874
940,3,142473,99673,382257
940,4,144591,114486,394911
940,5,157450,92014,383593
940,6,138207,121294,390650
940,7,151708,90059,390876
940,8,137250,100804,381247
940,9,155288,123484,389545
940,10,142407,122138,381153
940,11,151820,97209,386309
940,12,152951,106400,377292
941,1,46927,37069,201247
941,2,47283,41621,197291
941,3,53117,33324,202903
941,4,50701,32113,191951
941,5,45176,34395,192822
941,6,47561,42038,198516
941,7,48337,32674,201821
941,8,52667,42467,198098
941,9,54674,38625,203963
941,10,49880,31923,201550
941,11,46955,32773,207279
941,12,46026,40578,207135
942,1,63142,44846,456409
942,2,65993,40242,464845
942,3,71669,46777,461679
942,4,70573,39890,454377
942,5,67299,38715,456500
942,6,73535,44848,459489
942,7,72754,37529,458537
942,8,68247,42830,460389
942,9,73549,35597,451200
942,10,74598,38623,465841
942,11,67019,40419,469719
942,12,69227,42337,460178
943,1,107045,66509,350246
943,2,90269,78900,357377
943,3,106317,64063,363096
943,4,97462,63899,349318
943,5,91020,78992,358529
943,6,109899,63026,364404
943,7,92001,75556,357450
943,8,109961,73333,350917
943,9,92126,78926,357207
943,10,97531,61610,349135
943,11,91506,56313,362995
943,12,91796,55124,357671
944,1,67997,32480,449307
944,2,63621,33451,441550
944,3,65279,34924,439949
944,4,70006,39796,441427
944,5,65536,42565,454529
944,6,66643,35807,452410
944,7,71723,30803,441898
944,8,68709,41828,443290
944,9,74696,29940,444455
944,10,64469,34922,457808
944,11,67601,31846,442680
944,12,70171,41006,440189
945,1,207793,74587,1571294
945,2,192273,70130,1555000
945,3,197263,75278,1564733
945,4,204027,83519,1570989
945,5,187634,69576,1560317
945,6,198862,65795,1572537
945,7,182953,84152,1571942
945,8,195567,90398,1566141
945,9,190787,67361,1570222
945,10,190245,79029,1562986
945,11,215133,71371,1569203
945,12,213495,71391,1559513
946,1,73976,39117,369608
946,2,66683,39074,366978
946,3,73426,30587,372321
946,4,64219,40077,373472
946,5,68985,34791,367360
946,6,73838,32226,362251
946,7,72005,30510,369389
946,8,63755,41335,379652
946,9,70560,33431,370904
946,10,66898,42175,380646
946,11,66947,31184,374215
946,12,63031,32328,372438
947,1,63506,56751,337110
947,2,63708,50258,349387
947,3,73650,42853,338318
947,4,71595,55315,341593
947,5,73076,51833,336537
947,6,72042,41880,340605
947,7,71200,46271,346683
947,8,65786,57186,337156
947,9,65062,56741,350081
947,10,74804,54796,353755
947,11,76985,41581,354193
947,12,72342,55096,349189
948,1,30534,21232,227698
948,2,31518,17402,222228
948,3,32198,22217,222414
948,4,30665,23795,216872
948,5,30633,19399,213961
948,6,31750,23750,218469
948,7,31378,22067,231241
948,8,28132,22435,219497
948,9,31715,21463,212945
948,10,27432,17868,216846
948,11,30488,20280,224020
948,12,32673,19132,225507
949,1,38992,27031,104294
949,2,36912,29344,102842
949,3,40935,28095,98321
949,4,36459,26046,103233
949,5,40781,27283,112373
949,6,41113,20702,96864
949,7,43930,21436,100746
949,8,42431,20549,107127
949,9,40845,28764,103158
949,10,37113,29041,115365
949,11,43166,26948,101832
949,12,42251,29142,96039
950,1,76349,42824,563255
950,2,66444,45151,549820
950,3,76302,47670,567107
950,4,73896,45521,564832
950,5,70183,51472,551713
950,6,68560,39215,560989
950,7,63576,40480,553996
950,8,69258,38104,561799
950,9,76004,37547,556971
950,10,71574,43716,566791
950,11,64085,49105,557588
950,12,68658,50438,558243
951,1,53648,19150,353879
951,2,50026,22487,352457
951,3,53499,22069,364660
951,4,50967,18651,356762
951,5,46825,20033,353775
951,6,53216,17435,356901
951,7,46213,20931,358309
951,8,47065,21258,359075
951,9,49903,16596,355771
951,10,54499,16077,363068
951,11,52086,21611,361690
951,12,45892,19144,348457
952,1,41241,19525,272788
952,2,40957,19010,272707
952,3,43854,23356,258649
952,4,43550,16460,253936
952,5,42666,20602,271454
952,6,36765,18040,260685
952,7,41231,19695,263741
952,8,41151,18395,259252
952,9,40451,19909,271542
952,10,43482,16288,272479
952,11,38772,21135,265463
952,12,37525,23173,262250
953,1,213883,70810,1057194
953,2,203930,69443,1057831
953,3,198256,82284,1057068
953,4,204628,73191,1060907
953,5,200476,89837,1067148
953,6,206813,86459,1059113
953,7,218351,73695,1051905
953,8,203818,96360,1062463
953,9,205813,95289,1058678
953,10,214127,93916,1058550
953,11,214875,82998,1058921
953,12,205158,71004,1053939
954,1,105687,60714,718070
954,2,107494,68940,712128
954,3,107816,63285,716624
954,4,95453,63997,724729
954,5,101045,70726,714076
954,6,98260,66181,718350
954,7,91088,77983,717754
954,8,102644,78563,719654
954,9,95256,77794,725246
954,10,108418,75762,726557
954,11,100110,71527,724265
954,12,99403,61992,720283
955,1,149174,95542,621428
955,2,135856,87838,626221
955,3,156700,106213,623175
955,4,147335,109554,636159
955,5,146216,102527,625407
955,6,154579,92950,618457
955,7,149714,107999,627999
955,8,142193,99200,629930
955,9,141606,82100,621548
955,10,158193,114083,620339
955,11,140582,104946,631841
955,12,162370,99427,636812
956,1,154178,104633,878457
956,2,143718,110292,874949
956,3,140739,98494,872618
956,4,156089,104305,880928
956,5,149185,94216,871760
956,6,151676,94743,863294
956,7,142352,123644,875513
956,8,149446,112313,873008
956,9,155073,107407,867700
956,10,161917,112026,868804
956,11,150398,99905,871258
956,12,158750,109899,867403
957,1,31282,21096,216147
957,2,32309,15886,217140
957,3,28694,21559,216600
957,4,32691,17286,201288
957,5,31379,21196,212455
957,6,27746,19013,212755
957,7,28259,15150,201498
957,8,27532,18775,213942
957,9,28764,20329,211475
957,10,28459,16555,212156
957,11,31378,15660,213793
957,12,31895,20350,208997
958,1,91300,52556,756461
958,2,98155,62153,750264
958,3,90010,50396,753824
958,4,101023,52643,761567
958,5,109062,54025,768526
958,6,105762,58447,751753
958,7,96226,54409,762364
958,8,92594,56344,758983
958,9,100988,49561,761460
958,10,90538,56883,751060
958,11,95376,50421,750783
958,12,109170,43811,752858
959,1,91572,39244,398180
959,2,106789,41649,403702
959,3,90322,49098,398965
959,4,91558,47256,403962
959,5,103245,41358,385918
959,6,102354,49431,390905
959,7,105487,52180,390617
959,8,96144,45309,397665
959,9,91605,52627,391862
959,10,100943,35691,394351
959,11,95264,43876,396556
959,12,99279,43619,402814
960,1,53324,35051,315112
960,2,51267,29448,305119
960,3,52408,41585,308914
960,4,48319,39595,298200
960,5,49200,29649,308586
960,6,54580,35124,300677
960,7,46901,41723,312661
960,8,51243,31179,315551
960,9,50510,36219,303389
960,10,50812,33669,297533
960,11,54987,41106,298153
960,12,54315,38132,308623
961,1,31879,23288,244510
961,2,29131,23287,235129
961,3,31956,23720,232221
961,4,29548,20344,229008
961,5,31566,16486,232777
961,6,29218,20470,236354
961,7,31555,19012,233387
961,8,29896,23301,234016
961,9,29548,23005,244162
961,10,31504,16787,245053
961,11,27327,23626,234329
961,12,30513,20673,244282
962,1,42182,21147,87303
962,2,43763,26177,89437
962,3,41991,22819,90978
962,4,42493,20273,80569
962,5,38522,21799,86176
962,6,40944,25327,82789
962,7,43839,21940,83614
962,8,38367,25639,78595
962,9,39665,24982,82208
962,10,38107,23914,83289
962,11,42000,20127,87126
962,12,37162,19321,95682
963,1,210390,114594,432323
963,2,198663,129166,429363
963,3,214662,122877,427213
963,4,195028,118780,441509
963,5,181081,102021,439456
963,6,218672,111036,427529
963,7,207963,120410,429341
963,8,201979,98490,432755
963,9,203398,102421,435390
963,10,209896,121042,441549
963,11,204800,109897,439625
963,12,212691,106412,437660
964,1,48885,36308,280262
964,2,46846,38769,278923
964,3,49121,31331,278541
964,4,47182,36889,270043
964,5,51054,34467,280683
964,6,53890,27751,273919
964,7,50081,28650,276621
964,8,48160,37469,287489
964,9,50102,33921,282863
964,10,47854,28043,282194
964,11,47354,29484,271147
964,12,47143,38442,286434
965,1,37339,13470,248164
965,2,36194,12236,249725
965,3,42430,12802,252425
965,4,39037,12736,253810
965,5,36708,15327,249045
965,6,41595,15295,242505
965,7,41641,17735,243281
965,8,36132,13888,257143
965,9,38766,12494,258721
965,10,41505,12772,245393
965,11,38542,12701,242213
965,12,43389,16363,245966
966,1,54539,21972,202019
966,2,50714,21461,203559
966,3,51584,24279,202134
966,4,52067,17544,205973
966,5,52297,22883,198999
966,6,48650,21549,196876
966,7,47714,23990,194672
966,8,46666,23895,202723
966,9,54252,23835,187387
966,10,49404,24059,189718
966,11,45758,18740,205498
966,12,53512,25351,202797
967,1,147400,57131,457439
967,2,153814,60748,461534
967,3,151869,49330,464601
967,4,150605,53598,454200
967,5,153291,46462,461228
967,6,158588,62803,463612
967,7,164937,46704,469387
967,8,137168,65473,458025
967,9,135804,53042,454047
967,10,150036,66788,453537
967,11,154661,50862,452104
967,12,164232,65871,454041
968,1,145435,108877,737956
968,2,147960,77630,730059
968,3,162347,77827,718413
968,4,151158,77006,728675
968,5,162857,104046,726318
968,6,155593,91095,737295
968,7,144654,83731,720482
968,8,156790,88377,720391
968,9,160358,92940,723892
968,10,138174,82198,726003
968,11,148583,75501,733159
968,12,141060,106320,718270
969,1,46381,16105,267511
969,2,47346,14946,273216
969,3,47828,19376,269781
969,4,47076,21864,259797
969,5,52000,16950,274738
969,6,50698,18952,266782
969,7,54534,20208,266618
969,8,46799,15869,258686
969,9,45830,18454,265414
969,10,54884,19895,266333
969,11,54056,20440,263432
969,12,45547,16951,277573
970,1,94352,45940,804888
970,2,108285,40861,803509
970,3,108985,44076,805374
970,4,109205,49266,806151
970,5,98904,47871,791421
970,6,102037,42862,795981
970,7,107742,47672,799411
970,8,92815,49582,803286
970,9,105172,49440,803928
970,10,96210,43823,793115
970,11,93217,54206,795365
970,12,103583,55335,797215
971,1,48001,29341,327270
971,2,51366,40806,335063
971,3,49074,37057,340900
971,4,46280,28399,343315
971,5,49206,34097,328575
971,6,50380,37178,326290
971,7,45281,29404,328597
971,8,45225,30699,329931
971,9,50513,30758,335058
971,10,51679,34892,329993
971,11,53047,39573,329942
971,12,48735,33669,343737
972,1,68150,35236,356810
972,2,68671,45351,362966
972,3,66537,34615,359144
972,4,66537,35869,352338
972,5,76940,47143,361130
972,6,72039,37009,360377
972,7,66501,34800,359984
972,8,64119,40792,350787
972,9,65727,40756,348537
972,10,70975,43666,359592
972,11,74422,39612,359187
972,12,69379,33732,358310
973,1,97930,50256,396376
973,2,108682,42681,409407
973,3,103499,39802,395209
973,4,94748,44673,401306
973,5,93382,45939,404077
973,6,100439,51709,391206
973,7,104842,36311,397934
973,8,102462,42142,401903
973,9,95721,40932,396862
973,10,105704,37799,397094
973,11,108273,35791,391412
973,12,107105,45568,401627
974,1,32246,23592,155426
974,2,28693,20654,149005
974,3,32042,19597,151411
974,4,32509,20903,148553
974,5,31066,19377,147148
974,6,32381,22347,154704
974,7,28978,22665,153755
974,8,31568,21400,140784
974,9,29723,25302,145198
974,10,28803,18844,141045
974,11,29548,17699,152651
974,12,29805,18816,137053
975,1,182482,108434,560931
975,2,180823,123057,557851
975,3,209086,120951,558051
975,4,181915,127653,563747
975,5,215249,124746,571965
975,6,210690,113857,555019
975,7,182024,130094,557486
975,8,189445,111351,558084
975,9,184564,124528,564685
975,10,195771,139564,560704
975,11,181281,106410,558632
975,12,215185,104671,571431
976,1,164743,68031,581159
976,2,148845,61589,568278
976,3,152409,58532,569742
976,4,143324,64569,580888
976,5,144462,52290,565914
976,6,147352,67212,569598
976,7,150262,64215,567524
976,8,139296,53192,571534
976,9,147710,60845,568195
976,10,150717,63439,572731
976,11,161665,53922,583762
976,12,143128,68405,566722
977,1,51016,26860,318392
977,2,52003,26860,329858
977,3,48384,28920,333365
977,4,49549,26177,324637
977,5,46087,23743,316099
977,6,53226,30857,320494
977,7,49633,31077,317054
977,8,46273,34113,327205
977,9,49261,30186,322014
977,10,52155,33162,329624
977,11,48103,33546,332557
977,12,51035,32510,321286
978,1,149817,59571,960753
978,2,142595,64417,957067
978,3,155152,58013,949598
978,4,158074,63404,944209
978,5,154430,68450,943326
978,6,151076,66926,955167
978,7,159102,60825,947892
978,8,140741,60961,952972
978,9,159141,74267,952129
978,10,160164,71330,947321
978,11,139861,52828,946653
978,12,135229,57561,950131
979,1,54772,33186,165987
979,2,48025,41738,169022
979,3,51258,28742,169702
979,4,52893,34938,178853
979,5,48522,35169,172899
979,6,53925,41139,160099
979,7,51773,36421,166524
979,8,46287,32806,169694
979,9,50997,38758,172225
979,10,46188,33427,172356
979,11,51407,37241,169395
979,12,45407,30454,179272
980,1,92724,33876,726092
980,2,94832,37391,743472
980,3,94110,36781,726150
980,4,106146,33671,730350
980,5,99231,40451,727340
980,6,105976,31656,740004
980,7,95454,31227,740519
980,8,109858,41735,740469
980,9,99654,36143,736284
980,10,95740,35843,736972
980,11,93436,31060,732180
980,12,108842,41313,741313
981,1,47792,32443,354864
981,2,53100,26966,351237
981,3,46032,33527,352808
981,4,49682,30838,351547
981,5,46897,24800,350476
981,6,54128,27537,350986
981,7,45892,33063,365390
981,8,49888,29452,366751
981,9,53276,31779,355246
981,10,51435,27056,354729
981,11,52646,33046,357451
981,12,47385,24400,361328
982,1,29827,12382,105964
982,2,27414,14563,98510
982,3,31229,14934,99713
982,4,31547,15318,92335
982,5,30708,13319,99895
982,6,32151,14852,95941
982,7,29018,14981,103151
982,8,27085,12223,97256
982,9,27425,14384,96928
982,10,28909,15602,109633
982,11,32097,15943,92775
982,12,32654,12943,95625
983,1,99970,65305,598358
983,2,96876,54921,602973
983,3,109715,69182,601799
983,4,97351,62817,597190
983,5,101492,65115,596786
983,6,91724,61417,595927
983,7,102306,56145,595502
983,8,109480,69252,590508
983,9,107705,71687,600939
983,10,92250,69074,605470
983,11,100571,53996,602019
983,12,101538,62967,603962
984,1,197473,148897,740858
984,2,205246,150259,741528
984,3,182210,109117,728851
984,4,209589,107655,732413
984,5,200935,119955,741568
984,6,193188,108180,728895
984,7,208355,107573,729703
984,8,209919,136475,730547
984,9,188363,108268,744336
984,10,199030,136740,726859
984,11,181186,103844,732989
984,12,188692,121824,727730
985,1,29018,8745,176617
985,2,30360,11355,169847
985,3,29733,8493,172392
985,4,27406,10020,172113
985,5,32558,10945,173414
985,6,28242,9509,172779
985,7,30692,10306,175697
985,8,32339,11969,174851
985,9,28806,9385,165849
985,10,27954,11040,164519
985,11,28439,8702,166042
985,12,27032,9782,180039
986,1,49384,19665,358607
986,2,46878,18603,361122
986,3,47836,19340,359667
986,4,54809,22091,357429
986,5,50594,18228,361415
986,6,52509,17222,362485
986,7,54587,16392,354924
986,8,48002,21439,355039
986,9,49583,15896,370132
986,10,54681,20269,358861
986,11,51661,21180,355797
986,12,48308,19026,368473
987,1,185730,118413,720139
987,2,202953,124600,720822
987,3,189177,129324,720424
987,4,213703,126472,727318
987,5,212381,104712,735245
987,6,197996,126127,733272
987,7,198623,115020,728233
987,8,192599,101360,721042
987,9,204172,105745,723329
987,10,215618,127393,736600
987,11,193585,117172,735566
987,12,217111,139847,724274
988,1,54086,28940,339001
988,2,45528,27998,354070
988,3,50372,24844,356418
988,4,53277,29652,352866
988,5,54105,23313,347385
988,6,48094,23663,348842
988,7,45165,23120,340260
988,8,47370,26621,349219
988,9,53190,28389,354975
988,10,49578,25189,355708
988,11,48990,24919,355210
988,12,50650,27289,356904
989,1,27546,9730,142041
989,2,27172,10625,137353
989,3,31529,11619,134317
989,4,32970,13382,142455
989,5,30138,10562,141237
989,6,28448,9945,125180
989,7,28601,10604,132026
989,8,30906,10239,136808
989,9,32569,12792,144056
989,10,28657,10567,134317
989,11,30777,10916,144104
989,12,32047,10353,140723
990,1,181000,146567,608290
990,2,204244,163563,596582
990,3,217589,166602,592576
990,4,201248,167810,611023
990,5,210315,162044,606305
990,6,200937,135640,603349
990,7,200499,153017,611867
990,8,219000,138568,601871
990,9,212402,123547,605236
990,10,206472,165408,610726
990,11,196772,145800,598489
990,12,189301,141329,601681
991,1,200542,112375,1088256
991,2,193401,128933,1089523
991,3,201025,136090,1077064
991,4,195099,103595,1079800
991,5,208535,123540,1090981
991,6,191130,120519,1084821
991,7,183662,111955,1085023
991,8,206436,136542,1084776
991,9,195965,97119,1081801
991,10,194460,127346,1081687
991,11,215216,117031,1091629
991,12,183753,119391,1088101
992,1,98806,51764,483990
992,2,91824,52145,490282
992,3,92139,52690,494644
992,4,109038,52265,491683
992,5,100214,40511,487546
992,6,109366,42359,485696
992,7,103266,41771,489711
992,8,91787,37245,499343
992,9,105172,43431,495067
992,10,108117,47077,494962
992,11,107012,36295,488474
992,12,90076,50584,489897
993,1,31922,19907,240212
993,2,27433,16012,233929
993,3,29319,18090,239309
993,4,32049,17858,223278
993,5,32862,18528,234121
993,6,28799,22683,234222
993,7,28988,18155,233624
993,8,32608,17595,236243
993,9,31676,18369,233749
993,10,29529,16544,231999
993,11,29115,19913,230695
993,12,30782,20979,239283
994,1,45198,19862,250581
994,2,53060,26598,241209
994,3,46502,27085,251336
994,4,48753,19900,234117
994,5,48802,21749,249699
994,6,53577,26388,248950
994,7,51042,26264,246809
994,8,47668,26072,235121
994,9,50749,21357,235354
994,10,48758,27485,239463
994,11,46174,27322,240793
994,12,46520,23659,241474
995,1,143942,101521,990130
995,2,163520,87895,1005341
995,3,137491,109457,989330
995,4,135786,100378,999424
995,5,151332,97611,995804
995,6,151037,81791,994052
995,7,141308,111359,990605
995,8,137215,111631,1006220
995,9,147036,84629,991235
995,10,136444,103839,993768
995,11,139903,104364,1000900
995,12,162152,112169,1004197
996,1,52415,24123,263399
996,2,53884,24310,259559
996,3,51925,26391,261869
996,4,51255,26928,251434
996,5,54689,33199,263568
996,6,53226,22973,262302
996,7,48301,27638,260658
996,8,49050,25970,254825
996,9,52944,28070,254481
996,10,45588,33097,262218
996,11,49477,30610,251900
996,12,46933,28749,266757
997,1,107280,67193,388973
997,2,94527,65960,377375
997,3,103978,78463,378938
997,4,96197,75499,389748
997,5,103220,78476,378731
997,6,91728,58523,380242
997,7,106704,78974,379002
997,8,90235,60073,378272
997,9,101406,55842,384203
997,10,93038,75965,374895
997,11,96932,67923,388559
997,12,93185,65125,383488
998,1,139361,60097,416491
998,2,163665,63419,404190
998,3,154508,71015,402641
998,4,146209,62849,402779
998,5,138721,62444,403658
998,6,160269,60972,408325
998,7,151334,59168,408432
998,8,140210,62482,414404
998,9,164272,58333,407350
998,10,152927,68862,418244
998,11,135272,65080,408159
998,12,136027,48819,411478
999,1,155845,56137,414893
999,2,140040,73130,422793
999,3,135060,62284,411414
999,4,148104,58099,425117
999,5,154397,68726,423621
999,6,150931,55080,419678
999,7,158812,62338,418684
999,8,161587,52723,417576
999,9,147531,51604,418986
999,10,160689,68069,417861
999,11,137709,72152,412864
999,12,153209,68447,425703
1000,1,107742,32636,639246
1000,2,96029,36047,643504
1000,3,96673,36489,634282
1000,4,97631,43356,629774
1000,5,105884,42886,641227
1000,6,108897,43129,643036
1000,7,106589,42169,628175
1000,8,102283,34532,639454
1000,9,90274,35926,629635
1000,10,98098,42935,642408
1000,11,105809,40738,642575
1000,12,97418,30482,625150
